;;;Semilleros y ensayos por región y especie temporada 2015-2016;;;;
;;;(Datos actualizados al 21 de Enero del 2016);;;;
;;;;;;;
;;;;;;;
;;;;;;;
;;;;;;;
;;;;;;;
Sub Tipo;Región;Comuna;Oficina SAG;Localidad;Especie;Nº Potreros;Sup. Insc
CORRIENTE OVM;V;NOGALES;OFICINA QUILLOTA;NOGALES;TOMATE;1;0,064
CORRIENTE OVM;V;NOGALES;OFICINA QUILLOTA;NOGALES;TOMATE;1;0,021
CORRIENTE OVM;V;NOGALES;OFICINA QUILLOTA;NOGALES;TOMATE;1;0,03
ENSAYO OVM;XIII;PIRQUE;OFICINA MAIPO;PIRQUE;CARTAMO;1;0,4
ENSAYO OVM;XIII;PIRQUE;OFICINA MAIPO;PIRQUE;CARTAMO;1;1
ENSAYO OVM;VI;RENGO;OFICINA RANCAGUA;RENGO;RAPS;1;0,792
ENSAYO OVM;VI;PEUMO;OFICINA SAN FERNANDO;PEUMO;RAPS;1;0,158
ENSAYO OVM;XIII;COLINA;OFICINA METROPOLITANA;COLINA;RAPS;1;0,1
ENSAYO OVM;XIII;COLINA;OFICINA METROPOLITANA;COLINA;RAPS;1;0,082
ENSAYO OVM;VI;RENGO;OFICINA RANCAGUA;RENGO;MAÍZ;1;1,44
CERTIFICADA Y OVM;VI;CHIMBARONGO;OFICINA SAN FERNANDO;PEREJIL;MAÍZ;1;8
CERTIFICADA Y OVM;VI;CHIMBARONGO;OFICINA SAN FERNANDO;PEREJIL;MAÍZ;1;4
CERTIFICADA Y OVM;VI;CHIMBARONGO;OFICINA SAN FERNANDO;PEREJIL;MAÍZ;1;16
CERTIFICADA Y OVM;VII;TENO;OFICINA CURICO;EL CISNE;MAÍZ;1;2,5
CORRIENTE OVM;VI;CHIMBARONGO;OFICINA SAN FERNANDO;AYTUE;SOYA;1;3,4
CORRIENTE OVM;VI;CHIMBARONGO;OFICINA SAN FERNANDO;PIDIHUINCO - AYTUE;SOYA;2;1,8
CORRIENTE OVM;VI;CHIMBARONGO;OFICINA SAN FERNANDO;AYTUE;SOYA;1;3,1
CORRIENTE OVM;VI;CHIMBARONGO;OFICINA SAN FERNANDO;PIDIHUINCO;SOYA;1;2
CORRIENTE OVM;VI;CHIMBARONGO;OFICINA SAN FERNANDO;AYTUE;SOYA;1;6,9
CORRIENTE OVM;VI;CHIMBARONGO;OFICINA SAN FERNANDO;PIDIGUINCO;SOYA;2;20,7
CORRIENTE OVM;VI;CHIMBARONGO;OFICINA SAN FERNANDO;CODEGUA;SOYA;1;17,2
CORRIENTE OVM;VI;CHIMBARONGO;OFICINA SAN FERNANDO;PIDIGUINCO;SOYA;1;3,5
CORRIENTE OVM;VI;CHIMBARONGO;OFICINA SAN FERNANDO;CODEGUA;SOYA;1;4,7
CORRIENTE OVM;VI;CHIMBARONGO;OFICINA SAN FERNANDO;CHIMBARONGO;SOYA;2;7,2
CORRIENTE OVM;VI;CHIMBARONGO;OFICINA SAN FERNANDO;LA CHIPANA;SOYA;2;22,3
CORRIENTE OVM;VI;CHIMBARONGO;OFICINA SAN FERNANDO;LA CHIPANA;SOYA;2;3,5
CORRIENTE OVM;VI;CHIMBARONGO;OFICINA SAN FERNANDO;LA CHIPANA;SOYA;2;3,5
CORRIENTE OVM;VI;CHIMBARONGO;OFICINA SAN FERNANDO;LA CHIPANA;SOYA;1;11,9
CORRIENTE OVM;VI;CHIMBARONGO;OFICINA SAN FERNANDO;LA CHIPANA;SOYA;2;4
CORRIENTE OVM;VI;CHIMBARONGO;OFICINA SAN FERNANDO;LA CHIPANA;SOYA;1;9
CORRIENTE OVM;VI;CHIMBARONGO;OFICINA SAN FERNANDO;CHIMBARONGO;SOYA;1;9,8
CORRIENTE OVM;VI;CHIMBARONGO;OFICINA SAN FERNANDO;CHIMBARONGO;SOYA;1;6
CORRIENTE OVM;VI;CHIMBARONGO;OFICINA SAN FERNANDO;CHIMBARONGO;SOYA;1;3
CORRIENTE OVM;VI;CHIMBARONGO;OFICINA SAN FERNANDO;LA PLATINA;SOYA;1;4,6
CORRIENTE OVM;VI;CHIMBARONGO;OFICINA SAN FERNANDO;LA PLATINA;SOYA;1;4,3
CORRIENTE OVM;VI;CHIMBARONGO;OFICINA SAN FERNANDO;LA PLATINA;SOYA;2;10,1
CORRIENTE OVM;VI;CHIMBARONGO;OFICINA SAN FERNANDO;LA PLATINA;SOYA;1;10,2
CORRIENTE OVM;VI;CHIMBARONGO;OFICINA SAN FERNANDO;LA PLATINA;SOYA;1;6,5
CORRIENTE OVM;VI;PUMANQUE;OFICINA SAN FERNANDO;PUMANQUE;SOYA;2;15
CORRIENTE OVM;VII;SAN CLEMENTE;OFICINA TALCA;SAN CLEMENTE;SOYA;4;9
CORRIENTE OVM;VII;SAN CLEMENTE;OFICINA TALCA;PUNTA DE DIAMANTE;SOYA;1;8
CORRIENTE OVM;VII;SAN CLEMENTE;OFICINA TALCA;PUNTA DE DIAMANTE;SOYA;3;11,8
CORRIENTE OVM;VII;SAN CLEMENTE;OFICINA TALCA;SN. CLEMENTE;SOYA;2;11,9
CORRIENTE OVM;VII;SAN CLEMENTE;OFICINA TALCA;SN. CLEMENTE;SOYA;2;10
CORRIENTE OVM;VII;SAN CLEMENTE;OFICINA TALCA;SN. CLEMENTE;SOYA;1;3,3
CORRIENTE OVM;VII;SAN CLEMENTE;OFICINA TALCA;EL ALBA;SOYA;1;7,5
CORRIENTE OVM;VII;SAN JAVIER;OFICINA LINARES;LONCOMILLA;SOYA;1;16
CORRIENTE OVM;VII;RETIRO;OFICINA PARRAL;SECTOR MANTUL;SOYA;2;8,3
CORRIENTE OVM;VII;PARRAL;OFICINA PARRAL;MONTEFLOR;SOYA;3;15,6
CERTIFICADA Y OVM;VII;PARRAL;OFICINA PARRAL;MONTEFLOR;SOYA;1;1
CERTIFICADA Y OVM;VII;PARRAL;OFICINA PARRAL;MONTEFLOR;SOYA;1;1
CERTIFICADA Y OVM;VII;PARRAL;OFICINA PARRAL;MONTEFLOR;SOYA;1;1
CERTIFICADA Y OVM;VII;PARRAL;OFICINA PARRAL;MONTEFLOR;SOYA;3;8,6
CERTIFICADA Y OVM;VIII;MULCHÉN;OFICINA MULCHEN;MULCHEN;RAPS;1;58
CERTIFICADA Y OVM;VIII;BULNES;OFICINA BULNES;SANTA CLARA;RAPS;1;13
CERTIFICADA Y OVM;VIII;SAN CARLOS;OFICINA SAN CARLOS;CACHAPOAL;RAPS;1;13
CERTIFICADA Y OVM;VIII;LOS ANGELES;OFICINA LOS ANGELES;DUQUECO;RAPS;1;30
CERTIFICADA Y OVM;VIII;LOS ANGELES;OFICINA LOS ANGELES;PEDREGAL;RAPS;1;60
CERTIFICADA Y OVM;VIII;LOS ANGELES;OFICINA LOS ANGELES;DUQUECO;RAPS;1;10
CERTIFICADA Y OVM;VIII;LOS ANGELES;OFICINA LOS ANGELES;PEDREGAL;RAPS;1;22
CERTIFICADA Y OVM;VIII;COIHUECO;OFICINA CHILLAN;CATO;RAPS;1;57
CERTIFICADA Y OVM;VIII;SAN NICOLAS;OFICINA SAN CARLOS;SANTA ANA;RAPS;1;24
CERTIFICADA Y OVM;VIII;COIHUECO;OFICINA CHILLAN;CATO;RAPS;1;18
CERTIFICADA Y OVM;VIII;SAN CARLOS;OFICINA SAN CARLOS;SAN CARLOS;RAPS;1;25
CERTIFICADA Y OVM;VIII;BULNES;OFICINA BULNES;LOS MAITENES;RAPS;2;18
CERTIFICADA Y OVM;IX;RENAICO;OFICINA ANGOL;RENAICO;RAPS;1;37
CERTIFICADA Y OVM;IX;RENAICO;OFICINA ANGOL;RENAICO;RAPS;1;7
CERTIFICADA Y OVM;VIII;LOS ANGELES;OFICINA LOS ANGELES;PEDREGAL;RAPS;1;10
CERTIFICADA Y OVM;VIII;PEMUCO;OFICINA BULNES;PEMUCO;RAPS;1;40
CERTIFICADA Y OVM;VIII;LOS ANGELES;OFICINA LOS ANGELES;CAMINON A ANTUCO;RAPS;1;30
CERTIFICADA Y OVM;VIII;EL CARMEN;OFICINA BULNES;PUENTE URRUTIA;RAPS;2;38,6
CERTIFICADA Y OVM;VIII;EL CARMEN;OFICINA BULNES;CALLE ALEGRE;RAPS;1;38,76
CERTIFICADA Y OVM;VIII;BULNES;OFICINA BULNES;TRES ESQUINAS;RAPS;1;20
CERTIFICADA Y OVM;VIII;LOS ANGELES;OFICINA LOS ANGELES;SALTO DEL LAJA;RAPS;2;23
CERTIFICADA Y OVM;VIII;LOS ANGELES;OFICINA LOS ANGELES;SALTO DEL LAJA;RAPS;1;12
CERTIFICADA Y OVM;VIII;LOS ANGELES;OFICINA LOS ANGELES;SALTO DEL LAJA;RAPS;1;13
CERTIFICADA Y OVM;VIII;LOS ANGELES;OFICINA LOS ANGELES;SALTO DEL LAJA;RAPS;1;18
CERTIFICADA Y OVM;VIII;CHILLAN VIEJO;OFICINA CHILLAN;CASERIO MAULE;RAPS;1;10
CERTIFICADA Y OVM;VII;PARRAL;OFICINA PARRAL;PARRAL;RAPS;1;40
CERTIFICADA Y OVM;VIII;BULNES;OFICINA BULNES;BULNES;RAPS;1;40
CERTIFICADA Y OVM;VIII;BULNES;OFICINA BULNES;TRES ESQUINAS;RAPS;1;30
CERTIFICADA Y OVM;VIII;SAN CARLOS;OFICINA SAN CARLOS;SAN CARLOS;RAPS;1;90
CERTIFICADA Y OVM;VIII;SAN NICOLAS;OFICINA SAN CARLOS;EL MANZANO;RAPS;1;20
CERTIFICADA Y OVM;VIII;SAN NICOLAS;OFICINA SAN CARLOS;EL MANZANO;RAPS;1;40
CERTIFICADA Y OVM;VIII;BULNES;OFICINA BULNES;LOA ALAMOS;RAPS;1;60
CORRIENTE OVM;VIII;CHILLAN;OFICINA CHILLAN;CHILLAN;RAPS;1;1
CORRIENTE OVM;VIII;COIHUECO;OFICINA CHILLAN;PASO ALEJO;RAPS;1;1
CERTIFICADA Y OVM;VIII;BULNES;OFICINA BULNES;SANTA CLARA;RAPS;1;22
CERTIFICADA Y OVM;VIII;BULNES;OFICINA BULNES;SANTA CLARA;RAPS;1;22
CORRIENTE OVM;VIII;YUNGAY;OFICINA BULNES;LAS VEGAS;RAPS;1;1
CORRIENTE OVM;VIII;YUNGAY;OFICINA BULNES;LAS VEGAS;RAPS;1;1
CERTIFICADA Y OVM;VIII;BULNES;OFICINA BULNES;BULNES;RAPS;1;40
CORRIENTE OVM;VIII;BULNES;OFICINA BULNES;LOS TILOS;SOYA;1;4
CORRIENTE OVM;VIII;BULNES;OFICINA BULNES;LOS TILOS;SOYA;1;4
CORRIENTE OVM;VIII;BULNES;OFICINA BULNES;LOS TILOS;SOYA;1;4
CORRIENTE OVM;VIII;BULNES;OFICINA BULNES;LOS TILOS;SOYA;1;4
CORRIENTE OVM;VIII;EL CARMEN;OFICINA BULNES;PUENTE URRUTIA;SOYA;1;17
ENSAYO OVM;VIII;BULNES;OFICINA BULNES;LOS TILOS;RAPS;1;0,06
CORRIENTE OVM;VIII;BULNES;OFICINA BULNES;LOS TILOS;SOYA;1;4
CORRIENTE OVM;VIII;BULNES;OFICINA BULNES;LOS TILOS;SOYA;1;4
CORRIENTE OVM;VIII;BULNES;OFICINA BULNES;LOS TILOS;SOYA;1;4
CORRIENTE OVM;VIII;BULNES;OFICINA BULNES;LOS TILOS;SOYA;1;4
CORRIENTE OVM;VIII;BULNES;OFICINA BULNES;LOS TILOS;SOYA;1;4
CORRIENTE OVM;VIII;BULNES;OFICINA BULNES;LOS TILOS;SOYA;1;4
CORRIENTE OVM;VIII;BULNES;OFICINA BULNES;LOS TILOS;SOYA;1;4
CORRIENTE OVM;VIII;BULNES;OFICINA BULNES;LOS TILOS;SOYA;1;4
CERTIFICADA Y OVM;VIII;BULNES;OFICINA BULNES;LOS TILOS;SOYA;1;2
CORRIENTE OVM;VIII;BULNES;OFICINA BULNES;LOS TILOS;SOYA;1;2
ENSAYO OVM;IX;PADRE LAS CASAS;OFICINA TEMUCO;MAQUEHUE;RAPS;1;0,2
ENSAYO OVM;IX;FREIRE;OFICINA TEMUCO;RUTA FREIRE BARROS ARANA;RAPS;2;0,52
ENSAYO OVM;IX;PITRUFQUÉN;OFICINA VILLARRICA;SEGUNDA FAJA BORNAND;RAPS;2;0,45
ENSAYO OVM;IX;PADRE LAS CASAS;OFICINA TEMUCO;SECTOR PULIL;RAPS;1;1,2
ENSAYO OVM;IX;PADRE LAS CASAS;OFICINA TEMUCO;CAMINO SANTA ROSA;RAPS;2;0,6
ENSAYO OVM;IX;IMPERIAL;OFICINA NUEVA IMPERIAL;SECTOR ENTRE RIOS;RAPS;1;0,008
ENSAYO OVM;IX;PITRUFQUÉN;OFICINA VILLARRICA;SEGUNDA FAJA PETRENCO;RAPS;2;0,61
ENSAYO OVM;IX;PITRUFQUÉN;OFICINA VILLARRICA;SEGUNDA FAJA BORNAND;RAPS;1;0,2
ENSAYO OVM;IX;PADRE LAS CASAS;OFICINA TEMUCO;CAMINO SANTA ROSA;RAPS;1;0,005
CERTIFICADA Y OVM;VII;YERBAS BUENAS;OFICINA LINARES;LINARES;MAÍZ;1;1,84
CERTIFICADA Y OVM;VII;COLBUN;OFICINA LINARES;COLBUN;MAÍZ;1;3,09
CERTIFICADA Y OVM;VII;SAN CLEMENTE;OFICINA TALCA;PEUMO NEGRO;MAÍZ;1;1,37
CERTIFICADA Y OVM;VII;COLBUN;OFICINA LINARES;COLBUN;MAÍZ;1;1,35
CERTIFICADA Y OVM;VII;SAN CLEMENTE;OFICINA TALCA;PEUMO NEGRO;MAÍZ;1;1,36
CERTIFICADA Y OVM;VII;COLBUN;OFICINA LINARES;SEMILLERO;MAÍZ;1;5,7
CERTIFICADA Y OVM;VII;TALCA;OFICINA TALCA;TALCA;MAÍZ;1;1
ENSAYO OVM;VI;CODEGUA;OFICINA RANCAGUA;CODEGUA;SOYA;1;1,5
CERTIFICADA Y OVM;VII;LONGAVÍ;OFICINA LINARES;PAIHUEN;RAPS;3;17,9
CERTIFICADA Y OVM;VII;COLBUN;OFICINA LINARES;COLBUN;RAPS;1;15,5
CERTIFICADA Y OVM;VII;COLBUN;OFICINA LINARES;SAN JOSE COLBUN;RAPS;1;7,2
CERTIFICADA Y OVM;VII;COLBUN;OFICINA LINARES;RABONES;RAPS;1;36
CORRIENTE OVM;VII;LINARES;OFICINA LINARES;SAN ANTONIO ENCINA;RAPS;1;2
CORRIENTE OVM;VII;LINARES;OFICINA LINARES;VARA GRUESA;RAPS;1;1,9
CORRIENTE OVM;VII;YERBAS BUENAS;OFICINA LINARES;YERBAS BUENAS;RAPS;1;2
ENSAYO OVM;VII;COLBUN;OFICINA LINARES;RABONES;MAÍZ;1;0,045
ENSAYO OVM;VII;COLBUN;OFICINA LINARES;RABONES;MAÍZ;1;0,045
ENSAYO OVM;VII;LONGAVÍ;OFICINA LINARES;MIRAFLORES;MAÍZ;1;0,05
ENSAYO OVM;VII;LONGAVÍ;OFICINA LINARES;MIRAFLORES;MAÍZ;1;0,05
ENSAYO OVM;IX;FREIRE;OFICINA TEMUCO;MILLELCHE;RAPS;1;0,1
ENSAYO OVM;IX;VILCÚN;OFICINA TEMUCO;VILCUN;RAPS;1;3,2
ENSAYO OVM;IX;VILCÚN;OFICINA TEMUCO;VILCUN;RAPS;1;1,2
ENSAYO OVM;IX;FREIRE;OFICINA TEMUCO;QUEPE;RAPS;1;1,5
ENSAYO OVM;IX;FREIRE;OFICINA TEMUCO;MILLELCHE;RAPS;1;2,3
ENSAYO OVM;IX;PITRUFQUÉN;OFICINA VILLARRICA;PITRUFQUEN;RAPS;1;2
ENSAYO OVM;IX;VILCÚN;OFICINA TEMUCO;VILCUN;RAPS;1;1,6
ENSAYO OVM;IX;FREIRE;OFICINA TEMUCO;PELALES;RAPS;1;1,5
ENSAYO OVM;XIII;BUIN;OFICINA RANCAGUA;SECTOR LOS GUINDOS;RAPS;1;1,6
CORRIENTE OVM;VIII;LOS ANGELES;OFICINA LOS ANGELES;CHACAYAL SUR;RAPS;1;25
CERTIFICADA Y OVM;VIII;SANTA BARBARA;OFICINA MULCHEN;LOS BOLDOS;RAPS;1;33
CERTIFICADA Y OVM;VIII;YUNGAY;OFICINA BULNES;DAÑICALQUI;RAPS;2;42
CERTIFICADA Y OVM;VIII;CABRERO;OFICINA LOS ANGELES;CHILLANCITO;RAPS;1;4,5
CERTIFICADA Y OVM;VII;PARRAL;OFICINA PARRAL;PERQUILAUQUÉN;RAPS;1;25
CERTIFICADA Y OVM;VIII;CABRERO;OFICINA LOS ANGELES;CHILLANCITO;RAPS;1;11
CERTIFICADA Y OVM;VIII;CABRERO;OFICINA LOS ANGELES;CHILLANCITO;RAPS;1;4,5
CERTIFICADA Y OVM;IX;CHOL CHOL;OFICINA NUEVA IMPERIAL;COMPINCHE;RAPS;1;1
ENSAYO OVM;IX;CHOL CHOL;OFICINA NUEVA IMPERIAL;LAUNACHE;RAPS;1;1,3
CERTIFICADA Y OVM;IX;TEMUCO;OFICINA TEMUCO;CONOCO GRANDE;RAPS;1;0,1
ENSAYO OVM;IX;TEMUCO;OFICINA TEMUCO;CONOCO GRANDE;RAPS;1;0,4
ENSAYO OVM;IX;CHOL CHOL;OFICINA NUEVA IMPERIAL;EL COIGUE;RAPS;1;1,25
ENSAYO OVM;IX;CHOL CHOL;OFICINA NUEVA IMPERIAL;REPUCURA CENTRAL;RAPS;1;1
ENSAYO OVM;IX;CHOL CHOL;OFICINA NUEVA IMPERIAL;REPUCURA CENTRAL;RAPS;1;1,1
ENSAYO OVM;IX;TOLTÉN;OFICINA NUEVA IMPERIAL;SAN ROQUE;RAPS;1;0,02
CERTIFICADA Y OVM;VII;RETIRO;OFICINA PARRAL;SAN RAMON;RAPS;2;21,5
CERTIFICADA Y OVM;VII;PARRAL;OFICINA PARRAL;PERQUILAUQUÉN;RAPS;1;30
CERTIFICADA Y OVM;IX;TEODORO SCHMIDT;OFICINA NUEVA IMPERIAL;PUNTA RIEL;RAPS;1;0,33
CERTIFICADA Y OVM;IX;CHOL CHOL;OFICINA NUEVA IMPERIAL;HUITRAMALAL;RAPS;1;0,25
ENSAYO OVM;IX;CHOL CHOL;OFICINA NUEVA IMPERIAL;LAUNACHE;RAPS;1;1,15
ENSAYO OVM;VIII;SAN CARLOS;OFICINA SAN CARLOS;GAONA;RAPS;1;7,4
CERTIFICADA Y OVM;VII;PARRAL;OFICINA PARRAL;BUEN RECUERDO;RAPS;1;30
CERTIFICADA Y OVM;VII;VILLA ALEGRE;OFICINA LINARES;MARIMAURA;RAPS;1;49
ENSAYO OVM;IX;PURÉN;OFICINA ANGOL;BOYECO;RAPS;1;3,11
ENSAYO OVM;IX;LUMACO;OFICINA ANGOL;RANQUILCO;RAPS;1;2,32
ENSAYO OVM;IX;CARAHUE;OFICINA NUEVA IMPERIAL;EL ALMA;RAPS;1;0,2
ENSAYO OVM;VIII;CHILLAN;OFICINA CHILLAN;SECTOR CATO;RAPS;1;0,67
ENSAYO OVM;VIII;SAN CARLOS;OFICINA SAN CARLOS;SAN CAMILO;RAPS;1;2
ENSAYO OVM;VIII;SAN CARLOS;OFICINA SAN CARLOS;LAS DUMAS;RAPS;1;2
ENSAYO OVM;VIII;SAN CARLOS;OFICINA SAN CARLOS;LAS DUMAS;RAPS;1;2,8
ENSAYO OVM;VIII;NIQUÉN;OFICINA SAN CARLOS;EL MODELO;RAPS;1;5,5
ENSAYO OVM;VIII;SAN CARLOS;OFICINA SAN CARLOS;NINQUIHUE;RAPS;1;2,7
CERTIFICADA Y OVM;VII;PARRAL;OFICINA PARRAL;PERQUILAUQUÉN;RAPS;1;25
CERTIFICADA Y OVM;VII;RETIRO;OFICINA PARRAL;TORREON;RAPS;1;27
CERTIFICADA Y OVM;VII;PARRAL;OFICINA PARRAL;PERQUILAUQUÉN;RAPS;1;26
CERTIFICADA Y OVM;VII;PARRAL;OFICINA PARRAL;PERQUILAUQUÉN;RAPS;1;18
CERTIFICADA Y OVM;VII;RETIRO;OFICINA PARRAL;PASO HONDO;RAPS;1;31
CERTIFICADA Y OVM;VII;SAN JAVIER;OFICINA LINARES;CALIBORO;RAPS;1;25
CERTIFICADA Y OVM;VII;VILLA ALEGRE;OFICINA LINARES;MARIMAURA;RAPS;1;46
CERTIFICADA Y OVM;VII;VILLA ALEGRE;OFICINA LINARES;MARIMAURA;RAPS;1;39
CERTIFICADA Y OVM;VII;PENCAHUE;OFICINA TALCA;PENCAHUE;RAPS;1;31
ENSAYO OVM;VII;PARRAL;OFICINA PARRAL;BAJO HUENUTIL;RAPS;1;2,5
CERTIFICADA Y OVM;VII;RETIRO;OFICINA PARRAL;VILLASECA;RAPS;1;20
ENSAYO OVM;VII;PARRAL;OFICINA PARRAL;PANTANILLO;RAPS;1;3,5
ENSAYO OVM;VIII;NIQUÉN;OFICINA SAN CARLOS;VIRGUIN;RAPS;1;2,7
ENSAYO OVM;IX;LOS SAUCES;OFICINA ANGOL;TRINTRE;RAPS;1;2
ENSAYO OVM;IX;PURÉN;OFICINA ANGOL;PINGUIDAHUE;RAPS;1;0,16
CERTIFICADA Y OVM;VII;CAUQUENES;OFICINA PARRAL;QUELLA;RAPS;1;28
ENSAYO OVM;VIII;SAN CARLOS;OFICINA SAN CARLOS;SAN MIGUEL DE OLEMU;RAPS;1;5,6
ENSAYO OVM;VIII;NIQUÉN;OFICINA SAN CARLOS;VIRGUIN;RAPS;1;3,2
CERTIFICADA Y OVM;VII;CAUQUENES;OFICINA PARRAL;QUELLA;RAPS;1;54
CERTIFICADA Y OVM;VIII;LOS ANGELES;OFICINA LOS ANGELES;LA MONA;RAPS;1;8
CERTIFICADA Y OVM;VIII;SAN CARLOS;OFICINA SAN CARLOS;LAS GARZAS;RAPS;2;40
ENSAYO OVM;VIII;SAN CARLOS;OFICINA SAN CARLOS;EL ARROYO;RAPS;1;2,4
ENSAYO OVM;IX;TEMUCO;OFICINA TEMUCO;ALTOS DEL MAIPO;RAPS;1;11,3
CERTIFICADA Y OVM;IX;TEMUCO;OFICINA TEMUCO;CONOCO GRANDE;RAPS;1;0,06
ENSAYO OVM;IX;TEMUCO;OFICINA TEMUCO;ALTOS DEL MAIPO;RAPS;1;2,7
CERTIFICADA Y OVM;VII;LONGAVÍ;OFICINA LINARES;MIRAFLORES;MAÍZ;1;0,7
CERTIFICADA Y OVM;VII;LONGAVÍ;OFICINA LINARES;EL TRANSITO;MAÍZ;1;1
CERTIFICADA Y OVM;VII;LONGAVÍ;OFICINA LINARES;MIRAFLORES;MAÍZ;1;1
ENSAYO OVM;VI;CODEGUA;OFICINA RANCAGUA;CODEGUA;MAÍZ;1;0,5
CERTIFICADA Y OVM;VII;LONGAVÍ;OFICINA LINARES;MIRAFLORES;MAÍZ;1;0,3
ENSAYO OVM;VI;CODEGUA;OFICINA RANCAGUA;CODEGUA;MAÍZ;1;0,04
CERTIFICADA Y OVM;VI;CHIMBARONGO;OFICINA SAN FERNANDO;CHIMBARONGO;MAÍZ;2;20,8
CERTIFICADA Y OVM;VI;RANCAGUA;OFICINA RANCAGUA;RANCAGUA;MAÍZ;1;2,8
ENSAYO OVM;VI;SAN FRANCISCO DE MOSTAZAL;OFICINA RANCAGUA;SAN FRANCISCO MOSTAZAL;MAÍZ;1;0,09
ENSAYO OVM;V;SAN ESTEBAN;OFICINA LOS ANDES;SAN MIGUEL;MAÍZ;1;0,5
ENSAYO OVM;V;SANTA MARÍA;OFICINA SAN FELIPE;LAS CADENAS;SOYA;1;0,2
ENSAYO OVM;V;SANTA MARÍA;OFICINA SAN FELIPE;LAS CADENAS;SOYA;1;0,2
ENSAYO OVM;V;SANTA MARÍA;OFICINA SAN FELIPE;LAS CADENAS;MAÍZ;1;6
ENSAYO OVM;V;SAN ESTEBAN;OFICINA LOS ANDES;SAN MIGUEL;MAÍZ;1;4
CORRIENTE OVM;VI;RANCAGUA;OFICINA RANCAGUA;SAN RAMÓN;MAÍZ;1;1,1
CORRIENTE OVM;VI;RANCAGUA;OFICINA RANCAGUA;SAN RAMÓN;MAÍZ;1;0,001
CORRIENTE OVM;VI;RANCAGUA;OFICINA RANCAGUA;SAN RAMÓN;SOYA;1;0,43
CORRIENTE OVM;VI;RANCAGUA;OFICINA RANCAGUA;SANTA ELENA;SOYA;1;1,4
CORRIENTE OVM;VI;RANCAGUA;OFICINA RANCAGUA;SANTA ELENA;SOYA;1;1,8
CORRIENTE OVM;VI;RANCAGUA;OFICINA RANCAGUA;SAN RAMÓN;SOYA;1;0,05
CORRIENTE OVM;VI;RANCAGUA;OFICINA RANCAGUA;SAN RAMÓN;SOYA;1;1,7
CORRIENTE OVM;VI;RANCAGUA;OFICINA RANCAGUA;SAN RAMÓN;SOYA;1;19,5
CORRIENTE OVM;VI;RANCAGUA;OFICINA RANCAGUA;SANTA ELENA;SOYA;1;0,1
CORRIENTE OVM;VI;RANCAGUA;OFICINA RANCAGUA;SANTA ELENA;SOYA;1;3,9
CORRIENTE OVM;VI;RANCAGUA;OFICINA RANCAGUA;SANTA ELENA;SOYA;1;1,2
CORRIENTE OVM;V;LA CRUZ;OFICINA QUILLOTA;QUILLOTA;SOYA;1;11,4
CORRIENTE OVM;VI;RANCAGUA;OFICINA RANCAGUA;SAN RAMÓN;SOYA;1;0,42
CORRIENTE OVM;V;SANTO DOMINGO;OFICINA SAN ANTONIO;BUCALEMU;SOYA;1;0,15
CORRIENTE OVM;V;LA CRUZ;OFICINA QUILLOTA;QUILLOTA;SOYA;1;2,75
CORRIENTE OVM;V;LA CRUZ;OFICINA QUILLOTA;QUILLOTA;SOYA;1;0,25
ENSAYO OVM;XV;ARICA;OFICINA ARICA;ARICA;RAPS;1;0,018
ENSAYO OVM;XV;ARICA;OFICINA ARICA;CALETA VITOR-CHACA;RAPS;1;0,15
CORRIENTE OVM;VI;RANCAGUA;OFICINA RANCAGUA;RANCAGUA;SOYA;1;0,02
CORRIENTE OVM;VI;RANCAGUA;OFICINA RANCAGUA;RANCAGUA;SOYA;1;0,002
CORRIENTE OVM;VI;RANCAGUA;OFICINA RANCAGUA;RANCAGUA;SOYA;1;0,02
CORRIENTE OVM;V;SANTO DOMINGO;OFICINA SAN ANTONIO;BUCALEMU;SOYA;1;0,02
ENSAYO OVM;XIII;MELIPILLA;OFICINA MELIPILLA;POMAIRE;RAPS;1;0,084
ENSAYO OVM;XIII;MELIPILLA;OFICINA MELIPILLA;POPETA;RAPS;1;0,4
ENSAYO OVM;XIII;BUIN;OFICINA MAIPO;LINDEROS;MAÍZ;1;0,17
CERTIFICADA Y OVM;XIII;SAN BERNARDO;OFICINA MAIPO;LA PINTANA;MAÍZ;1;1
CERTIFICADA Y OVM;XIII;SAN BERNARDO;OFICINA MAIPO;LA PINTANA;MAÍZ;1;1
CERTIFICADA Y OVM;XIII;SAN BERNARDO;OFICINA MAIPO;LA PINTANA;MAÍZ;1;1
CERTIFICADA Y OVM;XIII;SAN BERNARDO;OFICINA MAIPO;LA PINTANA;MAÍZ;1;1
CERTIFICADA Y OVM;XIII;BUIN;OFICINA MAIPO;BUIN;MAÍZ;1;6
CERTIFICADA Y OVM;VI;RANCAGUA;OFICINA RANCAGUA;LA CRUZ;MAÍZ;1;10
CERTIFICADA Y OVM;XIII;SAN BERNARDO;OFICINA MAIPO;LA PINTANA;MAÍZ;1;1
CERTIFICADA Y OVM;XIII;LA PINTANA;OFICINA MAIPO;LA PINTANA;MAÍZ;1;0,5
CERTIFICADA Y OVM;XIII;LA PINTANA;OFICINA MAIPO;EL MARISCAL;MAÍZ;1;3
CERTIFICADA Y OVM;XIII;TALAGANTE;OFICINA TALAGANTE;CAMINO LONQUEN /ROTO CHILENO;MAÍZ;1;4
CERTIFICADA Y OVM;XIII;TALAGANTE;OFICINA TALAGANTE;ROTO CHILENO;MAÍZ;1;1,5
CERTIFICADA Y OVM;VI;GRANEROS;OFICINA RANCAGUA;LA COMPAÑIA;MAÍZ;1;39
CERTIFICADA Y OVM;VI;SANTA CRUZ;OFICINA SAN FERNANDO;APALTA;MAÍZ;1;30
CERTIFICADA Y OVM;XIII;SAN BERNARDO;OFICINA MAIPO;LA PINTANA;MAÍZ;1;4
CERTIFICADA Y OVM;VI;CHIMBARONGO;OFICINA SAN FERNANDO;LAS ACACIAS;MAÍZ;1;11
CERTIFICADA Y OVM;XIII;CALERA DE TANGO;OFICINA MAIPO;EL COPIHUE;MAÍZ;1;0,4
CERTIFICADA Y OVM;XIII;CALERA DE TANGO;OFICINA MAIPO;EL COPIHUE;MAÍZ;1;0,4
CERTIFICADA Y OVM;XIII;PAINE;OFICINA MAIPO;PAINE;MAÍZ;1;0,4
CERTIFICADA Y OVM;XIII;SAN BERNARDO;OFICINA MAIPO;LO HERRERA;MAÍZ;1;0,4
CERTIFICADA Y OVM;VII;TENO;OFICINA CURICO;MONTAÑA TENO;MAÍZ;1;2
CERTIFICADA Y OVM;VI;SANTA CRUZ;OFICINA SAN FERNANDO;APALTA;MAÍZ;1;52
CORRIENTE OVM;VI;CHIMBARONGO;OFICINA SAN FERNANDO;CHIMBARONGO;MAÍZ;1;20
ENSAYO OVM;IX;LAUTARO;OFICINA TEMUCO;PILLANLELBUN;RAPS;1;5
CERTIFICADA Y OVM;VII;TENO;OFICINA CURICO;LA MONTAÑA DE TENO;MAÍZ;1;0,4
CERTIFICADA Y OVM;VII;TENO;OFICINA CURICO;LA MONTAÑA DE TENO;MAÍZ;1;2,5
CORRIENTE OVM;VI;CHIMBARONGO;OFICINA SAN FERNANDO;CHIMBARONGO;MAÍZ;1;25
CORRIENTE OVM;VI;CHIMBARONGO;OFICINA SAN FERNANDO;CHIMBARONGO;MAÍZ;1;10
CORRIENTE OVM;VI;CHIMBARONGO;OFICINA SAN FERNANDO;CHIMBARONGO;MAÍZ;1;20
CORRIENTE OVM;VI;CHIMBARONGO;OFICINA SAN FERNANDO;CHIMBARONGO;MAÍZ;1;14
CORRIENTE OVM;VI;CHIMBARONGO;OFICINA SAN FERNANDO;CHIMBARONGO;MAÍZ;1;9,5
CORRIENTE OVM;VI;SANTA CRUZ;OFICINA SAN FERNANDO;SANTA CRUZ;MAÍZ;1;44
CORRIENTE OVM;XIII;SAN BERNARDO;OFICINA MAIPO;LOS MORROS;MAÍZ;1;13
CERTIFICADA Y OVM;XIII;SAN BERNARDO;OFICINA MAIPO;SAN BERNARDO;MAÍZ;1;10
CERTIFICADA Y OVM;XIII;SAN BERNARDO;OFICINA MAIPO;LA PINTANA;MAÍZ;1;95
CORRIENTE OVM;VII;ROMERAL;OFICINA CURICO;ROMERAL;MAÍZ;1;21
CERTIFICADA Y OVM;XIII;SAN BERNARDO;OFICINA MAIPO;LA PINTANA;MAÍZ;1;10
CORRIENTE OVM;XIII;SAN BERNARDO;OFICINA MAIPO;LA PINTANA;MAÍZ;1;30
CERTIFICADA Y OVM;VII;SAN CLEMENTE;OFICINA TALCA;SAN VALERIANO;MAÍZ;1;4
CERTIFICADA Y OVM;VII;SAN CLEMENTE;OFICINA TALCA;SAN VALERIANO;MAÍZ;1;4
CERTIFICADA Y OVM;VI;CODEGUA;OFICINA RANCAGUA;LAS DELICIAS;MAÍZ;1;0,5
CERTIFICADA Y OVM;VI;CODEGUA;OFICINA RANCAGUA;LAS DELICIAS;MAÍZ;1;0,5
CERTIFICADA Y OVM;VI;CODEGUA;OFICINA RANCAGUA;EL CARMEN;MAÍZ;1;0,5
CERTIFICADA Y OVM;XIII;PAINE;OFICINA MAIPO;PAINE;MAÍZ;1;0,4
CERTIFICADA Y OVM;XIII;PAINE;OFICINA MAIPO;PAINE;MAÍZ;1;0,4
CERTIFICADA Y OVM;XIII;PAINE;OFICINA MAIPO;PAINE;MAÍZ;1;0,4
CERTIFICADA Y OVM;XIII;SAN BERNARDO;OFICINA MAIPO;LO HERRERA;MAÍZ;1;0,4
CERTIFICADA Y OVM;XIII;PUENTE ALTO;OFICINA MAIPO;AV. JUANITA;MAÍZ;1;6,5
CERTIFICADA Y OVM;XIII;PUENTE ALTO;OFICINA MAIPO;AV. JUANITA;MAÍZ;1;1,7
CERTIFICADA Y OVM;XIII;LA PINTANA;OFICINA MAIPO;EL MARISCAL;MAÍZ;1;2
CERTIFICADA Y OVM;XIII;CALERA DE TANGO;OFICINA MAIPO;CAMINO LONQUEN;MAÍZ;1;0,5
CERTIFICADA Y OVM;XIII;CALERA DE TANGO;OFICINA MAIPO;LONQUEN;MAÍZ;1;0,5
CERTIFICADA Y OVM;XIII;CALERA DE TANGO;OFICINA METROPOLITANA;CAMINO LONQUEN;MAÍZ;1;1
CORRIENTE OVM;VII;YERBAS BUENAS;OFICINA LINARES;YERBA BUENA;MAÍZ;1;35
CORRIENTE OVM;VII;YERBAS BUENAS;OFICINA LINARES;YERBA BUENA;MAÍZ;1;30
CORRIENTE OVM;VII;SAN CLEMENTE;OFICINA TALCA;SAN CLEMENTE;MAÍZ;1;58
CERTIFICADA Y OVM;VII;TENO;OFICINA CURICO;TENO;MAÍZ;1;26
CERTIFICADA Y OVM;XIII;SAN BERNARDO;OFICINA MAIPO;NOS;MAÍZ;1;4,15
CORRIENTE OVM;VII;SAN CLEMENTE;OFICINA TALCA;SAN CLEMENTE;MAÍZ;1;33
CORRIENTE OVM;VII;PELARCO;OFICINA TALCA;PELARCO;MAÍZ;1;90
CORRIENTE OVM;VII;TENO;OFICINA CURICO;TENO;MAÍZ;1;13
CORRIENTE OVM;VI;CHIMBARONGO;OFICINA SAN FERNANDO;CHIMBARONGO;MAÍZ;1;20
CORRIENTE OVM;VI;CHIMBARONGO;OFICINA SAN FERNANDO;CHIMBARONGO;MAÍZ;2;38
CORRIENTE OVM;VII;TALCA;OFICINA TALCA;TALCA;MAÍZ;1;27
CORRIENTE OVM;VII;PELARCO;OFICINA TALCA;PELARCO;MAÍZ;1;15
CORRIENTE OVM;XIII;SAN BERNARDO;OFICINA MAIPO;LA PINTANA;MAÍZ;1;46
CORRIENTE OVM;VI;SANTA CRUZ;OFICINA SAN FERNANDO;APALTA;MAÍZ;2;34
ENSAYO OVM;VI;GRANEROS;OFICINA RANCAGUA;LA COMPAÑIA;RAPS;1;1,17
CERTIFICADA Y OVM;VII;SAN CLEMENTE;OFICINA TALCA;MARIPOSA;MAÍZ;1;15
CERTIFICADA Y OVM;VII;SAN CLEMENTE;OFICINA TALCA;MARIPOSA;MAÍZ;1;5
ENSAYO OVM;IX;LAUTARO;OFICINA TEMUCO;PILLANLELBUN;SOYA;1;0,1
CERTIFICADA Y OVM;VII;SAN CLEMENTE;OFICINA TALCA;MARIPOSAS;MAÍZ;1;5
CERTIFICADA Y OVM;VII;TALCA;OFICINA TALCA;PURISIMA;MAÍZ;1;1
CERTIFICADA Y OVM;VII;TALCA;OFICINA TALCA;ALTO DE LIRCAY;MAÍZ;1;1
CERTIFICADA Y OVM;VII;TALCA;OFICINA TALCA;ALTO DE LIRCAY;MAÍZ;1;1
CERTIFICADA Y OVM;VII;TENO;OFICINA CURICO;LA MONTAÑA DE TENO;MAÍZ;1;6
CERTIFICADA Y OVM;VII;TENO;OFICINA CURICO;MONTAÑA DE TENO;MAÍZ;1;1,5
CERTIFICADA Y OVM;VII;TENO;OFICINA CURICO;LA MONTAÑA DE TENO;MAÍZ;1;1,5
CERTIFICADA Y OVM;VII;TENO;OFICINA CURICO;LA MONTAÑA DE TENO;MAÍZ;1;2
CERTIFICADA Y OVM;VII;TENO;OFICINA CURICO;LA MONTAÑA DE TENO;MAÍZ;1;0,4
CERTIFICADA Y OVM;VII;TENO;OFICINA CURICO;LA MONTAÑA DE TENO;MAÍZ;1;1
CERTIFICADA Y OVM;VII;TENO;OFICINA CURICO;LA MONTAÑA DE TENO;MAÍZ;1;0,4
CERTIFICADA Y OVM;VII;TENO;OFICINA CURICO;LA MONTAÑA DE TENO;MAÍZ;1;1,2
CERTIFICADA Y OVM;VII;TENO;OFICINA CURICO;MONTAÑA DE TENO;MAÍZ;1;0,5
CERTIFICADA Y OVM;VII;TENO;OFICINA CURICO;LA MONTAÑA DE TENO;MAÍZ;1;0,4
CORRIENTE OVM;VI;CODEGUA;OFICINA RANCAGUA;EL CARMEN;MAÍZ;1;0,5
CERTIFICADA Y OVM;VI;GRANEROS;OFICINA RANCAGUA;EL CARMEN;MAÍZ;1;0,4
CERTIFICADA Y OVM;VI;GRANEROS;OFICINA RANCAGUA;EL CARMEN;MAÍZ;1;0,4
CERTIFICADA Y OVM;XIII;SAN BERNARDO;OFICINA MAIPO;LO HERRERA;MAÍZ;1;0,4
CERTIFICADA Y OVM;XIII;SAN BERNARDO;OFICINA MAIPO;LO HERRERA;MAÍZ;1;0,4
CERTIFICADA Y OVM;XIII;CALERA DE TANGO;OFICINA MAIPO;CAMINO LONQUEN;MAÍZ;1;0,5
CERTIFICADA Y OVM;VII;TENO;OFICINA CURICO;LA MONTAÑA DE TENO;MAÍZ;1;0,4
CERTIFICADA Y OVM;VII;TENO;OFICINA CURICO;LA MONTAÑA DE TENO;MAÍZ;1;0,4
CERTIFICADA Y OVM;VII;TENO;OFICINA CURICO;MONTAÑA TENO;MAÍZ;1;13
CERTIFICADA Y OVM;VI;CODEGUA;OFICINA RANCAGUA;EL CARMEN;MAÍZ;1;6
CERTIFICADA Y OVM;VII;TENO;OFICINA CURICO;LA MONTAÑA DE TENO;MAÍZ;1;1
CORRIENTE OVM;XIII;SAN BERNARDO;OFICINA MAIPO;LA PINTANA;MAÍZ;1;2
CORRIENTE OVM;XIII;CALERA DE TANGO;OFICINA MAIPO;CAMINO LONQUEN;MAÍZ;1;0,5
ENSAYO OVM;IX;LAUTARO;OFICINA TEMUCO;PILLANLELBUN;RAPS;1;0,5
CERTIFICADA Y OVM;XIII;SAN BERNARDO;OFICINA MAIPO;EL RIO;MAÍZ;1;9
CERTIFICADA Y OVM;VII;SAN CLEMENTE;OFICINA TALCA;LA RAYA;MAÍZ;1;3
CERTIFICADA Y OVM;VII;SAN CLEMENTE;OFICINA TALCA;MARIPOSA;MAÍZ;1;3
CERTIFICADA Y OVM;VII;SAN CLEMENTE;OFICINA TALCA;TRES PUERTAS;MAÍZ;1;0,4
CERTIFICADA Y OVM;VII;TENO;OFICINA CURICO;LA MONTAÑA DE TENO;MAÍZ;1;0,8
CERTIFICADA Y OVM;VII;TENO;OFICINA CURICO;LA MONTAÑA DE TENO;MAÍZ;1;0,8
CERTIFICADA Y OVM;XIII;PAINE;OFICINA MAIPO;HUELQUEN;MAÍZ;1;3
CERTIFICADA Y OVM;XIII;CALERA DE TANGO;OFICINA MAIPO;EL COPIHUE;MAÍZ;1;0,5
CERTIFICADA Y OVM;XIII;BUIN;OFICINA MAIPO;BUIN;MAÍZ;1;4
CERTIFICADA Y OVM;XIII;CALERA DE TANGO;OFICINA MAIPO;EL VILLORRIO;MAÍZ;1;2
CERTIFICADA Y OVM;XIII;SAN BERNARDO;OFICINA MAIPO;SAN JOSE DE NOS;MAÍZ;1;0,4
CERTIFICADA Y OVM;XIII;SAN BERNARDO;OFICINA MAIPO;ROMERAL;MAÍZ;1;25
ENSAYO OVM;VI;GRANEROS;OFICINA RANCAGUA;GRANEROS;MAÍZ;9;2,09
CERTIFICADA Y OVM;VII;SAN CLEMENTE;OFICINA TALCA;MARIPOSAS;MAÍZ;1;2,5
CERTIFICADA Y OVM;VII;SAN CLEMENTE;OFICINA TALCA;MARIPOSAS;MAÍZ;1;0,4
CERTIFICADA Y OVM;VII;SAN CLEMENTE;OFICINA TALCA;SAN JOSE;MAÍZ;1;4
CERTIFICADA Y OVM;VII;SAN CLEMENTE;OFICINA TALCA;PEUMO NEGRO;MAÍZ;1;0,4
CERTIFICADA Y OVM;VII;SAN CLEMENTE;OFICINA TALCA;PEUMO NEGRO;MAÍZ;1;0,4
CERTIFICADA Y OVM;VII;SAN CLEMENTE;OFICINA TALCA;SANTA TERESA;MAÍZ;1;4
ENSAYO OVM;VI;GRANEROS;OFICINA RANCAGUA;LA COMPAÑIA;MAÍZ;1;0,2
ENSAYO OVM;VI;GRANEROS;OFICINA RANCAGUA;LA COMPAÑIA;MAÍZ;1;3,1
CERTIFICADA Y OVM;XIII;MAIPU;OFICINA METROPOLITANA;SANTA ANA DE CHENA;MAÍZ;1;0,5
CERTIFICADA Y OVM;XIII;CALERA DE TANGO;OFICINA MAIPO;CAMINO LONQUEN;MAÍZ;1;0,5
CERTIFICADA Y OVM;XIII;SAN BERNARDO;OFICINA MAIPO;SAN JOSE DE NOS;MAÍZ;1;0,4
ENSAYO OVM;VII;SAN CLEMENTE;OFICINA TALCA;MARIPOSAS;MAÍZ;1;3,15
CERTIFICADA Y OVM;XIII;SAN BERNARDO;OFICINA MAIPO;CAMINO EL MARISCAL;MAÍZ;1;1,2
CERTIFICADA Y OVM;VII;SAN CLEMENTE;OFICINA TALCA;MARIPOSAS;MAÍZ;1;4
CERTIFICADA Y OVM;VII;TENO;OFICINA CURICO;LA MONTAÑA DE TENO;MAÍZ;1;4
CERTIFICADA Y OVM;VII;TENO;OFICINA CURICO;LA MONTAÑA DE TENO;MAÍZ;1;2
CERTIFICADA Y OVM;XIII;CALERA DE TANGO;OFICINA METROPOLITANA;CAMINO LONQUEN;MAÍZ;1;0,5
CERTIFICADA Y OVM;VII;TENO;OFICINA CURICO;MONTAÑA DE TENO;MAÍZ;1;2
CERTIFICADA Y OVM;VII;TENO;OFICINA CURICO;MONTAÑA DE TENO;MAÍZ;1;1,5
CERTIFICADA Y OVM;VII;TENO;OFICINA CURICO;LA MONTAÑA DE TENO;MAÍZ;1;7
CERTIFICADA Y OVM;VII;TENO;OFICINA CURICO;LA MONTAÑA DE TENO;MAÍZ;1;1
CERTIFICADA Y OVM;VII;TENO;OFICINA CURICO;LA MONTAÑA DE TENO;MAÍZ;1;1
CERTIFICADA Y OVM;VII;SAN CLEMENTE;OFICINA TALCA;LA HIGUERA, LA PEÑA;MAÍZ;1;5
CERTIFICADA Y OVM;VII;TENO;OFICINA CURICO;LA MONTAÑA DE TENO;MAÍZ;1;0,7
CERTIFICADA Y OVM;VII;TENO;OFICINA CURICO;LA MONTAÑA DE TENO;MAÍZ;1;2
CERTIFICADA Y OVM;VII;TENO;OFICINA CURICO;LA MONTAÑA DE TENO;MAÍZ;1;5
CERTIFICADA Y OVM;VII;TENO;OFICINA CURICO;LA MONTAÑA DE TENO;MAÍZ;1;0,4
CERTIFICADA Y OVM;VII;TENO;OFICINA CURICO;LA MONTAÑA DE TENO;MAÍZ;1;0,4
CERTIFICADA Y OVM;VII;TENO;OFICINA CURICO;LA MONTAÑA DE TENO;MAÍZ;1;4
CERTIFICADA Y OVM;XIII;EL MONTE;OFICINA TALAGANTE;EL MONTE;MAÍZ;1;0,8
CERTIFICADA Y OVM;VII;SAN JAVIER;OFICINA LINARES;LONCOMILLA;MAÍZ;1;25
CERTIFICADA Y OVM;VII;SAN CLEMENTE;OFICINA TALCA;MARIPOSA;MAÍZ;1;1,5
CERTIFICADA Y OVM;VII;SAN CLEMENTE;OFICINA TALCA;MARIPOSA;MAÍZ;1;2
CERTIFICADA Y OVM;VII;SAN CLEMENTE;OFICINA TALCA;SAN CLEMENTE;MAÍZ;1;4,5
CERTIFICADA Y OVM;VII;SAN CLEMENTE;OFICINA TALCA;MARIPOSAS;MAÍZ;1;0,4
CERTIFICADA Y OVM;VII;TENO;OFICINA CURICO;LA MONTAÑA DE TENO;MAÍZ;1;2
CERTIFICADA Y OVM;VII;TENO;OFICINA CURICO;LA MONTAÑA DE TENO;MAÍZ;1;1
CERTIFICADA Y OVM;VII;TENO;OFICINA CURICO;LA MONTAÑA DE TENO;MAÍZ;1;4
CERTIFICADA Y OVM;VII;TENO;OFICINA CURICO;LA MONTAÑA DE TENO;MAÍZ;1;4,5
CERTIFICADA Y OVM;XIII;PAINE;OFICINA MAIPO;PAINE;MAÍZ;1;4
CERTIFICADA Y OVM;VII;TENO;OFICINA CURICO;LA MONTAÑA DE TENO;MAÍZ;1;1,4
CERTIFICADA Y OVM;VII;SAN RAFAEL;OFICINA TALCA;LAS CHILCAS;MAÍZ;1;7
CERTIFICADA Y OVM;VII;TENO;OFICINA CURICO;LA MONTAÑA DE TENO;MAÍZ;1;1
CERTIFICADA Y OVM;VII;TENO;OFICINA CURICO;LA MONTAÑA DE TENO;MAÍZ;1;1,4
CERTIFICADA Y OVM;VII;TENO;OFICINA CURICO;TENO;MAÍZ;1;1
CERTIFICADA Y OVM;VII;TENO;OFICINA CURICO;LA MONTAÑA DE TENO;MAÍZ;1;0,8
CERTIFICADA Y OVM;VII;TENO;OFICINA CURICO;LA MONTAÑA DE TENO;MAÍZ;1;0,8
CERTIFICADA Y OVM;VII;TENO;OFICINA CURICO;LA MONTAÑA DE TENO;MAÍZ;1;0,7
ENSAYO OVM;XIII;MELIPILLA;OFICINA MELIPILLA;MALLARAUCO;RAPS;1;0,89
CERTIFICADA Y OVM;VII;TENO;OFICINA CURICO;LA MONTAÑA DE TENO;MAÍZ;1;0,7
CERTIFICADA Y OVM;VII;TENO;OFICINA CURICO;LA MONTAÑA DE TENO;MAÍZ;1;1
ENSAYO OVM;XIII;BUIN;OFICINA MAIPO;LINDEROS;MAÍZ;1;4,01
CERTIFICADA Y OVM;VII;SAN CLEMENTE;OFICINA TALCA;SAN ALBERTO;MAÍZ;1;4
CERTIFICADA Y OVM;VII;SAN CLEMENTE;OFICINA TALCA;LA HIGUERA, LA PEÑA;MAÍZ;1;6
CERTIFICADA Y OVM;VII;TALCA;OFICINA TALCA;SAN VALENTIN;MAÍZ;1;3
CERTIFICADA Y OVM;VII;TENO;OFICINA CURICO;MONTAÑA DE TENO;MAÍZ;1;2
CORRIENTE OVM;VII;TENO;OFICINA CURICO;LA MONTAÑA DE TENO;MAÍZ;1;1,2
CORRIENTE OVM;VII;TENO;OFICINA CURICO;MONTAÑA DE TENO;MAÍZ;1;2,4
CERTIFICADA Y OVM;VII;TENO;OFICINA CURICO;LA MONTAÑA DE TENO;MAÍZ;1;0,7
CERTIFICADA Y OVM;VII;TENO;OFICINA CURICO;LA MONTAÑA DE TENO;MAÍZ;1;6
CERTIFICADA Y OVM;VII;TENO;OFICINA CURICO;LA MONTAÑA DE TENO;MAÍZ;1;1
CERTIFICADA Y OVM;VII;TENO;OFICINA CURICO;TENO;MAÍZ;1;6
CERTIFICADA Y OVM;VII;SAN CLEMENTE;OFICINA TALCA;MARIPOSA;MAÍZ;1;3
CERTIFICADA Y OVM;VII;SAN CLEMENTE;OFICINA TALCA;MARIPOSA;MAÍZ;1;5
CERTIFICADA Y OVM;VII;SAN CLEMENTE;OFICINA TALCA;TRES PUERTAS;MAÍZ;1;0,4
CORRIENTE OVM;VII;TENO;OFICINA CURICO;LA MONTAÑA DE TENO;MAÍZ;1;4
CERTIFICADA Y OVM;VII;TENO;OFICINA CURICO;LA MONTAÑA DE TENO;MAÍZ;1;0,4
CERTIFICADA Y OVM;VII;TENO;OFICINA CURICO;LA MONTAÑA DE TENO;MAÍZ;1;0,4
CERTIFICADA Y OVM;VII;TENO;OFICINA CURICO;LA MONTAÑA DE TENO;MAÍZ;1;6
CERTIFICADA Y OVM;XIII;CALERA DE TANGO;OFICINA METROPOLITANA;CAMINO LONQUEN;MAÍZ;1;0,5
CERTIFICADA Y OVM;XIII;TALAGANTE;OFICINA TALAGANTE;CALERA DE TANGO;MAÍZ;1;0,8
CORRIENTE OVM;XIII;TALAGANTE;OFICINA TALAGANTE;CALERA DE TANGO;MAÍZ;1;0,8
CERTIFICADA Y OVM;XIII;EL MONTE;OFICINA TALAGANTE;EL MONTE;MAÍZ;1;0,8
CERTIFICADA Y OVM;VII;SAN CLEMENTE;OFICINA TALCA;SAN CLEMENTE;MAÍZ;1;8
CERTIFICADA Y OVM;VII;SAN CLEMENTE;OFICINA TALCA;SAN CLEMENTE;MAÍZ;1;6,4
CERTIFICADA Y OVM;VII;SAN CLEMENTE;OFICINA TALCA;SAN CLEMENTE;MAÍZ;1;13
CORRIENTE OVM;VII;SAN CLEMENTE;OFICINA TALCA;LA HIGUERA, LA PEÑA;MAÍZ;1;3
CERTIFICADA Y OVM;VII;TALCA;OFICINA TALCA;SAN VALENTIN;MAÍZ;1;8
CERTIFICADA Y OVM;VII;TENO;OFICINA CURICO;LA MONTAÑA DE TENO;MAÍZ;1;0,7
CERTIFICADA Y OVM;VII;TENO;OFICINA CURICO;LA MONTAÑA DE TENO;MAÍZ;1;0,8
CERTIFICADA Y OVM;VII;TENO;OFICINA CURICO;LA MONTAÑA DE TENO;MAÍZ;1;4
CERTIFICADA Y OVM;VII;TENO;OFICINA CURICO;LA MONTAÑA DE TENO;MAÍZ;1;6
CERTIFICADA Y OVM;VII;TENO;OFICINA CURICO;QUINTA DE MORZA;MAÍZ;1;3
CERTIFICADA Y OVM;VII;SAN CLEMENTE;OFICINA TALCA;SAN CLEMENTE;MAÍZ;2;15
CORRIENTE OVM;XIII;SAN BERNARDO;OFICINA MAIPO;LO HERRERA;MAÍZ;1;2
CORRIENTE OVM;XIII;EL MONTE;OFICINA TALAGANTE;EL MONTE;MAÍZ;1;1,2
CORRIENTE OVM;VII;TENO;OFICINA CURICO;LA MONTAÑA DE TENO;MAÍZ;1;5
CORRIENTE OVM;VII;SAN CLEMENTE;OFICINA TALCA;CAMINO SIETE;MAÍZ;1;2
CERTIFICADA Y OVM;VII;SAN CLEMENTE;OFICINA TALCA;SAN CLEMENTE;MAÍZ;1;0,8
CERTIFICADA Y OVM;VII;SAN CLEMENTE;OFICINA TALCA;SAN CLEMENTE;MAÍZ;1;0,8
CERTIFICADA Y OVM;VII;SAN CLEMENTE;OFICINA TALCA;PEUMO NEGRO;MAÍZ;1;4
ENSAYO OVM;VI;GRANEROS;OFICINA RANCAGUA;LA COMPAÑIA;MAÍZ;1;1,48
CERTIFICADA Y OVM;XIII;PUENTE ALTO;OFICINA MAIPO;SAN GUILLERMO;MAÍZ;1;4
CERTIFICADA Y OVM;VII;TENO;OFICINA CURICO;MONTAÑA DE TENO;MAÍZ;1;3
CERTIFICADA Y OVM;VII;TENO;OFICINA CURICO;LA MONTAÑA DE TENO;MAÍZ;1;0,7
CORRIENTE OVM;XIII;TALAGANTE;OFICINA TALAGANTE;CALERA DE TANGO;MAÍZ;1;0,8
CERTIFICADA Y OVM;XIII;BUIN;OFICINA MAIPO;BUIN;MAÍZ;1;7
CERTIFICADA Y OVM;VII;SAN CLEMENTE;OFICINA TALCA;SAN DIEGO;MAÍZ;1;15
CERTIFICADA Y OVM;VII;SAN CLEMENTE;OFICINA TALCA;MARIPOSA;MAÍZ;1;3
CERTIFICADA Y OVM;VII;SAN CLEMENTE;OFICINA TALCA;SAN CLEMENTE;MAÍZ;1;5
CERTIFICADA Y OVM;VII;SAN CLEMENTE;OFICINA TALCA;SAN CLEMENTE;MAÍZ;1;3
CERTIFICADA Y OVM;VII;TENO;OFICINA CURICO;LA MONTAÑA DE TENO;MAÍZ;1;2
CORRIENTE OVM;XIII;EL MONTE;OFICINA TALAGANTE;EL MONTE;MAÍZ;1;1
CORRIENTE OVM;XIII;SAN BERNARDO;OFICINA MAIPO;LOS MORROS;MAÍZ;1;0,8
CERTIFICADA Y OVM;VII;SAN CLEMENTE;OFICINA TALCA;MARIPOSA;MAÍZ;1;4
CERTIFICADA Y OVM;VII;SAN CLEMENTE;OFICINA TALCA;QUEBRADA DE AGUA;MAÍZ;1;0,4
CERTIFICADA Y OVM;VII;TENO;OFICINA CURICO;LA MONTAÑA DE TENO;MAÍZ;1;0,7
CERTIFICADA Y OVM;VII;SAN CLEMENTE;OFICINA TALCA;QUEBRADA DE AGUA;MAÍZ;1;11
ENSAYO OVM;VI;RANCAGUA;OFICINA RANCAGUA;SANTA ELENA;SOYA;1;5,5
CORRIENTE OVM;XIII;EL MONTE;OFICINA TALAGANTE;EL MONTE;MAÍZ;1;0,5
ENSAYO OVM;VI;GRANEROS;OFICINA RANCAGUA;SANTA JULIA;SOYA;6;21,5
CERTIFICADA Y OVM;XIII;SAN BERNARDO;OFICINA MAIPO;NOS;MAÍZ;1;1,2
CERTIFICADA Y OVM;XIII;SAN BERNARDO;OFICINA MAIPO;CAMINO EL MARISCAL;MAÍZ;1;10
CERTIFICADA Y OVM;XIII;CALERA DE TANGO;OFICINA MAIPO;TANGUITO;MAÍZ;1;2
ENSAYO OVM;XIII;MELIPILLA;OFICINA MELIPILLA;POMAIRE;RAPS;1;2,44
ENSAYO OVM;XIII;MELIPILLA;OFICINA MELIPILLA;POPETA;RAPS;1;0,8
ENSAYO OVM;VI;GRANEROS;OFICINA RANCAGUA;SANTA JULIA;SOYA;1;0,1
ENSAYO OVM;XIII;MELIPILLA;OFICINA MELIPILLA;VILLA ALEGRE;RAPS;1;0,234
ENSAYO OVM;VI;GRANEROS;OFICINA RANCAGUA;LA COMPAÑIA;MAÍZ;1;1,15
CORRIENTE OVM;VI;SANTA CRUZ;OFICINA SAN FERNANDO;APALTA;SOYA;1;32
CERTIFICADA Y OVM;VI;SANTA CRUZ;OFICINA SAN FERNANDO;APALTA;SOYA;1;1
CERTIFICADA Y OVM;VI;GRANEROS;OFICINA RANCAGUA;LA COMPAÑIA;SOYA;1;3
CORRIENTE OVM;XIII;SAN BERNARDO;OFICINA MAIPO;LA PINTANA;SOYA;1;34
CERTIFICADA Y OVM;XIII;SAN BERNARDO;OFICINA MAIPO;LA PINTANA;SOYA;1;2,7
CORRIENTE OVM;VII;LINARES;OFICINA LINARES;MAICA;SOYA;1;49
CORRIENTE OVM;VII;RETIRO;OFICINA PARRAL;VILLASECA;SOYA;1;17,02
CORRIENTE OVM;VII;TALCA;OFICINA TALCA;TALCA;SOYA;1;31
CERTIFICADA Y OVM;VI;SANTA CRUZ;OFICINA SAN FERNANDO;APALTA;SOYA;1;1
CERTIFICADA Y OVM;VII;SAN JAVIER;OFICINA LINARES;LONCOMILLA;SOYA;1;1,01
CERTIFICADA Y OVM;VII;SAN JAVIER;OFICINA LINARES;LONCOMILLA;SOYA;1;1,01
CERTIFICADA Y OVM;VII;SAN JAVIER;OFICINA LINARES;LONCOMILLA;SOYA;1;1,01
CERTIFICADA Y OVM;VII;SAN JAVIER;OFICINA LINARES;LONCOMILLA;SOYA;1;1,01
CERTIFICADA Y OVM;VII;SAN JAVIER;OFICINA LINARES;LONCOMILLA;SOYA;1;1,01
CERTIFICADA Y OVM;VII;SAN JAVIER;OFICINA LINARES;LONCOMILLA;SOYA;1;1,01
CERTIFICADA Y OVM;VII;RETIRO;OFICINA PARRAL;VILLASECA;SOYA;1;1,01
CERTIFICADA Y OVM;VII;RETIRO;OFICINA PARRAL;VILLASECA;SOYA;1;1,01
CERTIFICADA Y OVM;VII;RETIRO;OFICINA PARRAL;VILLASECA;SOYA;1;1,01
CERTIFICADA Y OVM;VII;RETIRO;OFICINA PARRAL;VILLASECA;SOYA;1;0,81
CERTIFICADA Y OVM;VII;RETIRO;OFICINA PARRAL;VILLASECA;SOYA;1;0,81
CERTIFICADA Y OVM;VII;RETIRO;OFICINA PARRAL;VILLASECA;SOYA;1;0,81
CERTIFICADA Y OVM;VII;RETIRO;OFICINA PARRAL;VILLASECA;SOYA;1;0,81
CERTIFICADA Y OVM;VII;RETIRO;OFICINA PARRAL;VILLASECA;SOYA;1;0,81
CERTIFICADA Y OVM;VII;RETIRO;OFICINA PARRAL;VILLASECA;SOYA;1;0,81
CERTIFICADA Y OVM;VII;RETIRO;OFICINA PARRAL;VILLASECA;SOYA;1;0,81
CERTIFICADA Y OVM;VII;RETIRO;OFICINA PARRAL;VILLASECA;SOYA;1;0,81
CERTIFICADA Y OVM;VII;RETIRO;OFICINA PARRAL;VILLASECA;SOYA;1;1,01
CERTIFICADA Y OVM;VII;RETIRO;OFICINA PARRAL;VILLASECA;SOYA;1;1,01
CERTIFICADA Y OVM;VII;SAN JAVIER;OFICINA LINARES;LONCOMILLA;SOYA;1;1,01
CERTIFICADA Y OVM;VII;SAN JAVIER;OFICINA LINARES;LONCOMILLA;SOYA;1;1,01
CERTIFICADA Y OVM;VII;SAN JAVIER;OFICINA LINARES;LONCOMILLA;SOYA;1;6,28
CERTIFICADA Y OVM;VII;SAN JAVIER;OFICINA LINARES;LONCOMILLA;SOYA;1;7
CERTIFICADA Y OVM;VII;RETIRO;OFICINA PARRAL;VILLASECA;SOYA;1;7,09
CERTIFICADA Y OVM;VII;SAN JAVIER;OFICINA LINARES;LONCOMILLA;SOYA;1;7,07
CORRIENTE OVM;VII;TALCA;OFICINA TALCA;TALCA;SOYA;1;10,28
CORRIENTE OVM;VII;SAN JAVIER;OFICINA LINARES;LONCOMILLA;SOYA;1;3,5
CORRIENTE OVM;VII;SAN JAVIER;OFICINA LINARES;LONCOMILLA;SOYA;1;40
CERTIFICADA Y OVM;VII;CURICO;OFICINA CURICO;LOS NICHES;SOYA;1;0,91
CERTIFICADA Y OVM;VII;CURICO;OFICINA CURICO;LOS NICHES;SOYA;1;0,91
CERTIFICADA Y OVM;VII;CURICO;OFICINA CURICO;LOS NICHES;SOYA;1;0,91
CERTIFICADA Y OVM;VII;CURICO;OFICINA CURICO;LOS NICHES;SOYA;1;0,91
CERTIFICADA Y OVM;VII;SAN CLEMENTE;OFICINA TALCA;LOS LARGOS;SOYA;1;1,01
CERTIFICADA Y OVM;VII;SAN CLEMENTE;OFICINA TALCA;SAN CLEMENTE;SOYA;1;1,01
CERTIFICADA Y OVM;VII;SAN CLEMENTE;OFICINA TALCA;SAN CLEMENTE;SOYA;1;1,01
CERTIFICADA Y OVM;VII;SAN CLEMENTE;OFICINA TALCA;SAN CLEMENTE;SOYA;1;1,01
CERTIFICADA Y OVM;VII;SAN CLEMENTE;OFICINA TALCA;SAN CLEMENTE;SOYA;1;1,01
CERTIFICADA Y OVM;VII;SAN CLEMENTE;OFICINA TALCA;SAN CLEMENTE;SOYA;1;1,01
CERTIFICADA Y OVM;VII;PELARCO;OFICINA TALCA;PELARCO;SOYA;1;0,81
CERTIFICADA Y OVM;VII;PELARCO;OFICINA TALCA;PELARCO;SOYA;1;0,81
CERTIFICADA Y OVM;VII;PELARCO;OFICINA TALCA;PELARCO;SOYA;1;0,81
CERTIFICADA Y OVM;VII;PELARCO;OFICINA TALCA;PELARCO;SOYA;1;1,01
CERTIFICADA Y OVM;VII;PELARCO;OFICINA TALCA;PELARCO;SOYA;1;1,01
CERTIFICADA Y OVM;VII;PELARCO;OFICINA TALCA;PELARCO;SOYA;1;1,01
CERTIFICADA Y OVM;VII;SAN CLEMENTE;OFICINA TALCA;SAN CLEMENTE;SOYA;1;2,43
CERTIFICADA Y OVM;VII;SAN CLEMENTE;OFICINA TALCA;SAN CLEMENTE;SOYA;1;2,6
CERTIFICADA Y OVM;VII;SAN CLEMENTE;OFICINA TALCA;SAN CLEMENTE;SOYA;1;3,85
CERTIFICADA Y OVM;VII;SAN CLEMENTE;OFICINA TALCA;SAN CLEMENTE;SOYA;1;1,42
CERTIFICADA Y OVM;VII;PELARCO;OFICINA TALCA;PELARCO;SOYA;1;5,06
CORRIENTE OVM;VII;CURICO;OFICINA CURICO;LOS NICHES;SOYA;1;60,7
CORRIENTE OVM;VII;SAN CLEMENTE;OFICINA TALCA;SAN CLEMENTE;SOYA;1;5
CORRIENTE OVM;VII;SAN CLEMENTE;OFICINA TALCA;SAN CLEMENTE;SOYA;1;4,05
CORRIENTE OVM;VII;SAN CLEMENTE;OFICINA TALCA;SAN CLEMENTE;SOYA;2;30
CORRIENTE OVM;VII;SAN CLEMENTE;OFICINA TALCA;SAN CLEMENTE;SOYA;1;20
CORRIENTE OVM;VII;CURICO;OFICINA TALCA;LOS NICHES;SOYA;1;3,5
CORRIENTE OVM;VII;SAN CLEMENTE;OFICINA TALCA;SAN CLEMENTE;SOYA;1;327,95
CORRIENTE OVM;VII;SAN CLEMENTE;OFICINA TALCA;SAN CLEMENTE;SOYA;1;16
CORRIENTE OVM;VII;SAN CLEMENTE;OFICINA TALCA;SAN CLEMENTE;SOYA;1;18
CORRIENTE OVM;VII;SAN CLEMENTE;OFICINA TALCA;QUEBRADA DE AGUA;SOYA;1;13,5
CORRIENTE OVM;VII;SAN CLEMENTE;OFICINA TALCA;QUEBRADA DE AGUA;SOYA;1;7
CORRIENTE OVM;VII;SAN CLEMENTE;OFICINA TALCA;AURORA;SOYA;1;8
CORRIENTE OVM;VII;SAN CLEMENTE;OFICINA TALCA;SAN CARLOS;SOYA;1;8
CORRIENTE OVM;VII;SAN CLEMENTE;OFICINA TALCA;SAN CLEMENTE;SOYA;1;0,6
CORRIENTE OVM;VII;SAN CLEMENTE;OFICINA TALCA;SAN CLEMENTE;SOYA;1;3,5
CORRIENTE OVM;VII;CURICO;OFICINA CURICO;LOS NICHES;SOYA;1;18,61
ENSAYO OVM;IX;GORBEA;OFICINA VILLARRICA;HUELLANTO ALTO;RAPS;1;1
ENSAYO OVM;IX;GORBEA;OFICINA VILLARRICA;HUELLANTO ALTO;RAPS;1;1
CERTIFICADA Y OVM;VIII;LOS ANGELES;OFICINA LOS ANGELES;SAN GERARDO;RAPS;1;20
CERTIFICADA Y OVM;VII;PARRAL;OFICINA PARRAL;PARRAL;RAPS;2;20
CERTIFICADA Y OVM;VIII;SAN CARLOS;OFICINA SAN CARLOS;MONTE BLANCO;RAPS;1;10,5
CERTIFICADA Y OVM;VIII;SAN CARLOS;OFICINA SAN CARLOS;GAONA;RAPS;1;30
CERTIFICADA Y OVM;VIII;SAN CARLOS;OFICINA SAN CARLOS;MONTE BLANCO;RAPS;1;3,5
ENSAYO OVM;XIII;EL MONTE;OFICINA TALAGANTE;EL MONTE;RAPS;1;0,2
ENSAYO OVM;XIII;EL MONTE;OFICINA TALAGANTE;EL MONTE;RAPS;1;0,04
ENSAYO OVM;XIII;EL MONTE;OFICINA TALAGANTE;EL MONTE;RAPS;1;0,04
ENSAYO OVM;XIII;EL MONTE;OFICINA TALAGANTE;EL MONTE;SOYA;1;0,02
CORRIENTE OVM;VII;PARRAL;OFICINA PARRAL;PARRAL;SOYA;1;16
CORRIENTE OVM;VII;PARRAL;OFICINA PARRAL;PARRAL;SOYA;1;8
CORRIENTE OVM;VII;PARRAL;OFICINA PARRAL;PARRAL;SOYA;1;2
CORRIENTE OVM;VII;PARRAL;OFICINA PARRAL;VILLA ROSA;SOYA;1;23
CORRIENTE OVM;VIII;SAN NICOLAS;OFICINA SAN CARLOS;COCHARCAS;SOYA;1;4
CORRIENTE OVM;VIII;SAN CARLOS;OFICINA SAN CARLOS;TRAPICHE;SOYA;1;36
ENSAYO OVM;XIII;BUIN;OFICINA MAIPO;BUIN;MAÍZ;1;0,32
ENSAYO OVM;XIII;BUIN;OFICINA MAIPO;BUIN;MAÍZ;1;0,32
ENSAYO OVM;XIII;BUIN;OFICINA MAIPO;BUIN;MAÍZ;1;0,32
CERTIFICADA Y OVM;IX;IMPERIAL;OFICINA NUEVA IMPERIAL;IMPERIAL;RAPS;1;14,7
CERTIFICADA Y OVM;IX;IMPERIAL;OFICINA NUEVA IMPERIAL;IMPERIAL;RAPS;3;39
CERTIFICADA Y OVM;IX;IMPERIAL;OFICINA NUEVA IMPERIAL;IMPERIAL;RAPS;3;26,7
CERTIFICADA Y OVM;VIII;LOS ANGELES;OFICINA LOS ANGELES;VIRQUENCO;RAPS;1;32
CERTIFICADA Y OVM;VIII;NEGRETE;OFICINA MULCHEN;PICHIRENAICO;RAPS;1;19
ENSAYO OVM;XIII;PAINE;OFICINA MAIPO;NUEVO HORIZONTE;RAPS;4;0,096
CERTIFICADA Y OVM;VIII;MULCHÉN;OFICINA MULCHEN;MUNILQUE;RAPS;1;33
CERTIFICADA Y OVM;VIII;MULCHÉN;OFICINA MULCHEN;LICURA;RAPS;1;37
CERTIFICADA Y OVM;VIII;MULCHÉN;OFICINA MULCHEN;LICURA;RAPS;2;33
CERTIFICADA Y OVM;VIII;LOS ANGELES;OFICINA LOS ANGELES;CAMINO LAS TRANCAS;RAPS;1;20
CERTIFICADA Y OVM;VIII;MULCHÉN;OFICINA MULCHEN;CHUMULCO;RAPS;1;30
CERTIFICADA Y OVM;XIII;MELIPILLA;OFICINA MELIPILLA;SANTA ROSA;MAÍZ;1;4,81
CERTIFICADA Y OVM;XIII;MELIPILLA;OFICINA MELIPILLA;VILLA ALEGRE;MAÍZ;1;1,68
CERTIFICADA Y OVM;XIII;MELIPILLA;OFICINA MELIPILLA;SANTA ROSA;MAÍZ;1;1,6
CERTIFICADA Y OVM;XIII;QUILICURA;OFICINA METROPOLITANA;QUILICURA;MAÍZ;1;0,41
CERTIFICADA Y OVM;XIII;MELIPILLA;OFICINA MELIPILLA;BOLLENAR;MAÍZ;1;0,4
CERTIFICADA Y OVM;XIII;MELIPILLA;OFICINA MELIPILLA;BOLLENAR;MAÍZ;1;1,1
CERTIFICADA Y OVM;XIII;MELIPILLA;OFICINA MELIPILLA;PUANGUE;MAÍZ;1;4,9
CERTIFICADA Y OVM;XIII;SAN BERNARDO;OFICINA MAIPO;NOS;MAÍZ;1;3,6
CERTIFICADA Y OVM;XIII;CALERA DE TANGO;OFICINA MAIPO;BARRANCÓN;MAÍZ;1;0,4
CERTIFICADA Y OVM;XIII;MAIPU;OFICINA METROPOLITANA;MAIPÚ;MAÍZ;1;0,24
CERTIFICADA Y OVM;XIII;BUIN;OFICINA MAIPO;VILUCO;MAÍZ;1;0,46
CERTIFICADA Y OVM;XIII;ISLA DEL MAIPO;OFICINA TALAGANTE;ISLA DE MAIPO;MAÍZ;1;2,42
CERTIFICADA Y OVM;XIII;ISLA DEL MAIPO;OFICINA TALAGANTE;ISLA DE MAIPO;MAÍZ;1;6,1
CERTIFICADA Y OVM;XIII;MAIPU;OFICINA METROPOLITANA;MAIPÚ;MAÍZ;1;1,65
CERTIFICADA Y OVM;XIII;MAIPU;OFICINA METROPOLITANA;MAIPÚ;MAÍZ;1;1,65
CERTIFICADA Y OVM;XIII;BUIN;OFICINA MAIPO;BUIN;MAÍZ;1;1,55
CERTIFICADA Y OVM;XIII;MAIPU;OFICINA METROPOLITANA;PAJARITOS;MAÍZ;1;0,43
CERTIFICADA Y OVM;XIII;MAIPU;OFICINA METROPOLITANA;PAJARITOS;MAÍZ;1;0,41
CORRIENTE OVM;XIII;BUIN;OFICINA MAIPO;VILUCO;MAÍZ;1;0,47
CERTIFICADA Y OVM;XIII;BUIN;OFICINA MAIPO;VILUCO;MAÍZ;1;0,4
CERTIFICADA Y OVM;XIII;BUIN;OFICINA MAIPO;VILUCO;MAÍZ;1;0,2
CERTIFICADA Y OVM;XIII;MAIPU;OFICINA METROPOLITANA;LA FARFANA - NORTE;MAÍZ;1;1
CERTIFICADA Y OVM;XIII;LAMPA;OFICINA METROPOLITANA;LO ECHEVERS;MAÍZ;1;6,1
CERTIFICADA Y OVM;XIII;MELIPILLA;OFICINA MELIPILLA;MELIPILLA;MAÍZ;1;0,36
ENSAYO OVM;XIII;BUIN;OFICINA MAIPO;VILUCO;MAÍZ;1;0,6
CERTIFICADA Y OVM;XIII;EL MONTE;OFICINA TALAGANTE;EL MONTE;MAÍZ;1;0,43
CERTIFICADA Y OVM;XIII;BUIN;OFICINA MAIPO;VILUCO;MAÍZ;1;0,4
CERTIFICADA Y OVM;XIII;MELIPILLA;OFICINA MELIPILLA;SANTA ROSA;MAÍZ;1;0,81
CERTIFICADA Y OVM;XIII;TALAGANTE;OFICINA TALAGANTE;EL OLIVETO;MAÍZ;1;1,02
CORRIENTE OVM;XIII;SAN BERNARDO;OFICINA MAIPO;EL BARRANCÓN;MAÍZ;1;0,25
CORRIENTE OVM;XIII;MELIPILLA;OFICINA MELIPILLA;MELIPILLA;MAÍZ;1;0,42
CORRIENTE OVM;XIII;SAN BERNARDO;OFICINA MAIPO;EL BARRANCÓN;MAÍZ;1;0,36
CORRIENTE OVM;XIII;BUIN;OFICINA MAIPO;VILUCO;MAÍZ;1;0,41
CORRIENTE OVM;XIII;MELIPILLA;OFICINA MELIPILLA;MELIPILLA;MAÍZ;1;0,4
CORRIENTE OVM;XIII;MAIPU;OFICINA METROPOLITANA;MAIPÚ;MAÍZ;1;0,39
CERTIFICADA Y OVM;XIII;MELIPILLA;OFICINA MELIPILLA;MELIPILLA;MAÍZ;1;1,1
CERTIFICADA Y OVM;XIII;TALAGANTE;OFICINA TALAGANTE;EL OLIVETO;MAÍZ;1;1,04
CORRIENTE OVM;XIII;TALAGANTE;OFICINA TALAGANTE;TALAGANTE;MAÍZ;1;0,6
CORRIENTE OVM;XIII;ISLA DEL MAIPO;OFICINA TALAGANTE;ISLA DE MAIPO;MAÍZ;1;0,33
CORRIENTE OVM;XIII;BUIN;OFICINA MAIPO;VILUCO;MAÍZ;1;0,43
CERTIFICADA Y OVM;XIII;MELIPILLA;OFICINA MELIPILLA;MELIPILLA;MAÍZ;1;4,9
CERTIFICADA Y OVM;XIII;MAIPU;OFICINA METROPOLITANA;RINCONADA DE MAIPÚ;MAÍZ;1;6,21
CERTIFICADA Y OVM;XIII;TALAGANTE;OFICINA TALAGANTE;EL OLIVETO;MAÍZ;1;0,98
CERTIFICADA Y OVM;XIII;MELIPILLA;OFICINA MELIPILLA;MELIPILLA;MAÍZ;1;6,1
CERTIFICADA Y OVM;XIII;TALAGANTE;OFICINA TALAGANTE;CAMINO LONQUÉN;MAÍZ;1;2,4
ENSAYO OVM;IX;PADRE LAS CASAS;OFICINA TEMUCO;2015 FLD 16;RAPS;2;0,507
CORRIENTE OVM;XIII;ISLA DEL MAIPO;OFICINA TALAGANTE;ISLA DE MAIPO;MAÍZ;1;0,4
CERTIFICADA Y OVM;VIII;LOS ANGELES;OFICINA LOS ANGELES;VIRQUENCO;RAPS;1;5
ENSAYO OVM;XIII;BUIN;OFICINA MAIPO;VILUCO;MAÍZ;2;2,2
ENSAYO OVM;XIII;BUIN;OFICINA MAIPO;VILUCO;MAÍZ;1;0,97
CORRIENTE OVM;VIII;LOS ANGELES;OFICINA LOS ANGELES;LOS ANGELES;RAPS;1;1,5
ENSAYO OVM;XIII;BUIN;OFICINA MAIPO;VILUCO;MAÍZ;1;0,99
ENSAYO OVM;VI;GRANEROS;OFICINA RANCAGUA;RANCAGUA (RESEARCH);MAÍZ;1;1,2
ENSAYO OVM;VI;GRANEROS;OFICINA RANCAGUA;CODEGUA (RESEARC);MAÍZ;1;0,86
ENSAYO OVM;XIII;BUIN;OFICINA MAIPO;VILUCO;MAÍZ;1;1,76
ENSAYO OVM;XIII;BUIN;OFICINA MAIPO;VILUCO;MAÍZ;3;3,12
ENSAYO OVM;XIII;BUIN;OFICINA MAIPO;VILUCO;MAÍZ;1;0,76
ENSAYO OVM;XIII;BUIN;OFICINA MAIPO;VILUCO;MAÍZ;2;2,36
CERTIFICADA Y OVM;XIII;MELIPILLA;OFICINA MELIPILLA;MELIPILLA;MAÍZ;1;3,6
CERTIFICADA Y OVM;XIII;TALAGANTE;OFICINA TALAGANTE;TALAGANTE;MAÍZ;1;6,31
CERTIFICADA Y OVM;XIII;MELIPILLA;OFICINA MELIPILLA;PUANGUE;MAÍZ;1;4,91
CERTIFICADA Y OVM;XIII;EL MONTE;OFICINA TALAGANTE;EL MONTE;MAÍZ;1;1
CERTIFICADA Y OVM;XIII;QUILICURA;OFICINA METROPOLITANA;QUILICURA;MAÍZ;1;0,13
CERTIFICADA Y OVM;XIII;BUIN;OFICINA MAIPO;VILUCO;MAÍZ;1;0,25
CERTIFICADA Y OVM;XIII;TALAGANTE;OFICINA TALAGANTE;TALAGANTE;MAÍZ;1;2,7
CERTIFICADA Y OVM;XIII;SAN BERNARDO;OFICINA MAIPO;NOS;MAÍZ;1;4,9
CERTIFICADA Y OVM;XIII;MAIPU;OFICINA METROPOLITANA;LA FARFANA - NORTE;MAÍZ;1;1,64
CORRIENTE OVM;XIII;ISLA DEL MAIPO;OFICINA TALAGANTE;ISLA DE MAIPO;MAÍZ;1;0,58
CERTIFICADA Y OVM;XIII;SAN BERNARDO;OFICINA MAIPO;NOS;MAÍZ;1;1
CERTIFICADA Y OVM;XIII;BUIN;OFICINA MAIPO;VILUCO;MAÍZ;1;6,13
ENSAYO OVM;IX;PADRE LAS CASAS;OFICINA TEMUCO;2015 FLD 5;RAPS;1;0,022
CORRIENTE OVM;XIII;ISLA DEL MAIPO;OFICINA TALAGANTE;ISLA DE MAIPO;MAÍZ;1;0,41
CORRIENTE OVM;XIII;BUIN;OFICINA MAIPO;VILUCO;MAÍZ;1;0,3
CORRIENTE OVM;XIII;ISLA DEL MAIPO;OFICINA TALAGANTE;ISLA DE MAIPO;MAÍZ;1;0,41
CORRIENTE OVM;XIII;BUIN;OFICINA MAIPO;VILUCO;MAÍZ;1;0,41
CERTIFICADA Y OVM;XIII;MELIPILLA;OFICINA MELIPILLA;BOLLENAR;MAÍZ;1;1,1
CORRIENTE OVM;VI;CHIMBARONGO;OFICINA SAN FERNANDO;SANTA ISABEL;MAÍZ;2;20,6
CORRIENTE OVM;VI;CHIMBARONGO;OFICINA SAN FERNANDO;LAS PALMERAS;MAÍZ;1;13
CERTIFICADA Y OVM;VII;MOLINA;OFICINA CURICO;LA MARAVILLA;MAÍZ;1;10
CERTIFICADA Y OVM;VI;CHIMBARONGO;OFICINA SAN FERNANDO;CHIMBARONGO;MAÍZ;1;9,45
CERTIFICADA Y OVM;VI;CHIMBARONGO;OFICINA SAN FERNANDO;CHIMBARONGO;MAÍZ;1;4,71
CERTIFICADA Y OVM;VI;CHIMBARONGO;OFICINA SAN FERNANDO;CHIMBARONGO;MAÍZ;1;2,9
CORRIENTE OVM;VII;SAGRADA FAMILIA;OFICINA CURICO;TRAPICHE;MAÍZ;1;34,68
CORRIENTE OVM;VI;CHIMBARONGO;OFICINA SAN FERNANDO;TINGUIRIRICA;MAÍZ;1;8,42
CERTIFICADA Y OVM;VI;CHIMBARONGO;OFICINA SAN FERNANDO;SAN JUAN DE LA SIERRA;MAÍZ;1;23,6
CERTIFICADA Y OVM;VI;CHIMBARONGO;OFICINA SAN FERNANDO;CHIMBARONGO;MAÍZ;1;11,8
CERTIFICADA Y OVM;XIII;ISLA DEL MAIPO;OFICINA TALAGANTE;ISLA DE MAIPO;MAÍZ;1;2,33
CERTIFICADA Y OVM;XIII;SAN BERNARDO;OFICINA MAIPO;LO HERRERA;MAÍZ;1;0,3
CERTIFICADA Y OVM;XIII;SAN BERNARDO;OFICINA MAIPO;NOS;MAÍZ;1;2,5
CERTIFICADA Y OVM;XIII;PUDAHUEL;OFICINA METROPOLITANA;NOVICIADO;MAÍZ;1;0,33
CERTIFICADA Y OVM;XIII;ISLA DEL MAIPO;OFICINA TALAGANTE;ISLA DE MAIPO;MAÍZ;1;3,66
CERTIFICADA Y OVM;XIII;MELIPILLA;OFICINA MELIPILLA;LUMBRERAS;MAÍZ;1;0,12
CERTIFICADA Y OVM;XIII;QUILICURA;OFICINA METROPOLITANA;QUILICURA;MAÍZ;1;0,4
CERTIFICADA Y OVM;XIII;PUDAHUEL;OFICINA METROPOLITANA;NOVICIADO;MAÍZ;1;0,18
CERTIFICADA Y OVM;XIII;SAN BERNARDO;OFICINA MAIPO;LO HERRERA;MAÍZ;1;0,17
CORRIENTE OVM;XIII;MELIPILLA;OFICINA MELIPILLA;PUANGUE;MAÍZ;1;0,41
CERTIFICADA Y OVM;XIII;TALAGANTE;OFICINA TALAGANTE;TALAGANTE;MAÍZ;1;1,14
CERTIFICADA Y OVM;XIII;MELIPILLA;OFICINA MELIPILLA;BOLLENAR;MAÍZ;1;1,1
CERTIFICADA Y OVM;XIII;BUIN;OFICINA MAIPO;VILUCO;MAÍZ;1;1,6
CERTIFICADA Y OVM;XIII;ISLA DEL MAIPO;OFICINA TALAGANTE;ISLA DE MAIPO;MAÍZ;1;6,3
CORRIENTE OVM;XIII;ISLA DEL MAIPO;OFICINA TALAGANTE;ISLA DE MAIPO;MAÍZ;1;0,6
CERTIFICADA Y OVM;XIII;LAMPA;OFICINA METROPOLITANA;LO ECHEVERS;MAÍZ;1;3,6
CERTIFICADA Y OVM;XIII;MELIPILLA;OFICINA MELIPILLA;BOLLENAR;MAÍZ;1;1,02
CORRIENTE OVM;XIII;TALAGANTE;OFICINA TALAGANTE;TALAGANTE;MAÍZ;1;0,6
CORRIENTE OVM;XIII;ISLA DEL MAIPO;OFICINA TALAGANTE;ISLA DE MAIPO;MAÍZ;1;3,78
CERTIFICADA Y OVM;XIII;CALERA DE TANGO;OFICINA MAIPO;CALERA DE TANGO;MAÍZ;1;0,37
CERTIFICADA Y OVM;XIII;BUIN;OFICINA MAIPO;BUIN;MAÍZ;1;1
CERTIFICADA Y OVM;XIII;PEÑAFLOR;OFICINA TALAGANTE;MALLOCO;MAÍZ;1;2,54
CERTIFICADA Y OVM;XIII;CALERA DE TANGO;OFICINA MAIPO;EL BARRANCÓN;MAÍZ;1;2,34
CORRIENTE OVM;XIII;PAINE;OFICINA MAIPO;PAINE;MAÍZ;1;0,41
CORRIENTE OVM;XIII;BUIN;OFICINA MAIPO;VILUCO;MAÍZ;1;0,19
CERTIFICADA Y OVM;XIII;MAIPU;OFICINA METROPOLITANA;MAIPÚ;MAÍZ;1;0,33
CERTIFICADA Y OVM;XIII;ISLA DEL MAIPO;OFICINA TALAGANTE;ISLA DE MAIPO;MAÍZ;1;0,68
CERTIFICADA Y OVM;XIII;PUDAHUEL;OFICINA METROPOLITANA;NOVICIADO;MAÍZ;1;0,26
CERTIFICADA Y OVM;XIII;MAIPU;OFICINA METROPOLITANA;RINCONADA DE MAIPÚ;MAÍZ;1;0,42
CERTIFICADA Y OVM;XIII;MELIPILLA;OFICINA MELIPILLA;MELIPILLA;MAÍZ;1;0,38
CERTIFICADA Y OVM;XIII;QUILICURA;OFICINA METROPOLITANA;QUILICURA;MAÍZ;1;0,42
CERTIFICADA Y OVM;XIII;MELIPILLA;OFICINA MELIPILLA;MELIPILLA;MAÍZ;1;5,6
CERTIFICADA Y OVM;XIII;MELIPILLA;OFICINA MELIPILLA;MELIPILLA;MAÍZ;1;1,05
CERTIFICADA Y OVM;XIII;MELIPILLA;OFICINA MELIPILLA;PUANGUE;MAÍZ;1;1,17
CERTIFICADA Y OVM;XIII;MELIPILLA;OFICINA MELIPILLA;MELIPILLA;MAÍZ;1;0,93
CERTIFICADA Y OVM;XIII;ISLA DEL MAIPO;OFICINA TALAGANTE;ISLA DE MAIPO;MAÍZ;1;0,64
CERTIFICADA Y OVM;XIII;MAIPU;OFICINA METROPOLITANA;MAIPÚ;MAÍZ;1;0,16
CERTIFICADA Y OVM;XIII;TALAGANTE;OFICINA TALAGANTE;TALAGANTE;MAÍZ;1;3,52
ENSAYO OVM;XIII;BUIN;OFICINA MAIPO;CAMPUSANO;MAÍZ;1;0,68
ENSAYO OVM;XIII;BUIN;OFICINA MAIPO;CAMPUSANO;MAÍZ;1;1,02
ENSAYO OVM;XIII;BUIN;OFICINA MAIPO;CAMPUSANO;MAÍZ;1;1,07
ENSAYO OVM;XIII;BUIN;OFICINA MAIPO;CAMPUSANO;MAÍZ;1;0,94
ENSAYO OVM;XIII;BUIN;OFICINA MAIPO;CAMPUSANO;MAÍZ;1;0,85
CERTIFICADA Y OVM;XIII;MELIPILLA;OFICINA MELIPILLA;VILLA ALEGRE;MAÍZ;1;1
CERTIFICADA Y OVM;XIII;TALAGANTE;OFICINA TALAGANTE;TALAGANTE;MAÍZ;1;1,7
CERTIFICADA Y OVM;XIII;BUIN;OFICINA MAIPO;VILUCO;MAÍZ;1;0,87
CERTIFICADA Y OVM;XIII;BUIN;OFICINA MAIPO;VILUCO;MAÍZ;2;2
CERTIFICADA Y OVM;XIII;PEÑAFLOR;OFICINA TALAGANTE;MALLOCO;MAÍZ;1;1,7
CERTIFICADA Y OVM;XIII;TALAGANTE;OFICINA TALAGANTE;CAMINO LONQUÉN;MAÍZ;1;1
CERTIFICADA Y OVM;XIII;CALERA DE TANGO;OFICINA MAIPO;C. TANGO;MAÍZ;1;0,41
CERTIFICADA Y OVM;XIII;PAINE;OFICINA MAIPO;PAINE;MAÍZ;1;0,36
CERTIFICADA Y OVM;XIII;TALAGANTE;OFICINA TALAGANTE;CAMINO LONQUÉN;MAÍZ;1;0,94
CERTIFICADA Y OVM;XIII;TALAGANTE;OFICINA TALAGANTE;TALAGANTE;MAÍZ;1;30,13
CORRIENTE OVM;XIII;SAN BERNARDO;OFICINA MAIPO;SAN BERNARDO;MAÍZ;1;0,33
CERTIFICADA Y OVM;XIII;TALAGANTE;OFICINA TALAGANTE;TALAGANTE;MAÍZ;1;1,3
CERTIFICADA Y OVM;XIII;SAN BERNARDO;OFICINA MAIPO;SAN BERNARDO;MAÍZ;1;1,02
CORRIENTE OVM;XIII;SAN BERNARDO;OFICINA MAIPO;SAN BERNARDO;MAÍZ;1;0,33
CORRIENTE OVM;XIII;SAN BERNARDO;OFICINA MAIPO;SAN BERNARDO;MAÍZ;1;0,33
CERTIFICADA Y OVM;XIII;PUDAHUEL;OFICINA METROPOLITANA;NOVICIADO;MAÍZ;1;0,13
CERTIFICADA Y OVM;XIII;MELIPILLA;OFICINA MELIPILLA;MELIPILLA;MAÍZ;1;1,2
CERTIFICADA Y OVM;XIII;MELIPILLA;OFICINA MELIPILLA;CHIÑIGUE;MAÍZ;1;1,19
CERTIFICADA Y OVM;VI;CHIMBARONGO;OFICINA SAN FERNANDO;TINGUIRIRICA;MAÍZ;1;6,97
CERTIFICADA Y OVM;VI;CHIMBARONGO;OFICINA SAN FERNANDO;SANTA ISABEL;MAÍZ;2;9
CERTIFICADA Y OVM;VI;SAN FERNANDO;OFICINA SAN FERNANDO;LAS PARCELAS;MAÍZ;1;9,1
CORRIENTE OVM;VI;CHIMBARONGO;OFICINA SAN FERNANDO;CHIMBAROGO;MAÍZ;1;7,06
CORRIENTE OVM;VI;SANTA CRUZ;OFICINA SAN FERNANDO;SANTA CRUZ;MAÍZ;2;19,5
CORRIENTE OVM;XIII;SAN BERNARDO;OFICINA MAIPO;LO HERRERA;MAÍZ;1;13,32
CORRIENTE OVM;VII;SAGRADA FAMILIA;OFICINA CURICO;SECTOR LA FORTUNA;MAÍZ;2;29,73
CORRIENTE OVM;VI;SAN FERNANDO;OFICINA SAN FERNANDO;ROMA;MAÍZ;3;18,02
CORRIENTE OVM;VI;CHIMBARONGO;OFICINA SAN FERNANDO;SAN JUAN DE LA SIERRA;MAÍZ;1;10,6
CORRIENTE OVM;VI;CHIMBARONGO;OFICINA SAN FERNANDO;LAS PALMERAS;MAÍZ;1;15,51
CORRIENTE OVM;VI;CHIMBARONGO;OFICINA SAN FERNANDO;LAS PALMERAS;MAÍZ;2;18,59
CERTIFICADA Y OVM;VI;MACHALÍ;OFICINA RANCAGUA;MACHALÍ;MAÍZ;1;7,19
CERTIFICADA Y OVM;VI;CHIMBARONGO;OFICINA SAN FERNANDO;LAS PALMERAS;MAÍZ;1;7
CERTIFICADA Y OVM;XIII;MELIPILLA;OFICINA MELIPILLA;BOLLENAR;MAÍZ;1;1,49
CERTIFICADA Y OVM;VI;CHIMBARONGO;OFICINA SAN FERNANDO;CHIMBAROGO;MAÍZ;1;6,4
CERTIFICADA Y OVM;VI;CHIMBARONGO;OFICINA SAN FERNANDO;TINGUIRIRICA;MAÍZ;3;24,05
CERTIFICADA Y OVM;VI;CHIMBARONGO;OFICINA SAN FERNANDO;CHIMBAROGO;MAÍZ;1;21,39
CORRIENTE OVM;VI;CHIMBARONGO;OFICINA SAN FERNANDO;TINGUIRIRICA;MAÍZ;2;47,69
ENSAYO OVM;XIII;BUIN;OFICINA MAIPO;CAMPUSANO;MAÍZ;1;0,94
ENSAYO OVM;XIII;BUIN;OFICINA MAIPO;VILUCO;MAÍZ;1;0,3
CERTIFICADA Y OVM;XIII;EL MONTE;OFICINA TALAGANTE;EL MONTE;MAÍZ;1;0,43
CERTIFICADA Y OVM;XIII;EL MONTE;OFICINA TALAGANTE;EL MONTE;MAÍZ;1;5,1
CERTIFICADA Y OVM;XIII;EL MONTE;OFICINA TALAGANTE;EL MONTE;MAÍZ;1;3,62
CORRIENTE OVM;XIII;PAINE;OFICINA MAIPO;PAINE;MAÍZ;1;0,3
CERTIFICADA Y OVM;XIII;MELIPILLA;OFICINA MELIPILLA;MELIPILLA;MAÍZ;1;0,5
CERTIFICADA Y OVM;XIII;BUIN;OFICINA MAIPO;BUIN;MAÍZ;1;1
CERTIFICADA Y OVM;XIII;LAMPA;OFICINA METROPOLITANA;LAMPA;MAÍZ;1;0,2
CERTIFICADA Y OVM;XIII;LAMPA;OFICINA METROPOLITANA;LAMPA;MAÍZ;1;0,31
CERTIFICADA Y OVM;XIII;MELIPILLA;OFICINA MELIPILLA;MELIPILLA;MAÍZ;1;0,5
CERTIFICADA Y OVM;XIII;LAMPA;OFICINA METROPOLITANA;LAMPA;MAÍZ;1;0,31
CERTIFICADA Y OVM;XIII;SAN BERNARDO;OFICINA MAIPO;SAN BERNARDO;MAÍZ;1;6,15
CERTIFICADA Y OVM;XIII;MELIPILLA;OFICINA MELIPILLA;SANTA ROSA;MAÍZ;1;1
CERTIFICADA Y OVM;XIII;MELIPILLA;OFICINA MELIPILLA;SANTA ROSA;MAÍZ;1;1
ENSAYO OVM;VI;GRANEROS;OFICINA RANCAGUA;CODEGUA (RESEARC);MAÍZ;1;0,84
ENSAYO OVM;XIII;BUIN;OFICINA MAIPO;VILUCO;MAÍZ;1;0,8
ENSAYO OVM;XIII;BUIN;OFICINA MAIPO;VALDIVIA DE PAINE;MAÍZ;1;0,2
ENSAYO OVM;XIII;BUIN;OFICINA MAIPO;VILUCO;RAPS;1;12
CERTIFICADA Y OVM;XIII;MELIPILLA;OFICINA MELIPILLA;MELIPILLA;MAÍZ;1;3,8
CORRIENTE OVM;XIII;MELIPILLA;OFICINA MELIPILLA;PUANGUE;MAÍZ;1;0,39
CERTIFICADA Y OVM;XIII;MELIPILLA;OFICINA MELIPILLA;MELIPILLA;MAÍZ;1;1,2
CORRIENTE OVM;XIII;MELIPILLA;OFICINA MELIPILLA;PUANGUE;MAÍZ;1;0,37
CORRIENTE OVM;XIII;MELIPILLA;OFICINA MELIPILLA;PUANGUE;MAÍZ;1;0,31
CERTIFICADA Y OVM;XIII;BUIN;OFICINA MAIPO;LOS GUINDOS;MAÍZ;1;1
CERTIFICADA Y OVM;XIII;TALAGANTE;OFICINA TALAGANTE;TALAGANTE;MAÍZ;1;1
CERTIFICADA Y OVM;XIII;ISLA DEL MAIPO;OFICINA TALAGANTE;ISLA DE MAIPO;MAÍZ;1;20
CERTIFICADA Y OVM;XIII;ISLA DEL MAIPO;OFICINA TALAGANTE;ISLA DE MAIPO;MAÍZ;1;3,5
CERTIFICADA Y OVM;XIII;MELIPILLA;OFICINA MELIPILLA;MELIPILLA;MAÍZ;1;3,03
CERTIFICADA Y OVM;XIII;BUIN;OFICINA MAIPO;VILUCO;MAÍZ;1;1
CERTIFICADA Y OVM;XIII;MELIPILLA;OFICINA MELIPILLA;EL PAICO;MAÍZ;1;3,6
CORRIENTE OVM;XIII;ISLA DEL MAIPO;OFICINA TALAGANTE;ISLA DE MAIPO;MAÍZ;1;0,45
CORRIENTE OVM;XIII;MELIPILLA;OFICINA MELIPILLA;PUANGUE;MAÍZ;1;0,39
CORRIENTE OVM;XIII;MELIPILLA;OFICINA MELIPILLA;PUANGUE;MAÍZ;1;0,29
CORRIENTE OVM;XIII;MELIPILLA;OFICINA MELIPILLA;PUANGUE;MAÍZ;1;0,28
CERTIFICADA Y OVM;XIII;MELIPILLA;OFICINA MELIPILLA;CHIÑIGUE;MAÍZ;1;1,1
ENSAYO OVM;XIII;ISLA DEL MAIPO;OFICINA TALAGANTE;ISLA DE MAIPO;MAÍZ;1;0,33
CORRIENTE OVM;VI;CHIMBARONGO;OFICINA SAN FERNANDO;CHIMBAROGO;MAÍZ;1;14,57
CORRIENTE OVM;VII;SAN CLEMENTE;OFICINA TALCA;EL ALBA;MAÍZ;1;11,5
CERTIFICADA Y OVM;VII;SAN CLEMENTE;OFICINA TALCA;QUEBRADA DE AGUA;MAÍZ;1;8
CORRIENTE OVM;VII;SAN CLEMENTE;OFICINA TALCA;EL ALBA;MAÍZ;5;26,5
CORRIENTE OVM;VII;SAN CLEMENTE;OFICINA TALCA;EL ALBA;MAÍZ;1;9
CERTIFICADA Y OVM;VII;SAN CLEMENTE;OFICINA TALCA;EL ALAMO NORTE;MAÍZ;1;3,5
CERTIFICADA Y OVM;VII;SAN CLEMENTE;OFICINA TALCA;TRES PUENTE;MAÍZ;1;30
CERTIFICADA Y OVM;VI;SAN FERNANDO;OFICINA SAN FERNANDO;ROMA;MAÍZ;1;10,9
CERTIFICADA Y OVM;VII;SAN CLEMENTE;OFICINA TALCA;QUEBRADA DE AGUA;MAÍZ;2;26,7
CERTIFICADA Y OVM;VII;SAN CLEMENTE;OFICINA TALCA;SANTA MARGARITA;MAÍZ;3;22,5
CERTIFICADA Y OVM;VI;SANTA CRUZ;OFICINA SAN FERNANDO;APALTA;MAÍZ;1;6,25
CERTIFICADA Y OVM;VII;SAN CLEMENTE;OFICINA TALCA;SAN JORGE NORTE;MAÍZ;1;21,8
CERTIFICADA Y OVM;VII;TALCA;OFICINA TALCA;RAMADILLA DE LIRCAY;MAÍZ;3;21,3
CERTIFICADA Y OVM;VII;SAN CLEMENTE;OFICINA TALCA;SAN JORGE NORTE;MAÍZ;2;20,1
CERTIFICADA Y OVM;VII;TENO;OFICINA CURICO;MORZA;MAÍZ;2;8,7
CERTIFICADA Y OVM;VII;MOLINA;OFICINA CURICO;MOLINA;MAÍZ;3;32,8
CORRIENTE OVM;VII;SAN CLEMENTE;OFICINA TALCA;LA RAYA;MAÍZ;1;5,2
ENSAYO OVM;XIII;BUIN;OFICINA MAIPO;CAMPUSANO;MAÍZ;1;1,16
ENSAYO OVM;XIII;BUIN;OFICINA MAIPO;CAMPUSANO;MAÍZ;1;0,87
CERTIFICADA Y OVM;VII;SAN CLEMENTE;OFICINA TALCA;EL ALBA;MAÍZ;3;17
ENSAYO OVM;XV;ARICA;OFICINA ARICA;CONCORDIA;MAÍZ;1;0,926
ENSAYO OVM;XV;ARICA;OFICINA ARICA;CONCORDIA;MAÍZ;1;0,597
CERTIFICADA Y OVM;VI;CHIMBARONGO;OFICINA SAN FERNANDO;CHIMBARONGO;MAÍZ;1;13
CERTIFICADA Y OVM;VI;CHIMBARONGO;OFICINA SAN FERNANDO;CHIMBARONGO;MAÍZ;1;14,6
CORRIENTE OVM;XIII;TALAGANTE;OFICINA TALAGANTE;CAMINO LORETO;MAÍZ;1;8,5
CERTIFICADA Y OVM;XIII;EL MONTE;OFICINA TALAGANTE;EL MONTE;MAÍZ;1;4,88
CERTIFICADA Y OVM;XIII;LAMPA;OFICINA METROPOLITANA;LO ECHEVERS;MAÍZ;1;0,25
CERTIFICADA Y OVM;XIII;TALAGANTE;OFICINA TALAGANTE;EL OLIVETO;MAÍZ;1;0,23
CERTIFICADA Y OVM;XIII;LAMPA;OFICINA METROPOLITANA;LO ECHEVERS.;MAÍZ;1;0,3
CERTIFICADA Y OVM;XIII;TALAGANTE;OFICINA TALAGANTE;TALAGANTE;MAÍZ;1;1,1
CERTIFICADA Y OVM;XIII;PAINE;OFICINA MAIPO;HUELQUEN;MAÍZ;2;2
ENSAYO OVM;XIII;BUIN;OFICINA MAIPO;VILUCO;MAÍZ;1;1,65
CERTIFICADA Y OVM;XIII;EL MONTE;OFICINA TALAGANTE;EL MONTE;MAÍZ;1;1,61
CERTIFICADA Y OVM;XIII;EL MONTE;OFICINA TALAGANTE;EL MONTE;MAÍZ;1;0,41
CORRIENTE OVM;XIII;PAINE;OFICINA MAIPO;PAINE;MAÍZ;1;0,3
CERTIFICADA Y OVM;XIII;MELIPILLA;OFICINA MELIPILLA;MELIPILLA;MAÍZ;2;2,18
CERTIFICADA Y OVM;XIII;TALAGANTE;OFICINA TALAGANTE;TALAGANTE;MAÍZ;1;2,4
CERTIFICADA Y OVM;XIII;LAMPA;OFICINA METROPOLITANA;LO ECHEVERS;MAÍZ;1;0,41
CERTIFICADA Y OVM;XIII;BUIN;OFICINA MAIPO;VILUCO;MAÍZ;1;1,6
CERTIFICADA Y OVM;XIII;MELIPILLA;OFICINA MELIPILLA;MELIPILLA;MAÍZ;1;0,84
CERTIFICADA Y OVM;XIII;EL MONTE;OFICINA TALAGANTE;EL MONTE;MAÍZ;1;1,6
CERTIFICADA Y OVM;XIII;ISLA DEL MAIPO;OFICINA TALAGANTE;ISLA DE MAIPO;MAÍZ;2;2,14
ENSAYO OVM;XV;ARICA;OFICINA ARICA;CHACA;MAÍZ;1;0,329
CERTIFICADA Y OVM;XIII;MELIPILLA;OFICINA MELIPILLA;CHIÑIGUE;MAÍZ;1;1,13
ENSAYO OVM;IX;PADRE LAS CASAS;OFICINA TEMUCO;2015 FLD 16;RAPS;2;6,453
CERTIFICADA Y OVM;XIII;MELIPILLA;OFICINA MELIPILLA;POMAIRE;MAÍZ;1;4,91
CERTIFICADA Y OVM;XIII;MELIPILLA;OFICINA MELIPILLA;MELIPILLA;MAÍZ;1;0,7
CERTIFICADA Y OVM;XIII;EL MONTE;OFICINA TALAGANTE;EL MONTE;MAÍZ;1;0,25
CERTIFICADA Y OVM;XIII;SAN BERNARDO;OFICINA MAIPO;LO HERRERA;MAÍZ;1;1,6
CORRIENTE OVM;XIII;EL MONTE;OFICINA TALAGANTE;EL MONTE;MAÍZ;1;0,3
CERTIFICADA Y OVM;XIII;TALAGANTE;OFICINA TALAGANTE;TALAGANTE;MAÍZ;1;3,8
CERTIFICADA Y OVM;XIII;TALAGANTE;OFICINA TALAGANTE;TALAGANTE;MAÍZ;1;1,14
CERTIFICADA Y OVM;XIII;EL MONTE;OFICINA TALAGANTE;EL MONTE;MAÍZ;1;0,36
CERTIFICADA Y OVM;XIII;PAINE;OFICINA MAIPO;PAINE;MAÍZ;1;0,84
CERTIFICADA Y OVM;VII;SAGRADA FAMILIA;OFICINA CURICO;SANTA EMILIA;MAÍZ;1;18
CERTIFICADA Y OVM;XIII;TIL TIL;OFICINA METROPOLITANA;POLPAICO;MAÍZ;1;6,11
CERTIFICADA Y OVM;VII;TENO;OFICINA CURICO;MORZA;MAÍZ;1;5,5
CERTIFICADA Y OVM;VI;CHIMBARONGO;OFICINA SAN FERNANDO;SAN JUAN DE LA SIERRA;MAÍZ;1;15
CERTIFICADA Y OVM;VII;SAN CLEMENTE;OFICINA TALCA;QUEBRADA DE AGUA;MAÍZ;1;15
CERTIFICADA Y OVM;XIII;QUILICURA;OFICINA METROPOLITANA;QUILICURA;MAÍZ;1;1
CERTIFICADA Y OVM;XIII;MELIPILLA;OFICINA MELIPILLA;MELIPILLA;MAÍZ;1;6,11
CERTIFICADA Y OVM;XIII;MELIPILLA;OFICINA MELIPILLA;EL PAICO;MAÍZ;1;2,4
CERTIFICADA Y OVM;VII;TENO;OFICINA CURICO;LA MONTAÑA DE TENO;MAÍZ;1;40
CERTIFICADA Y OVM;VII;MOLINA;OFICINA CURICO;FUNDO LA SOLERA;MAÍZ;1;11
CERTIFICADA Y OVM;VI;PLACILLA;OFICINA SAN FERNANDO;PLACILLA;MAÍZ;1;20
CERTIFICADA Y OVM;VII;TENO;OFICINA CURICO;LA MONTAÑA DE TENO;MAÍZ;1;25
CERTIFICADA Y OVM;VII;SAGRADA FAMILIA;OFICINA CURICO;REQUINGUA;MAÍZ;1;22,5
CERTIFICADA Y OVM;VII;SAN CLEMENTE;OFICINA TALCA;LA RAYA;MAÍZ;1;6,1
CERTIFICADA Y OVM;VII;MOLINA;OFICINA CURICO;FUNDO LA SOLERA;MAÍZ;1;10,54
CERTIFICADA Y OVM;VII;SAN CLEMENTE;OFICINA TALCA;LA RAYA;MAÍZ;1;12
CERTIFICADA Y OVM;VII;SAN CLEMENTE;OFICINA TALCA;ALAMO SUR, SAN CLEMENTE;MAÍZ;1;16,98
CERTIFICADA Y OVM;XIII;TALAGANTE;OFICINA TALAGANTE;TALAGANTE;MAÍZ;1;0,85
CERTIFICADA Y OVM;XIII;ISLA DEL MAIPO;OFICINA TALAGANTE;ISLA DE MAIPO;MAÍZ;1;1,2
CERTIFICADA Y OVM;XIII;TALAGANTE;OFICINA TALAGANTE;TALAGANTE;MAÍZ;1;0,41
CERTIFICADA Y OVM;XIII;TALAGANTE;OFICINA TALAGANTE;TALAGANTE;MAÍZ;1;0,43
CERTIFICADA Y OVM;XIII;QUILICURA;OFICINA METROPOLITANA;QUILICURA;MAÍZ;1;1
CERTIFICADA Y OVM;VI;PERALILLO;OFICINA SAN FERNANDO;EL BARCO;MAÍZ;1;20
CERTIFICADA Y OVM;VI;PLACILLA;OFICINA SAN FERNANDO;PLACILLA;MAÍZ;1;8
CERTIFICADA Y OVM;VI;CHIMBARONGO;OFICINA SAN FERNANDO;CHIMBARONGO;MAÍZ;2;48
CERTIFICADA Y OVM;VII;SAGRADA FAMILIA;OFICINA CURICO;SANTA ROSA;MAÍZ;3;29,5
CORRIENTE OVM;VII;SAN CLEMENTE;OFICINA TALCA;SANTA TERESA;MAÍZ;3;19
CERTIFICADA Y OVM;VII;ROMERAL;OFICINA CURICO;GUAICO 1;MAÍZ;2;16,7
CERTIFICADA Y OVM;VII;SAN CLEMENTE;OFICINA TALCA;QUEBRADA DE AGUA;MAÍZ;2;25,5
CERTIFICADA Y OVM;VII;SAN CLEMENTE;OFICINA TALCA;LA RAYA;MAÍZ;2;17,45
CERTIFICADA Y OVM;VII;SAN CLEMENTE;OFICINA TALCA;ALAMO SUR;MAÍZ;3;37,9
CERTIFICADA Y OVM;VI;CHIMBARONGO;OFICINA SAN FERNANDO;CHIMBARONGO;MAÍZ;2;21,3
CERTIFICADA Y OVM;VI;PERALILLO;OFICINA SAN FERNANDO;EL BARCO;MAÍZ;2;28,28
CORRIENTE OVM;VII;SAN CLEMENTE;OFICINA TALCA;EL ALBA.;MAÍZ;2;10
CORRIENTE OVM;VII;SAN CLEMENTE;OFICINA TALCA;LOS TREILES;MAÍZ;2;13,9
CORRIENTE OVM;VII;SAN CLEMENTE;OFICINA TALCA;LA OBRA.;MAÍZ;2;13,4
CORRIENTE OVM;VII;MOLINA;OFICINA CURICO;LONTUÉ.;MAÍZ;3;21
CORRIENTE OVM;VII;SAN CLEMENTE;OFICINA TALCA;EL ALBA.;MAÍZ;1;6
CERTIFICADA Y OVM;VI;CHIMBARONGO;OFICINA SAN FERNANDO;LA PLATINA;MAÍZ;1;12
CERTIFICADA Y OVM;VI;CHIMBARONGO;OFICINA SAN FERNANDO;EL SAUCE;MAÍZ;1;12,3
CERTIFICADA Y OVM;VI;CHIMBARONGO;OFICINA SAN FERNANDO;LA PLATINA;MAÍZ;1;4
CERTIFICADA Y OVM;VI;SAN FERNANDO;OFICINA SAN FERNANDO;ROMA;MAÍZ;1;8,6
ENSAYO OVM;XIII;BUIN;OFICINA MAIPO;VILUCO;MAÍZ;1;2
ENSAYO OVM;VI;CHIMBARONGO;OFICINA SAN FERNANDO;PEOR ES NADA;MAÍZ;1;1,8
ENSAYO OVM;VI;PLACILLA;OFICINA SAN FERNANDO;PLACILLA;MAÍZ;1;3
ENSAYO OVM;XIII;BUIN;OFICINA MAIPO;VILUCO;MAÍZ;1;2,04
ENSAYO OVM;XIII;BUIN;OFICINA MAIPO;VILUCO;MAÍZ;1;0,38
ENSAYO OVM;XIII;ISLA DEL MAIPO;OFICINA TALAGANTE;ISLA DE MAIPO;MAÍZ;2;0,66
ENSAYO OVM;XIII;BUIN;OFICINA MAIPO;VILUCO;MAÍZ;1;0,93
CERTIFICADA Y OVM;XIII;SAN BERNARDO;OFICINA MAIPO;NOS;MAÍZ;1;1,6
CORRIENTE OVM;XIII;MELIPILLA;OFICINA MELIPILLA;VILLA ALEGRE;MAÍZ;1;0,05
CERTIFICADA Y OVM;XIII;EL MONTE;OFICINA TALAGANTE;EL MONTE;MAÍZ;1;1,1
CERTIFICADA Y OVM;XIII;TALAGANTE;OFICINA TALAGANTE;TALAGENTE;MAÍZ;1;0,62
CERTIFICADA Y OVM;XIII;ISLA DEL MAIPO;OFICINA TALAGANTE;ISLA DE MAIPO;MAÍZ;1;2,35
CERTIFICADA Y OVM;XIII;PAINE;OFICINA MAIPO;PAINE;MAÍZ;1;1
CERTIFICADA Y OVM;XIII;MELIPILLA;OFICINA MELIPILLA;EL PAICO;MAÍZ;1;1,2
CERTIFICADA Y OVM;XIII;MELIPILLA;OFICINA MELIPILLA;CHIÑIGUE;MAÍZ;1;1
CERTIFICADA Y OVM;XIII;MELIPILLA;OFICINA MELIPILLA;LOS QUILOS - CHIÑIHUE;MAÍZ;1;3,66
CERTIFICADA Y OVM;XIII;MELIPILLA;OFICINA MELIPILLA;MELIPILLA;MAÍZ;1;1,07
CERTIFICADA Y OVM;XIII;PEÑAFLOR;OFICINA TALAGANTE;MALLOCO;MAÍZ;1;1
CERTIFICADA Y OVM;XIII;BUIN;OFICINA MAIPO;VILUCO;MAÍZ;1;1
CERTIFICADA Y OVM;XIII;BUIN;OFICINA MAIPO;VILUCO;MAÍZ;1;1
CERTIFICADA Y OVM;XIII;MELIPILLA;OFICINA MELIPILLA;MELIPILLA;MAÍZ;1;1
CERTIFICADA Y OVM;XIII;MELIPILLA;OFICINA MELIPILLA;MELIPILLA;MAÍZ;1;0,48
CERTIFICADA Y OVM;XIII;MELIPILLA;OFICINA MELIPILLA;PUANGUE;MAÍZ;1;1,33
CERTIFICADA Y OVM;XIII;MELIPILLA;OFICINA MELIPILLA;MELIPILLA;MAÍZ;1;1
CERTIFICADA Y OVM;XIII;MELIPILLA;OFICINA MELIPILLA;MELIPILLA;MAÍZ;1;1,16
ENSAYO OVM;XIII;PAINE;OFICINA MAIPO;MANSEL;MAÍZ;1;0,2
ENSAYO OVM;XIII;PAINE;OFICINA MAIPO;MANSEL;MAÍZ;1;0,2
ENSAYO OVM;IX;PADRE LAS CASAS;OFICINA TEMUCO;2015 FLD 3;RAPS;1;1
CERTIFICADA Y OVM;XIII;LAMPA;OFICINA METROPOLITANA;NOVICIADO;MAÍZ;1;0,41
CERTIFICADA Y OVM;XIII;MAIPU;OFICINA METROPOLITANA;MAIPÚ;MAÍZ;1;2,4
CERTIFICADA Y OVM;XIII;TALAGANTE;OFICINA TALAGANTE;TALAGANTE;MAÍZ;1;2,5
CERTIFICADA Y OVM;XIII;MELIPILLA;OFICINA MELIPILLA;EL PAICO;MAÍZ;1;1,17
CERTIFICADA Y OVM;XIII;TALAGANTE;OFICINA TALAGANTE;TALAGANTE;MAÍZ;1;1,68
CERTIFICADA Y OVM;XIII;LAMPA;OFICINA METROPOLITANA;NOVICIADO;MAÍZ;1;0,21
CERTIFICADA Y OVM;XIII;TALAGANTE;OFICINA TALAGANTE;TALAGANTE;MAÍZ;1;1,18
CERTIFICADA Y OVM;XIII;LAMPA;OFICINA METROPOLITANA;NOVICIADO;MAÍZ;1;0,4
CERTIFICADA Y OVM;XIII;EL MONTE;OFICINA TALAGANTE;CHIÑIGUE;MAÍZ;3;3,49
CORRIENTE OVM;XIII;ISLA DEL MAIPO;OFICINA TALAGANTE;ISLA DE MAIPO;MAÍZ;1;0,32
CERTIFICADA Y OVM;XIII;CALERA DE TANGO;OFICINA MAIPO;CALERA DE TANGO;MAÍZ;1;0,36
CERTIFICADA Y OVM;XIII;BUIN;OFICINA MAIPO;VILUCO;MAÍZ;1;0,8
CERTIFICADA Y OVM;XIII;TALAGANTE;OFICINA TALAGANTE;TALAGANTE;MAÍZ;1;1,19
CERTIFICADA Y OVM;XIII;MAIPU;OFICINA METROPOLITANA;RINCONADA DE MAIPÚ;MAÍZ;1;0,39
CERTIFICADA Y OVM;XIII;EL MONTE;OFICINA TALAGANTE;EL MONTE;MAÍZ;1;1
CERTIFICADA Y OVM;XIII;ISLA DEL MAIPO;OFICINA TALAGANTE;ISLA DE MAIPO;MAÍZ;2;1,94
CERTIFICADA Y OVM;XIII;LAMPA;OFICINA METROPOLITANA;LO ECHEVERS.;MAÍZ;1;0,33
ENSAYO OVM;XIII;BUIN;OFICINA MAIPO;VILUCO;MAÍZ;1;0,83
ENSAYO OVM;XIII;BUIN;OFICINA MAIPO;VILUCO;MAÍZ;1;0,436
ENSAYO OVM;XIII;BUIN;OFICINA MAIPO;CAMPUSANO;MAÍZ;1;1,26
ENSAYO OVM;XIII;BUIN;OFICINA MAIPO;CAMPUSANO;MAÍZ;1;0,87
ENSAYO OVM;XIII;BUIN;OFICINA MAIPO;CAMPUSANO;MAÍZ;1;1,04
ENSAYO OVM;XIII;BUIN;OFICINA MAIPO;VILUCO;MAÍZ;1;0,81
CERTIFICADA Y OVM;XIII;MAIPU;OFICINA METROPOLITANA;MAIPÚ;MAÍZ;1;2,42
CERTIFICADA Y OVM;XIII;MAIPU;OFICINA METROPOLITANA;SANTA ANA DE CHENA;MAÍZ;1;0,48
CERTIFICADA Y OVM;XIII;COLINA;OFICINA METROPOLITANA;COLINA;MAÍZ;1;1
CERTIFICADA Y OVM;XIII;MAIPU;OFICINA METROPOLITANA;RINCONADA DE MAIPÚ;MAÍZ;1;1,61
CERTIFICADA Y OVM;XIII;TALAGANTE;OFICINA TALAGANTE;TALAGANTE;MAÍZ;1;3,26
CERTIFICADA Y OVM;XIII;SAN BERNARDO;OFICINA MAIPO;LO HERRERA;MAÍZ;1;1,1
CERTIFICADA Y OVM;XIII;SAN BERNARDO;OFICINA MAIPO;LO HERRERA;MAÍZ;1;0,47
CERTIFICADA Y OVM;XIII;TALAGANTE;OFICINA TALAGANTE;TALAGANTE;MAÍZ;1;0,41
CERTIFICADA Y OVM;XIII;TALAGANTE;OFICINA TALAGANTE;TALAGANTE;MAÍZ;1;0,97
CERTIFICADA Y OVM;XIII;PAINE;OFICINA MAIPO;PAINE;MAÍZ;1;1
CERTIFICADA Y OVM;VII;MOLINA;OFICINA CURICO;MOLINA;MAÍZ;1;6,7
CERTIFICADA Y OVM;VI;CHIMBARONGO;OFICINA SAN FERNANDO;CHIMBARONGO;MAÍZ;1;12
CERTIFICADA Y OVM;VII;SAGRADA FAMILIA;OFICINA CURICO;LOS QUILLAYES;MAÍZ;1;64,2
CERTIFICADA Y OVM;VII;MOLINA;OFICINA CURICO;MOLINA;MAÍZ;1;6
CERTIFICADA Y OVM;VII;MOLINA;OFICINA CURICO;MOLINA;MAÍZ;1;4,1
CERTIFICADA Y OVM;XIII;TALAGANTE;OFICINA TALAGANTE;CAMINO LONQUÉN;MAÍZ;1;1
CERTIFICADA Y OVM;XIII;CALERA DE TANGO;OFICINA MAIPO;CALERA DE TANGO;MAÍZ;2;2,18
CERTIFICADA Y OVM;XIII;MELIPILLA;OFICINA MELIPILLA;;MAÍZ;1;1,15
CERTIFICADA Y OVM;VI;CHIMBARONGO;OFICINA SAN FERNANDO;SAN JUAN DE LA SIERRA;MAÍZ;1;11
CERTIFICADA Y OVM;XIII;EL MONTE;OFICINA TALAGANTE;EL PAICO;MAÍZ;2;2,12
CERTIFICADA Y OVM;XIII;BUIN;OFICINA MAIPO;LINDEROS;MAÍZ;1;0,27
CERTIFICADA Y OVM;XIII;BUIN;OFICINA MAIPO;LINDEROS;MAÍZ;1;0,27
CERTIFICADA Y OVM;XIII;MAIPU;OFICINA METROPOLITANA;PAJARITOS;MAÍZ;1;0,2
CERTIFICADA Y OVM;XIII;PADRE HURTADO;OFICINA TALAGANTE;PADRE HURTADO;MAÍZ;1;1,6
CERTIFICADA Y OVM;XIII;LAMPA;OFICINA METROPOLITANA;LO ECHEVERS;MAÍZ;1;3,6
ENSAYO OVM;XIII;BUIN;OFICINA MAIPO;CAMPUSANO;MAÍZ;1;0,68
ENSAYO OVM;XIII;BUIN;OFICINA MAIPO;CAMPUSANO;MAÍZ;1;1,11
CERTIFICADA Y OVM;XIII;BUIN;OFICINA MAIPO;LINDEROS;MAÍZ;1;0,24
ENSAYO OVM;XIII;BUIN;OFICINA MAIPO;CAMPUSANO;MAÍZ;1;1,15
CERTIFICADA Y OVM;XIII;MAIPU;OFICINA METROPOLITANA;MAIPU;MAÍZ;1;1,6
CERTIFICADA Y OVM;XIII;MELIPILLA;OFICINA MELIPILLA;MELIPILLA;MAÍZ;1;3,71
ENSAYO OVM;XIII;BUIN;OFICINA MAIPO;VILUCO;MAÍZ;1;2,18
ENSAYO OVM;XIII;BUIN;OFICINA MAIPO;VILUCO;MAÍZ;1;2,04
ENSAYO OVM;XIII;BUIN;OFICINA MAIPO;VILUCO;MAÍZ;1;1,2
ENSAYO OVM;XIII;BUIN;OFICINA MAIPO;VILUCO;MAÍZ;1;0,55
ENSAYO OVM;XIII;BUIN;OFICINA MAIPO;VILUCO;MAÍZ;1;0,89
CERTIFICADA Y OVM;VI;PALMILLA;OFICINA SAN FERNANDO;LAS MAJADAS;MAÍZ;1;17
CERTIFICADA Y OVM;XIII;CALERA DE TANGO;OFICINA MAIPO;CALERA DE TANGO;MAÍZ;1;0,95
CERTIFICADA Y OVM;XIII;MAIPU;OFICINA METROPOLITANA;LONQUÉN;MAÍZ;1;1,48
CERTIFICADA Y OVM;XIII;CALERA DE TANGO;OFICINA MAIPO;EL BARRANCÓN;MAÍZ;1;0,31
CERTIFICADA Y OVM;VII;TALCA;OFICINA TALCA;SECTOR LAS LATAS;MAÍZ;1;10
CERTIFICADA Y OVM;VII;SAN CLEMENTE;OFICINA TALCA;SAN JORGE;MAÍZ;1;5,5
CERTIFICADA Y OVM;XIII;BUIN;OFICINA MAIPO;VILUCO;MAÍZ;2;1,85
CERTIFICADA Y OVM;XIII;PAINE;OFICINA MAIPO;PAINE;MAÍZ;1;1
CERTIFICADA Y OVM;XIII;LAMPA;OFICINA METROPOLITANA;LO ECHEVERS;MAÍZ;1;1
CERTIFICADA Y OVM;XIII;LAMPA;OFICINA METROPOLITANA;LO ECHEVERS;MAÍZ;1;1
CERTIFICADA Y OVM;XIII;MAIPU;OFICINA METROPOLITANA;LOMAS DE LO AGUIRRE;MAÍZ;1;1
CERTIFICADA Y OVM;XIII;MAIPU;OFICINA METROPOLITANA;LOMAS DE LO AGUIRRE;MAÍZ;1;1,05
CERTIFICADA Y OVM;XIII;LAMPA;OFICINA METROPOLITANA;LO ECHEVERS;MAÍZ;1;5,1
CERTIFICADA Y OVM;XIII;LAMPA;OFICINA METROPOLITANA;LO ECHEVERS;MAÍZ;1;1
CERTIFICADA Y OVM;XIII;LAMPA;OFICINA METROPOLITANA;LO ECHEVERS;MAÍZ;1;0,96
CERTIFICADA Y OVM;XIII;MAIPU;OFICINA METROPOLITANA;RINCONADA DE MAIPU;MAÍZ;2;3,22
ENSAYO OVM;XIII;BUIN;OFICINA MAIPO;SANTA FILOMENA;MAÍZ;1;0,2
CORRIENTE OVM;XIII;TALAGANTE;OFICINA TALAGANTE;EL CORTE;SOYA;1;7
CORRIENTE OVM;XIII;SAN BERNARDO;OFICINA MAIPO;SAN BERNARDO;SOYA;1;5
CORRIENTE OVM;XIII;COLINA;OFICINA METROPOLITANA;COLINA;SOYA;1;4,9
CERTIFICADA Y OVM;XIII;MELIPILLA;OFICINA MELIPILLA;POMAIRE;MAÍZ;1;1,8
CORRIENTE OVM;XIII;SAN BERNARDO;OFICINA MAIPO;SAN BERNARDO;MAÍZ;1;0,07
CORRIENTE OVM;XIII;SAN BERNARDO;OFICINA MAIPO;SAN BERNARDO;MAÍZ;1;0,07
CORRIENTE OVM;XIII;BUIN;OFICINA MAIPO;VILUCO;MAÍZ;1;0,07
CORRIENTE OVM;XIII;SAN BERNARDO;OFICINA MAIPO;SAN BERNARDO;MAÍZ;1;0,07
CORRIENTE OVM;XIII;SAN BERNARDO;OFICINA MAIPO;SAN BERNARDO;MAÍZ;1;0,07
CORRIENTE OVM;XIII;SAN BERNARDO;OFICINA MAIPO;SAN BERNARDO;MAÍZ;1;0,06
CORRIENTE OVM;XIII;BUIN;OFICINA MAIPO;VILUCO;MAÍZ;1;0,07
CORRIENTE OVM;XIII;SAN BERNARDO;OFICINA MAIPO;SAN BERNARDO;MAÍZ;1;0,07
CORRIENTE OVM;XIII;SAN BERNARDO;OFICINA MAIPO;SAN BERNARDO;MAÍZ;1;0,07
CORRIENTE OVM;XIII;SAN BERNARDO;OFICINA MAIPO;SAN BERNARDO;MAÍZ;1;0,07
CORRIENTE OVM;XIII;SAN BERNARDO;OFICINA MAIPO;SAN BERNARDO;MAÍZ;1;0,07
CORRIENTE OVM;XIII;SAN BERNARDO;OFICINA MAIPO;SAN BERNARDO;MAÍZ;1;0,07
CERTIFICADA Y OVM;XIII;MELIPILLA;OFICINA MELIPILLA;MELIPILLA;MAÍZ;1;0,91
CERTIFICADA Y OVM;XIII;PAINE;OFICINA MAIPO;PAINE;MAÍZ;1;1
CERTIFICADA Y OVM;XIII;MELIPILLA;OFICINA MELIPILLA;MELIPILLA;MAÍZ;1;6,36
CERTIFICADA Y OVM;XIII;MELIPILLA;OFICINA MELIPILLA;MELIPILLA;MAÍZ;1;1
CERTIFICADA Y OVM;XIII;MELIPILLA;OFICINA MELIPILLA;EL PAICO;MAÍZ;1;0,8
CERTIFICADA Y OVM;XIII;BUIN;OFICINA MAIPO;LINDEROS;MAÍZ;1;6,09
CERTIFICADA Y OVM;XIII;MELIPILLA;OFICINA MELIPILLA;BOLLENAR;MAÍZ;1;1,16
CERTIFICADA Y OVM;XIII;ISLA DEL MAIPO;OFICINA TALAGANTE;ISLA DE MAIPO;MAÍZ;1;6,1
CORRIENTE OVM;XIII;MELIPILLA;OFICINA MELIPILLA;SAN JOSÉ;MAÍZ;1;0,41
CERTIFICADA Y OVM;XIII;MELIPILLA;OFICINA MELIPILLA;MELIPILLA;MAÍZ;1;1,16
CERTIFICADA Y OVM;XIII;SAN BERNARDO;OFICINA MAIPO;LO HERRERA;MAÍZ;3;2,8
CERTIFICADA Y OVM;XIII;EL MONTE;OFICINA TALAGANTE;EL MONTE;MAÍZ;1;2,41
CERTIFICADA Y OVM;XIII;TALAGANTE;OFICINA TALAGANTE;TALAGANTE;MAÍZ;1;0,29
CORRIENTE OVM;XIII;BUIN;OFICINA MAIPO;VILUCO;MAÍZ;1;0,1
CORRIENTE OVM;XIII;BUIN;OFICINA MAIPO;VILUCO;MAÍZ;1;0,07
CERTIFICADA Y OVM;XIII;EL MONTE;OFICINA TALAGANTE;EL MONTE;MAÍZ;1;1,12
CERTIFICADA Y OVM;XIII;TALAGANTE;OFICINA TALAGANTE;TALAGANTE;MAÍZ;1;3,4
CERTIFICADA Y OVM;XIII;SAN BERNARDO;OFICINA MAIPO;NOS;MAÍZ;1;1
CERTIFICADA Y OVM;XIII;ISLA DEL MAIPO;OFICINA TALAGANTE;ISLA DE MAIPO;MAÍZ;1;3,58
CERTIFICADA Y OVM;XIII;EL MONTE;OFICINA TALAGANTE;EL PAICO;MAÍZ;1;6
CERTIFICADA Y OVM;XIII;EL MONTE;OFICINA TALAGANTE;EL PAICO;MAÍZ;1;4,44
CERTIFICADA Y OVM;XIII;EL MONTE;OFICINA TALAGANTE;EL PAICO;MAÍZ;1;4,8
CERTIFICADA Y OVM;XIII;PAINE;OFICINA MAIPO;VALLE HERMOSO;MAÍZ;3;3
CORRIENTE OVM;XIII;PAINE;OFICINA MAIPO;VALLE HERMOSO;MAÍZ;1;0,07
CORRIENTE OVM;XIII;MAIPU;OFICINA METROPOLITANA;MAIPÚ;MAÍZ;1;0,09
CORRIENTE OVM;XIII;MAIPU;OFICINA METROPOLITANA;MAIPÚ;MAÍZ;1;0,09
CERTIFICADA Y OVM;XIII;TALAGANTE;OFICINA TALAGANTE;TALAGANTE;MAÍZ;1;3,8
CERTIFICADA Y OVM;VII;SAGRADA FAMILIA;OFICINA CURICO;CALLEJÓN TODOS LOS SANTOS;MAÍZ;1;6,5
CERTIFICADA Y OVM;VI;CHIMBARONGO;OFICINA SAN FERNANDO;CHIMBARONGO;MAÍZ;2;26
CERTIFICADA Y OVM;XIII;MELIPILLA;OFICINA MELIPILLA;POMAIRE;MAÍZ;1;1
CERTIFICADA Y OVM;XIII;MELIPILLA;OFICINA MELIPILLA;POMAIRE;MAÍZ;1;1,2
CERTIFICADA Y OVM;XIII;MELIPILLA;OFICINA MELIPILLA;EL PAICO;MAÍZ;1;1,07
ENSAYO OVM;XIII;BUIN;OFICINA MAIPO;CAMPUSANO;MAÍZ;1;0,67
ENSAYO OVM;XIII;BUIN;OFICINA MAIPO;CAMPUSANO;MAÍZ;1;0,46
CERTIFICADA Y OVM;XIII;LAMPA;OFICINA METROPOLITANA;LO ECHEVERS;MAÍZ;1;0,4
CERTIFICADA Y OVM;XIII;LAMPA;OFICINA METROPOLITANA;LO ECHEVERS;MAÍZ;1;0,37
CERTIFICADA Y OVM;XIII;MAIPU;OFICINA METROPOLITANA;MAIPÚ;MAÍZ;1;6,07
CERTIFICADA Y OVM;XIII;TIL TIL;OFICINA METROPOLITANA;POLPAICO;MAÍZ;2;2,15
CERTIFICADA Y OVM;XIII;COLINA;OFICINA METROPOLITANA;CHICUREO;MAÍZ;1;0,45
CERTIFICADA Y OVM;XIII;COLINA;OFICINA METROPOLITANA;CHICUREO;MAÍZ;1;1
ENSAYO OVM;XIII;BUIN;OFICINA MAIPO;CAMPUSANO;MAÍZ;1;0,45
ENSAYO OVM;XIII;BUIN;OFICINA MAIPO;CAMPUSANO;MAÍZ;1;0,31
ENSAYO OVM;XIII;BUIN;OFICINA MAIPO;CAMPUSANO;MAÍZ;1;0,6
ENSAYO OVM;XIII;BUIN;OFICINA MAIPO;VILUCO;MAÍZ;1;0,62
ENSAYO OVM;XIII;BUIN;OFICINA MAIPO;CAMPUSANO;MAÍZ;1;0,16
ENSAYO OVM;XIII;BUIN;OFICINA MAIPO;CAMPUSANO;MAÍZ;1;0,6
CORRIENTE OVM;VI;RANCAGUA;OFICINA RANCAGUA;CHANCON;SOYA;1;2,5
CORRIENTE OVM;VI;RANCAGUA;OFICINA RANCAGUA;CHANCON;SOYA;1;5
CORRIENTE OVM;VI;RANCAGUA;OFICINA RANCAGUA;CHANCON;SOYA;1;5
CORRIENTE OVM;VI;RANCAGUA;OFICINA RANCAGUA;RANCAGUA;SOYA;1;5
CORRIENTE OVM;XIII;MELIPILLA;OFICINA MELIPILLA;CHIÑIHUE LAS ROSAS;SOYA;1;4
ENSAYO OVM;XV;ARICA;OFICINA ARICA;CONCORDIA;MAÍZ;1;0,98
ENSAYO OVM;XV;ARICA;OFICINA ARICA;CONCORDIA;MAÍZ;1;0,99
ENSAYO OVM;XV;ARICA;OFICINA ARICA;CONCORDIA;MAÍZ;1;1,44
CERTIFICADA Y OVM;XIII;MELIPILLA;OFICINA MELIPILLA;MELIPILLA;MAÍZ;1;1,2
CERTIFICADA Y OVM;XIII;MELIPILLA;OFICINA MELIPILLA;MELIPILLA;MAÍZ;1;6,07
CERTIFICADA Y OVM;XIII;COLINA;OFICINA METROPOLITANA;CHICUREO;MAÍZ;1;0,6
CORRIENTE OVM;XIII;MELIPILLA;OFICINA MELIPILLA;CHIÑIHUE LAS ROSAS;SOYA;1;4
CORRIENTE OVM;XIII;PAINE;OFICINA MAIPO;VALLE HERMOSO;MAÍZ;1;0,41
CORRIENTE OVM;VI;RANCAGUA;OFICINA RANCAGUA;LA GONZALINA;SOYA;1;10
CORRIENTE OVM;XIII;COLINA;OFICINA METROPOLITANA;COLINA;SOYA;1;5,7
CERTIFICADA Y OVM;XIII;BUIN;OFICINA MAIPO;BUIN;MAÍZ;1;0,4
CERTIFICADA Y OVM;XIII;MELIPILLA;OFICINA MELIPILLA;MELIPILLA;MAÍZ;1;1
CERTIFICADA Y OVM;XIII;COLINA;OFICINA METROPOLITANA;COLINA;MAÍZ;1;1,05
CERTIFICADA Y OVM;XIII;BUIN;OFICINA MAIPO;BUIN;MAÍZ;1;3,3
CORRIENTE OVM;XIII;EL MONTE;OFICINA TALAGANTE;EL MONTE;MAÍZ;1;0,39
CERTIFICADA Y OVM;XIII;BUIN;OFICINA MAIPO;VILUCO;MAÍZ;1;1
CERTIFICADA Y OVM;XIII;QUILICURA;OFICINA METROPOLITANA;QUILICURA;MAÍZ;1;0,37
CERTIFICADA Y OVM;XIII;ISLA DEL MAIPO;OFICINA TALAGANTE;ISLA DE MAIPO;MAÍZ;1;0,4
CERTIFICADA Y OVM;XIII;PAINE;OFICINA MAIPO;PAINE;MAÍZ;1;1
CERTIFICADA Y OVM;XIII;QUILICURA;OFICINA METROPOLITANA;EL MOLINO;MAÍZ;1;0,97
CORRIENTE OVM;XIII;MELIPILLA;OFICINA MELIPILLA;PUANGUE;MAÍZ;1;0,2
CORRIENTE OVM;XIII;MELIPILLA;OFICINA MELIPILLA;PUANGUE;MAÍZ;1;0,11
CERTIFICADA Y OVM;XIII;MELIPILLA;OFICINA MELIPILLA;EL PAICO;MAÍZ;1;1
CERTIFICADA Y OVM;XIII;PUDAHUEL;OFICINA METROPOLITANA;PUDAHUEL;MAÍZ;1;0,41
CERTIFICADA Y OVM;XIII;PUDAHUEL;OFICINA METROPOLITANA;PUDAHUEL;MAÍZ;1;0,3
CERTIFICADA Y OVM;XIII;MELIPILLA;OFICINA MELIPILLA;MELIPILLA;MAÍZ;1;0,39
CERTIFICADA Y OVM;XIII;MELIPILLA;OFICINA MELIPILLA;MELIPILLA;MAÍZ;1;6,2
ENSAYO OVM;XV;ARICA;OFICINA ARICA;CONCORDIA;MAÍZ;1;0,97
ENSAYO OVM;XV;ARICA;OFICINA ARICA;CONCORDIA;MAÍZ;1;1,461
ENSAYO OVM;XV;ARICA;OFICINA ARICA;CONCORDIA;MAÍZ;1;0,984
ENSAYO OVM;XV;ARICA;OFICINA ARICA;CONCORDIA;MAÍZ;1;0,477
ENSAYO OVM;XV;ARICA;OFICINA ARICA;VALLE DE AZAPA;MAÍZ;1;1,5
ENSAYO OVM;XV;ARICA;OFICINA ARICA;VALLE DE AZAPA;MAÍZ;1;0,971
ENSAYO OVM;XV;ARICA;OFICINA ARICA;VALLE DE AZAPA;MAÍZ;1;1,29
CERTIFICADA Y OVM;XIII;MELIPILLA;OFICINA MELIPILLA;BOLLENAR;MAÍZ;1;1,11
CERTIFICADA Y OVM;VII;SAN CLEMENTE;OFICINA TALCA;STA. ELENA Q. DE AGUA;MAÍZ;1;9,5
ENSAYO OVM;XV;ARICA;OFICINA ARICA;VALLE DE AZAPA;MAÍZ;1;0,59
ENSAYO OVM;V;LOS ANDES;OFICINA LOS ANDES;COQUIMBITO;MAÍZ;1;0,75
ENSAYO OVM;XIII;BUIN;OFICINA MAIPO;VILUCO;MAÍZ;1;0,82
ENSAYO OVM;XIII;BUIN;OFICINA MAIPO;VILUCO;MAÍZ;1;1,84
ENSAYO OVM;XIII;BUIN;OFICINA MAIPO;VILUCO;MAÍZ;1;1,88
ENSAYO OVM;XIII;BUIN;OFICINA MAIPO;VILUCO;MAÍZ;1;1,86
ENSAYO OVM;XIII;BUIN;OFICINA MAIPO;CAMPUSANO;MAÍZ;1;0,05
ENSAYO OVM;XIII;BUIN;OFICINA MAIPO;VILUCO;MAÍZ;1;0,3
ENSAYO OVM;V;LOS ANDES;OFICINA LOS ANDES;COQUIMBITO;MAÍZ;1;0,61
ENSAYO OVM;V;LOS ANDES;OFICINA LOS ANDES;COQUIMBITO;MAÍZ;1;0,75
ENSAYO OVM;V;LOS ANDES;OFICINA LOS ANDES;COQUIMBITO;MAÍZ;1;0,99
ENSAYO OVM;V;LOS ANDES;OFICINA LOS ANDES;COQUIMBITO;MAÍZ;1;1,61
ENSAYO OVM;V;LOS ANDES;OFICINA LOS ANDES;COQUIMBITO;MAÍZ;1;2,39
ENSAYO OVM;V;LOS ANDES;OFICINA LOS ANDES;COQUIMBITO;MAÍZ;1;0,52
ENSAYO OVM;V;LOS ANDES;OFICINA LOS ANDES;COQUIMBITO;MAÍZ;1;0,5
ENSAYO OVM;V;LOS ANDES;OFICINA LOS ANDES;COQUIMBITO;MAÍZ;1;0,79
ENSAYO OVM;V;LOS ANDES;OFICINA LOS ANDES;COQUIMBITO;MAÍZ;1;1,24
ENSAYO OVM;V;LOS ANDES;OFICINA LOS ANDES;COQUIMBITO;MAÍZ;1;1,31
ENSAYO OVM;V;LOS ANDES;OFICINA LOS ANDES;COQUIMBITO;MAÍZ;1;0,96
ENSAYO OVM;V;LOS ANDES;OFICINA LOS ANDES;COQUIMBITO;MAÍZ;1;0,39
ENSAYO OVM;V;LOS ANDES;OFICINA LOS ANDES;COQUIMBITO;MAÍZ;1;0,43
ENSAYO OVM;V;LOS ANDES;OFICINA LOS ANDES;COQUIMBITO;MAÍZ;1;0,5
ENSAYO OVM;V;LOS ANDES;OFICINA LOS ANDES;COQUIMBITO;MAÍZ;1;0,61
ENSAYO OVM;V;LOS ANDES;OFICINA LOS ANDES;COQUIMBITO;MAÍZ;1;0,87
CORRIENTE OVM;XIII;ISLA DEL MAIPO;OFICINA TALAGANTE;ISLA DEL MAIPO;MAÍZ;1;0,05
ENSAYO OVM;XV;ARICA;OFICINA ARICA;CONCORDIA;MAÍZ;1;0,525
ENSAYO OVM;XV;ARICA;OFICINA ARICA;CONCORDIA;MAÍZ;1;0,295
ENSAYO OVM;XV;ARICA;OFICINA ARICA;CONCORDIA;MAÍZ;1;1,471
ENSAYO OVM;XV;ARICA;OFICINA ARICA;CONCORDIA;MAÍZ;1;0,73
ENSAYO OVM;XV;ARICA;OFICINA ARICA;CONCORDIA;MAÍZ;1;1,44
ENSAYO OVM;XV;ARICA;OFICINA ARICA;SANTA ROSA;MAÍZ;1;1,25
CORRIENTE OVM;XIII;BUIN;OFICINA MAIPO;SANTA FILOMENA;SOYA;1;5,5
CORRIENTE OVM;XIII;BUIN;OFICINA MAIPO;SANTA FILOMENA;SOYA;1;5,5
CORRIENTE OVM;XIII;TALAGANTE;OFICINA TALAGANTE;TALAGANTE;SOYA;1;5
CORRIENTE OVM;XIII;QUILICURA;OFICINA METROPOLITANA;QUILICURA;SOYA;1;7
CORRIENTE OVM;XIII;MAIPU;OFICINA METROPOLITANA;FARFANA;SOYA;1;4,5
CERTIFICADA Y OVM;XIII;ISLA DEL MAIPO;OFICINA TALAGANTE;ISLA DEL MAIPO;MAÍZ;1;12
CORRIENTE OVM;XIII;MAIPU;OFICINA METROPOLITANA;FARFANA;SOYA;1;2,5
ENSAYO OVM;VI;GRANEROS;OFICINA RANCAGUA;CODEGUA (RESEARC);MAÍZ;1;1,25
ENSAYO OVM;VI;GRANEROS;OFICINA RANCAGUA;RANCAGUA (RESEARCH);MAÍZ;1;1,3
ENSAYO OVM;XIII;BUIN;OFICINA MAIPO;VILUCO;MAÍZ;1;1,17
ENSAYO OVM;XIII;BUIN;OFICINA MAIPO;VILUCO;MAÍZ;1;1,26
ENSAYO OVM;XIII;BUIN;OFICINA MAIPO;VILUCO;MAÍZ;1;0,24
ENSAYO OVM;XIII;BUIN;OFICINA MAIPO;VILUCO;MAÍZ;1;1
ENSAYO OVM;XIII;BUIN;OFICINA MAIPO;VILUCO;MAÍZ;1;1,84
ENSAYO OVM;XIII;BUIN;OFICINA MAIPO;VILUCO;MAÍZ;1;1,78
ENSAYO OVM;XV;ARICA;OFICINA ARICA;CONCORDIA;MAÍZ;1;0,234
ENSAYO OVM;XIII;BUIN;OFICINA MAIPO;SANTA FILOMENA;SOYA;1;5
ENSAYO OVM;XV;ARICA;OFICINA ARICA;CONCORDIA;MAÍZ;1;1,44
ENSAYO OVM;XV;ARICA;OFICINA ARICA;CONCORDIA;MAÍZ;1;0,345
ENSAYO OVM;XV;ARICA;OFICINA ARICA;CONCORDIA;MAÍZ;1;0,98
ENSAYO OVM;XIII;PAINE;OFICINA MAIPO;MANSEL;SOYA;1;2,5
ENSAYO OVM;XV;ARICA;OFICINA ARICA;CONCORDIA;MAÍZ;1;0,651
ENSAYO OVM;XIII;PAINE;OFICINA MAIPO;MANSEL;SOYA;1;4
CERTIFICADA Y OVM;XIII;MELIPILLA;OFICINA MELIPILLA;EL PAICO;MAÍZ;1;1,12
ENSAYO OVM;VI;CODEGUA;OFICINA RANCAGUA;CODEGUA;SOYA;1;6
ENSAYO OVM;XIII;PAINE;OFICINA MAIPO;PAULA JARA QUEMADA;SOYA;1;2,6
ENSAYO OVM;VI;CODEGUA;OFICINA RANCAGUA;CODEGUA;RAPS;1;1,4
ENSAYO OVM;XV;ARICA;OFICINA ARICA;VALLE DE AZAPA;MAÍZ;1;0,711
ENSAYO OVM;XV;ARICA;OFICINA ARICA;VALLE DE AZAPA;MAÍZ;1;0,761
ENSAYO OVM;XV;ARICA;OFICINA ARICA;VALLE DE AZAPA;MAÍZ;1;0,691
ENSAYO OVM;XV;ARICA;OFICINA ARICA;VALLE DE AZAPA;MAÍZ;1;0,402
ENSAYO OVM;XV;ARICA;OFICINA ARICA;VALLE DE AZAPA;MAÍZ;1;0,779
ENSAYO OVM;XV;ARICA;OFICINA ARICA;VALLE DE AZAPA;MAÍZ;1;1,41
ENSAYO OVM;XV;ARICA;OFICINA ARICA;VALLE DE AZAPA;MAÍZ;1;0,444
ENSAYO OVM;XV;ARICA;OFICINA ARICA;VALLE DE AZAPA;MAÍZ;1;0,357
ENSAYO OVM;XIII;BUIN;OFICINA MAIPO;CAMPUSANO;MAÍZ;1;0,75
ENSAYO OVM;XIII;BUIN;OFICINA MAIPO;VILUCO;MAÍZ;1;0,95
ENSAYO OVM;XIII;BUIN;OFICINA MAIPO;VILUCO;SOYA;1;1,12
ENSAYO OVM;XIII;BUIN;OFICINA MAIPO;VILUCO;SOYA;1;0,77
ENSAYO OVM;XIII;BUIN;OFICINA MAIPO;CAMPUSANO;SOYA;1;3,6
ENSAYO OVM;XIII;BUIN;OFICINA MAIPO;CAMPUSANO;SOYA;1;0,3
ENSAYO OVM;XIII;BUIN;OFICINA MAIPO;CAMPUSANO;MAÍZ;1;1,19
ENSAYO OVM;XV;ARICA;OFICINA ARICA;AZAPA;MAÍZ;3;2,83
ENSAYO OVM;XV;ARICA;OFICINA ARICA;VALLE DE AZAPA;MAÍZ;1;0,881
ENSAYO OVM;XV;ARICA;OFICINA ARICA;VALLE DE AZAPA;MAÍZ;1;0,308
ENSAYO OVM;XV;ARICA;OFICINA ARICA;VALLE DE AZAPA;MAÍZ;1;0,47
ENSAYO OVM;XV;ARICA;OFICINA ARICA;VALLE DE AZAPA;MAÍZ;1;0,206
ENSAYO OVM;XV;ARICA;OFICINA ARICA;VALLE DE AZAPA;MAÍZ;1;0,364
ENSAYO OVM;XV;ARICA;OFICINA ARICA;AZAPA;MAÍZ;2;1,221
ENSAYO OVM;XV;ARICA;OFICINA ARICA;VALLE DE AZAPA;MAÍZ;1;0,556
ENSAYO OVM;XV;ARICA;OFICINA ARICA;AZAPA;MAÍZ;1;0,064
ENSAYO OVM;XV;ARICA;OFICINA ARICA;AZAPA;MAÍZ;2;0,743
ENSAYO OVM;XIII;BUIN;OFICINA MAIPO;VILUCO;SOYA;3;2,663
ENSAYO OVM;XIII;BUIN;OFICINA MAIPO;VILUCO;MAÍZ;1;1,27
ENSAYO OVM;XIII;BUIN;OFICINA MAIPO;CAMPUSANO;SOYA;1;0,589
ENSAYO OVM;XIII;BUIN;OFICINA MAIPO;CAMPUSANO;SOYA;1;1,067
ENSAYO OVM;XIII;BUIN;OFICINA MAIPO;VILUCO;SOYA;1;0,77
ENSAYO OVM;XIII;BUIN;OFICINA MAIPO;VILUCO;MAÍZ;1;0,15
ENSAYO OVM;III;COPIAPÓ;OFICINA COPIAPO;PIEDRA COLGADA;PORTAINJERTOS OGM CÍTRICOS;1;0,4
ENSAYO OVM;XIII;BUIN;OFICINA MAIPO;BUIN;MAÍZ;1;0,6
ENSAYO OVM;IX;VILCÚN;OFICINA TEMUCO;CAJON;RAPS;1;0,403
ENSAYO OVM;IX;VILCÚN;OFICINA TEMUCO;CAJON;RAPS;1;2,995
ENSAYO OVM;XIII;LAMPA;OFICINA METROPOLITANA;BATUCO;MAÍZ;1;0,5
ENSAYO OVM;VIII;NACIMIENTO;OFICINA MULCHEN;NACIMIENTO;RAPS;1;3
ENSAYO OVM;IX;LAUTARO;OFICINA TEMUCO;PUMALAL;RAPS;1;2
CERTIFICADA Y OVM;IX;FREIRE;OFICINA TEMUCO;BARROS ARANA;RAPS;2;63
CERTIFICADA Y OVM;VIII;LOS ANGELES;OFICINA LOS ANGELES;SAN JOSÉ;RAPS;1;19,8
CERTIFICADA Y OVM;VIII;LOS ANGELES;OFICINA LOS ANGELES;SAN JOSÉ;RAPS;1;16,2
CERTIFICADA Y OVM;VIII;LOS ANGELES;OFICINA LOS ANGELES;SAN JOSÉ;RAPS;1;10,8
CERTIFICADA Y OVM;VIII;LOS ANGELES;OFICINA LOS ANGELES;EL DURAZNO;RAPS;1;31,5
CERTIFICADA Y OVM;VIII;LOS ANGELES;OFICINA LOS ANGELES;EL DURAZNO;RAPS;1;31,5
CERTIFICADA Y OVM;IX;FREIRE;OFICINA TEMUCO;RADAL;RAPS;3;26
CERTIFICADA Y OVM;IX;FREIRE;OFICINA TEMUCO;CRUCE RADAL;RAPS;3;33,5
CERTIFICADA Y OVM;IX;PITRUFQUÉN;OFICINA VILLARRICA;FAJA STICKEL - COMUY;RAPS;1;21,6
CERTIFICADA Y OVM;VIII;CHILLAN;OFICINA CHILLAN;SANTA LAURA;RAPS;1;29,7
ENSAYO OVM;IX;TRAIGUÉN;OFICINA VICTORIA;TRAIGUÉN;RAPS;1;2
ENSAYO OVM;IX;TRAIGUÉN;OFICINA VICTORIA;CHANCO BAJO;RAPS;1;0,5
CERTIFICADA Y OVM;VIII;LOS ANGELES;OFICINA LOS ANGELES;SAN CARLOS PURÉN;RAPS;1;12
CERTIFICADA Y OVM;VIII;LOS ANGELES;OFICINA LOS ANGELES;SAN CARLOS PURÉN;RAPS;1;32,4
CERTIFICADA Y OVM;VIII;LOS ANGELES;OFICINA LOS ANGELES;SANTA FE;RAPS;1;9
CERTIFICADA Y OVM;VIII;LOS ANGELES;OFICINA LOS ANGELES;PATA DE GALLINA;RAPS;1;24
CERTIFICADA Y OVM;VII;SAN CLEMENTE;OFICINA TALCA;RESERVA LAS LOMAS;RAPS;1;32,4
CERTIFICADA Y OVM;IX;FREIRE;OFICINA TEMUCO;SANTA PAULA;RAPS;3;37
CERTIFICADA Y OVM;IX;FREIRE;OFICINA TEMUCO;SANTA PAULA;RAPS;1;35
CERTIFICADA Y OVM;IX;FREIRE;OFICINA TEMUCO;SANTA PAULA;RAPS;1;23,4
CERTIFICADA Y OVM;VIII;CHILLAN;OFICINA CHILLAN;SANTA LAURA;RAPS;1;5
CERTIFICADA Y OVM;IX;RENAICO;OFICINA ANGOL;TIJERAL;RAPS;1;43,2
CERTIFICADA Y OVM;VIII;BULNES;OFICINA BULNES;BULNES;RAPS;1;36
ENSAYO OVM;IX;PERQUENCO;OFICINA TEMUCO;PERQUENCO;RAPS;1;2
ENSAYO OVM;IX;LAUTARO;OFICINA TEMUCO;PILLANLELBUN;RAPS;1;6,2
CERTIFICADA Y OVM;IX;VILCÚN;OFICINA TEMUCO;CURILEO;RAPS;1;1
ENSAYO OVM;IX;LAUTARO;OFICINA TEMUCO;PUMALAL;RAPS;1;2
ENSAYO OVM;VIII;SAN IGNACIO;OFICINA BULNES;EL CHIVATO;RAPS;1;0,25
ENSAYO OVM;IX;VILCÚN;OFICINA TEMUCO;GENERAL LOPEZ;RAPS;1;3
ENSAYO OVM;XV;ARICA;OFICINA ARICA;ARICA;MAÍZ;1;0,002
ENSAYO OVM;XV;ARICA;OFICINA ARICA;ARICA;MAÍZ;1;0,036
ENSAYO OVM;VI;GRANEROS;OFICINA RANCAGUA;GRANEROS;MAÍZ;1;4
ENSAYO OVM;VI;GRANEROS;OFICINA RANCAGUA;GRANEROS;MAÍZ;1;2,43
ENSAYO OVM;VI;GRANEROS;OFICINA RANCAGUA;GRANEROS;MAÍZ;1;2,45
ENSAYO OVM;XV;ARICA;OFICINA ARICA;ARICA;SOYA;1;0,7
ENSAYO OVM;VI;GRANEROS;OFICINA RANCAGUA;GRANEROS;MAÍZ;1;1,62
ENSAYO OVM;VI;GRANEROS;OFICINA RANCAGUA;GRANEROS;MAÍZ;1;1,62
ENSAYO OVM;VI;GRANEROS;OFICINA RANCAGUA;GRANEROS;MAÍZ;1;1,2
ENSAYO OVM;XV;ARICA;OFICINA ARICA;ARICA;SOYA;1;0,073
ENSAYO OVM;VII;TALCA;OFICINA TALCA;PANGUILEMO;MAÍZ;1;2,8
ENSAYO OVM;XV;ARICA;OFICINA ARICA;ARICA;MAÍZ;1;0,141
ENSAYO OVM;XV;ARICA;OFICINA ARICA;ARICA;MAÍZ;1;0,064
ENSAYO OVM;VII;SAN CLEMENTE;OFICINA TALCA;SANTA TERESA;MAÍZ;1;2,2
ENSAYO OVM;VII;SAN CLEMENTE;OFICINA TALCA;LA ESTRELLA;MAÍZ;1;2,8
ENSAYO OVM;VII;SAN CLEMENTE;OFICINA TALCA;LA ISLA;MAÍZ;1;2
ENSAYO OVM;VII;SAN CLEMENTE;OFICINA TALCA;SANTA DELIA;MAÍZ;1;2,2
ENSAYO OVM;VI;GRANEROS;OFICINA RANCAGUA;GRANEROS;MAÍZ;1;2,92
ENSAYO OVM;VII;SAN CLEMENTE;OFICINA TALCA;MERCEDES;MAÍZ;1;2,2
ENSAYO OVM;VI;GRANEROS;OFICINA RANCAGUA;GRANEROS;MAÍZ;1;2,66
ENSAYO OVM;VII;SAN CLEMENTE;OFICINA TALCA;LA ESTRELLA;MAÍZ;1;2,2
ENSAYO OVM;VI;GRANEROS;OFICINA RANCAGUA;GRANEROS;MAÍZ;1;1,46
ENSAYO OVM;VI;GRANEROS;OFICINA RANCAGUA;GRANEROS;SOYA;1;0,93
ENSAYO OVM;VI;GRANEROS;OFICINA RANCAGUA;GRANEROS;SOYA;1;1,02
ENSAYO OVM;VI;GRANEROS;OFICINA RANCAGUA;GRANEROS;SOYA;1;5,39
ENSAYO OVM;VI;GRANEROS;OFICINA RANCAGUA;GRANEROS;SOYA;1;1,14
ENSAYO OVM;VI;GRANEROS;OFICINA RANCAGUA;GRANEROS;MAÍZ;1;2,43
ENSAYO OVM;VI;GRANEROS;OFICINA RANCAGUA;GRANEROS;MAÍZ;1;2,39
ENSAYO OVM;VI;GRANEROS;OFICINA RANCAGUA;GRANEROS;MAÍZ;1;0,45
ENSAYO OVM;VI;GRANEROS;OFICINA RANCAGUA;GRANEROS;SOYA;1;1,12
ENSAYO OVM;VI;GRANEROS;OFICINA RANCAGUA;GRANEROS;SOYA;1;0,02
ENSAYO OVM;VI;GRANEROS;OFICINA RANCAGUA;GRANEROS;MAÍZ;1;1,62
ENSAYO OVM;VII;SAN CLEMENTE;OFICINA TALCA;MAITENES;MAÍZ;1;2,8
ENSAYO OVM;VII;SAN CLEMENTE;OFICINA TALCA;QUILPUE;MAÍZ;1;1,6
ENSAYO OVM;VII;SAN CLEMENTE;OFICINA TALCA;MAITENES;MAÍZ;1;1,3
ENSAYO OVM;VII;SAN CLEMENTE;OFICINA TALCA;MARIPOSAS;MAÍZ;1;0,8
ENSAYO OVM;VII;SAN CLEMENTE;OFICINA TALCA;MARIPOSAS;MAÍZ;1;0,35
ENSAYO OVM;VII;SAN CLEMENTE;OFICINA TALCA;MARIPOSAS;MAÍZ;1;0,35
ENSAYO OVM;VII;SAN CLEMENTE;OFICINA TALCA;MARIPOSAS;MAÍZ;1;0,7
ENSAYO OVM;XV;ARICA;OFICINA ARICA;ARICA;SOYA;1;0,003
ENSAYO OVM;VI;GRANEROS;OFICINA RANCAGUA;GRANEROS;MAÍZ;1;3,03
ENSAYO OVM;VI;GRANEROS;OFICINA RANCAGUA;GRANEROS;SOYA;1;0,16
ENSAYO OVM;VI;GRANEROS;OFICINA RANCAGUA;GRANEROS;SOYA;1;1,88
ENSAYO OVM;VI;GRANEROS;OFICINA RANCAGUA;GRANEROS;SOYA;1;1,84
ENSAYO OVM;VII;SAN CLEMENTE;OFICINA TALCA;SAN CARLOS;MAÍZ;1;0,8
ENSAYO OVM;VII;SAN CLEMENTE;OFICINA TALCA;MARIPOSAS;MAÍZ;1;0,6
ENSAYO OVM;VII;SAN CLEMENTE;OFICINA TALCA;MARIPOSAS;MAÍZ;1;0,8
ENSAYO OVM;VII;SAN CLEMENTE;OFICINA TALCA;QUILPUE;MAÍZ;1;0,5
ENSAYO OVM;VI;GRANEROS;OFICINA RANCAGUA;GRANEROS;MAÍZ;1;0,24
ENSAYO OVM;VI;GRANEROS;OFICINA RANCAGUA;GRANEROS;MAÍZ;1;0,01
ENSAYO OVM;XV;ARICA;OFICINA ARICA;ARICA;MAÍZ;1;0,084
ENSAYO OVM;VI;GRANEROS;OFICINA RANCAGUA;GRANEROS;MAÍZ;1;0,27
ENSAYO OVM;VI;GRANEROS;OFICINA RANCAGUA;GRANEROS;MAÍZ;1;0,1
ENSAYO OVM;VI;GRANEROS;OFICINA RANCAGUA;GRANEROS;SOYA;1;0,12
ENSAYO OVM;VI;GRANEROS;OFICINA RANCAGUA;GRANEROS;MAÍZ;1;0,43
ENSAYO OVM;VII;SAN CLEMENTE;OFICINA TALCA;SANTA TERESA;MAÍZ;1;1,2
ENSAYO OVM;VII;SAN CLEMENTE;OFICINA TALCA;LA ESTRELLA;MAÍZ;1;1,1
ENSAYO OVM;VII;SAN CLEMENTE;OFICINA TALCA;MAITENES;MAÍZ;1;1,2
ENSAYO OVM;VII;TALCA;OFICINA TALCA;PANGUILEMO;MAÍZ;1;0,7
ENSAYO OVM;VII;SAN CLEMENTE;OFICINA TALCA;LA ISLA;MAÍZ;1;0,7
ENSAYO OVM;VII;SAN CLEMENTE;OFICINA TALCA;QUILPUE;MAÍZ;1;0,6
ENSAYO OVM;VII;SAN CLEMENTE;OFICINA TALCA;SANTA DELIA;MAÍZ;1;0,7
ENSAYO OVM;VII;SAN CLEMENTE;OFICINA TALCA;MERCEDES;MAÍZ;1;0,8
ENSAYO OVM;VII;SAN CLEMENTE;OFICINA TALCA;LA ESTRELLA;MAÍZ;1;0,7
ENSAYO OVM;VII;SAN CLEMENTE;OFICINA TALCA;MAITENES;MAÍZ;1;0,6
ENSAYO OVM;XV;ARICA;OFICINA ARICA;ARICA;MAÍZ;1;0,024
ENSAYO OVM;XV;ARICA;OFICINA ARICA;ARICA;MAÍZ;1;0,08
ENSAYO OVM;XV;ARICA;OFICINA ARICA;ARICA;SOYA;1;0,09
ENSAYO OVM;VI;GRANEROS;OFICINA RANCAGUA;GRANEROS;MAÍZ;1;0,006
ENSAYO OVM;VI;GRANEROS;OFICINA RANCAGUA;GRANEROS;MAÍZ;1;0,008
ENSAYO OVM;VI;RANCAGUA;OFICINA RANCAGUA;LA GRANJA;RAPS;1;0,25
CORRIENTE OVM;VI;GRANEROS;OFICINA RANCAGUA;SANTA ELENA;MAÍZ;3;34,6
CORRIENTE OVM;VI;GRANEROS;OFICINA RANCAGUA;TUNICHE;MAÍZ;2;43,5
CORRIENTE OVM;VI;CHÉPICA;OFICINA SAN FERNANDO;CHEPICA;MAÍZ;5;62,65
ENSAYO OVM;XV;ARICA;OFICINA ARICA;AZAPA;MAÍZ;1;0,28
CERTIFICADA Y OVM;VII;TENO;OFICINA CURICO;MORZA;MAÍZ;1;7
ENSAYO OVM;VI;RANCAGUA;OFICINA RANCAGUA;LA GRANJA;RAPS;1;0,03
CORRIENTE OVM;VII;CURICO;OFICINA CURICO;CURICO;MAÍZ;1;0,2
CERTIFICADA Y OVM;VI;GRANEROS;OFICINA RANCAGUA;TUNICHE;MAÍZ;13;89,5
CORRIENTE OVM;VII;SAN CLEMENTE;OFICINA TALCA;LAS LOMAS;MAÍZ;1;0,2
CERTIFICADA Y OVM;VII;RIO CLARO;OFICINA TALCA;RIO CLARO;MAÍZ;1;0,8
CERTIFICADA Y OVM;VII;RIO CLARO;OFICINA TALCA;RIO CLARO;MAÍZ;1;0,6
CORRIENTE OVM;VII;MOLINA;OFICINA CURICO;MOLINA;MAÍZ;3;28,15
CORRIENTE OVM;VII;SAGRADA FAMILIA;OFICINA CURICO;SAGRADA FAMILIA;MAÍZ;2;14,5
CORRIENTE OVM;VII;MOLINA;OFICINA CURICO;MOLINA;MAÍZ;1;15,5
ENSAYO OVM;VI;GRANEROS;OFICINA RANCAGUA;GRANEROS;MAÍZ;1;0,173
ENSAYO OVM;VI;GRANEROS;OFICINA RANCAGUA;GRANEROS;MAÍZ;1;0,067
CORRIENTE OVM;VI;GRANEROS;OFICINA RANCAGUA;TUNICHE;MAÍZ;7;51
ENSAYO OVM;VI;CODEGUA;OFICINA RANCAGUA;SANTA BLANCA;MAÍZ;1;0,06
ENSAYO OVM;VI;GRANEROS;OFICINA RANCAGUA;GRANEROS;MAÍZ;1;0,08
ENSAYO OVM;VI;GRANEROS;OFICINA RANCAGUA;GRANEROS;MAÍZ;1;0,12
ENSAYO OVM;VI;GRANEROS;OFICINA RANCAGUA;GRANEROS;MAÍZ;1;0,32
CERTIFICADA Y OVM;VI;SAN FERNANDO;OFICINA SAN FERNANDO;SAN FERNANDO;MAÍZ;5;14,3
CERTIFICADA Y OVM;VI;PICHIDEGUA;OFICINA SAN FERNANDO;PICHIDEGUA;MAÍZ;1;3
CERTIFICADA Y OVM;VI;PICHIDEGUA;OFICINA SAN FERNANDO;SAN ROBERTO;MAÍZ;1;7,01
CERTIFICADA Y OVM;VI;PICHIDEGUA;OFICINA SAN FERNANDO;SN.ROBERTO PICHIDEGUA;MAÍZ;2;16,49
CORRIENTE OVM;VII;RAUCO;OFICINA CURICO;RAUCO;MAÍZ;2;14
CORRIENTE OVM;VII;RAUCO;OFICINA CURICO;RAUCO;MAÍZ;1;16
ENSAYO OVM;VI;GRANEROS;OFICINA RANCAGUA;GRANEROS;MAÍZ;1;0,03
ENSAYO OVM;VI;GRANEROS;OFICINA RANCAGUA;GRANEROS;MAÍZ;1;0,3
ENSAYO OVM;VI;GRANEROS;OFICINA RANCAGUA;GRANEROS;MAÍZ;1;0,24
ENSAYO OVM;VI;GRANEROS;OFICINA RANCAGUA;GRANEROS;MAÍZ;1;0,36
ENSAYO OVM;VI;GRANEROS;OFICINA RANCAGUA;GRANEROS;MAÍZ;1;0,19
ENSAYO OVM;VI;GRANEROS;OFICINA RANCAGUA;GRANEROS;MAÍZ;1;0,06
ENSAYO OVM;VI;GRANEROS;OFICINA RANCAGUA;GRANEROS;MAÍZ;1;0,5
ENSAYO OVM;VI;GRANEROS;OFICINA RANCAGUA;GRANEROS;MAÍZ;1;0,12
CERTIFICADA Y OVM;VII;PENCAHUE;OFICINA TALCA;PENCAHUE;MAÍZ;1;71
ENSAYO OVM;VI;GRANEROS;OFICINA RANCAGUA;GRANEROS;RAPS;1;0,077
ENSAYO OVM;XV;ARICA;OFICINA ARICA;AZAPA;MAÍZ;1;0,13
ENSAYO OVM;XV;ARICA;OFICINA ARICA;AZAPA;MAÍZ;1;0,21
ENSAYO OVM;XV;ARICA;OFICINA ARICA;AZAPA;MAÍZ;1;0,9
ENSAYO OVM;XV;ARICA;OFICINA ARICA;AZAPA;MAÍZ;1;0,5
ENSAYO OVM;VI;CHIMBARONGO;OFICINA SAN FERNANDO;AYTUE;MAÍZ;1;1,25
ENSAYO OVM;VII;SAGRADA FAMILIA;OFICINA CURICO;SAGRADA FAMILIA;MAÍZ;1;0,44
ENSAYO OVM;VI;CHIMBARONGO;OFICINA SAN FERNANDO;AYTUE;MAÍZ;1;0,3
ENSAYO OVM;VII;TENO;OFICINA CURICO;TENO;MAÍZ;1;0,32
ENSAYO OVM;VII;CURICO;OFICINA CURICO;CORDILLERILLA;MAÍZ;1;0,77
ENSAYO OVM;VI;LOLOL;OFICINA SAN FERNANDO;LOLOL;MAÍZ;1;0,9
ENSAYO OVM;VI;GRANEROS;OFICINA RANCAGUA;GRANEROS;MAÍZ;1;0,157
ENSAYO OVM;VI;GRANEROS;OFICINA RANCAGUA;GRANEROS;MAÍZ;1;0,022
ENSAYO OVM;VI;GRANEROS;OFICINA RANCAGUA;GRANEROS;MAÍZ;1;0,001
ENSAYO OVM;VI;GRANEROS;OFICINA RANCAGUA;GRANEROS;MAÍZ;1;0,098
ENSAYO OVM;VI;NANCAGUA;OFICINA SAN FERNANDO;NANCAGUA;MAÍZ;1;0,45
ENSAYO OVM;VI;CHIMBARONGO;OFICINA SAN FERNANDO;AYTUE;MAÍZ;1;0,49
ENSAYO OVM;VII;TENO;OFICINA CURICO;TENO;MAÍZ;1;1,93
ENSAYO OVM;XV;ARICA;OFICINA ARICA;AZAPA;MAÍZ;1;0,5
ENSAYO OVM;VI;RANCAGUA;OFICINA RANCAGUA;RANCAGUA;MAÍZ;1;2,5
ENSAYO OVM;VI;PLACILLA;OFICINA SAN FERNANDO;PLACILLA;MAÍZ;1;1,4
CERTIFICADA Y OVM;VII;SAN RAFAEL;OFICINA TALCA;SAN RAFAEL;MAÍZ;1;67
ENSAYO OVM;VI;GRANEROS;OFICINA RANCAGUA;GRANEROS;MAÍZ;1;0,477
ENSAYO OVM;VI;GRANEROS;OFICINA RANCAGUA;GRANEROS;MAÍZ;1;0,132
ENSAYO OVM;VI;GRANEROS;OFICINA RANCAGUA;GRANEROS;MAÍZ;1;0,06
ENSAYO OVM;XV;ARICA;OFICINA ARICA;AZAPA;MAÍZ;1;0,7
ENSAYO OVM;XV;ARICA;OFICINA ARICA;AZAPA;MAÍZ;1;0,13
CERTIFICADA Y OVM;VII;CURICO;OFICINA CURICO;CURICO;MAÍZ;1;0,8
ENSAYO OVM;XV;ARICA;OFICINA ARICA;AZAPA;MAÍZ;1;0,03
ENSAYO OVM;XV;ARICA;OFICINA ARICA;AZAPA;MAÍZ;1;0,21
CORRIENTE OVM;VII;TENO;OFICINA CURICO;TENO;MAÍZ;1;1
CORRIENTE OVM;VII;TENO;OFICINA CURICO;TENO;MAÍZ;1;0,6
CERTIFICADA Y OVM;VII;MOLINA;OFICINA CURICO;MOLINA;MAÍZ;1;23,5
ENSAYO OVM;XV;ARICA;OFICINA ARICA;AZAPA;MAÍZ;1;0,35
ENSAYO OVM;XV;ARICA;OFICINA ARICA;AZAPA;MAÍZ;1;0,27
ENSAYO OVM;VI;RANCAGUA;OFICINA RANCAGUA;RANCAGUA;MAÍZ;1;0,86
CORRIENTE OVM;VII;RIO CLARO;OFICINA TALCA;RIO CLARO;MAÍZ;1;0,6
CORRIENTE OVM;VII;RIO CLARO;OFICINA TALCA;RIO CLARO;MAÍZ;1;0,6
CERTIFICADA Y OVM;VII;TALCA;OFICINA TALCA;TALCA;MAÍZ;3;10
CORRIENTE OVM;VI;GRANEROS;OFICINA RANCAGUA;TUNICHE;SOYA;1;0,53
CORRIENTE OVM;VI;GRANEROS;OFICINA RANCAGUA;TUNICHE;SOYA;1;0,55
CORRIENTE OVM;VI;GRANEROS;OFICINA RANCAGUA;TUNICHE;SOYA;1;0,35
CORRIENTE OVM;VI;GRANEROS;OFICINA RANCAGUA;TUNICHE;SOYA;1;0,28
CORRIENTE OVM;VI;GRANEROS;OFICINA RANCAGUA;TUNICHE;SOYA;1;0,52
CORRIENTE OVM;VI;GRANEROS;OFICINA RANCAGUA;TUNICHE;SOYA;1;0,41
CORRIENTE OVM;VI;GRANEROS;OFICINA RANCAGUA;TUNICHE;SOYA;1;0,6
CORRIENTE OVM;VI;GRANEROS;OFICINA RANCAGUA;TUNICHE;SOYA;1;0,66
CORRIENTE OVM;VII;RETIRO;OFICINA PARRAL;RETIRO;MAÍZ;1;4
CORRIENTE OVM;VII;PARRAL;OFICINA PARRAL;PARRAL;MAÍZ;1;2,6
CORRIENTE OVM;VII;RETIRO;OFICINA PARRAL;RETIRO;MAÍZ;1;11
CORRIENTE OVM;VII;PARRAL;OFICINA PARRAL;PARRAL;MAÍZ;1;0,5
CORRIENTE OVM;VII;PARRAL;OFICINA PARRAL;PARRAL;MAÍZ;1;4,2
CORRIENTE OVM;VI;SAN FERNANDO;OFICINA SAN FERNANDO;SAN FERNANDO;MAÍZ;1;5
CORRIENTE OVM;VI;SAN FERNANDO;OFICINA SAN FERNANDO;SAN FERNANDO;MAÍZ;1;6,5
CORRIENTE OVM;VI;SAN FERNANDO;OFICINA SAN FERNANDO;SAN FERNANDO;MAÍZ;1;1
CORRIENTE OVM;VI;SAN FERNANDO;OFICINA SAN FERNANDO;SAN FERNANDO;MAÍZ;1;0,7
CORRIENTE OVM;VII;RETIRO;OFICINA PARRAL;RETIRO;MAÍZ;1;4,8
CORRIENTE OVM;VII;RETIRO;OFICINA PARRAL;RETIRO;MAÍZ;1;5
ENSAYO OVM;XV;ARICA;OFICINA ARICA;AZAPA;RAPS;1;0,144
CORRIENTE OVM;VI;GRANEROS;OFICINA RANCAGUA;TUNICHE;SOYA;1;0,48
CORRIENTE OVM;VI;GRANEROS;OFICINA RANCAGUA;TUNICHE;SOYA;1;0,33
CORRIENTE OVM;VI;GRANEROS;OFICINA RANCAGUA;TUNICHE;SOYA;1;0,46
CORRIENTE OVM;VI;GRANEROS;OFICINA RANCAGUA;TUNICHE;SOYA;1;0,63
CORRIENTE OVM;VI;GRANEROS;OFICINA RANCAGUA;TUNICHE;SOYA;1;0,65
CORRIENTE OVM;VI;GRANEROS;OFICINA RANCAGUA;TUNICHE;SOYA;1;0,52
CORRIENTE OVM;VI;GRANEROS;OFICINA RANCAGUA;TUNICHE;SOYA;1;0,52
CORRIENTE OVM;VI;GRANEROS;OFICINA RANCAGUA;TUNICHE;SOYA;1;0,46
CORRIENTE OVM;VI;GRANEROS;OFICINA RANCAGUA;TUNICHE;SOYA;1;0,44
ENSAYO OVM;XV;ARICA;OFICINA ARICA;AZAPA;MAÍZ;1;0,97
ENSAYO OVM;XV;ARICA;OFICINA ARICA;AZAPA;MAÍZ;1;0,59
ENSAYO OVM;XV;ARICA;OFICINA ARICA;AZAPA;MAÍZ;1;0,21
ENSAYO OVM;XV;ARICA;OFICINA ARICA;AZAPA;MAÍZ;1;0,16
ENSAYO OVM;XV;ARICA;OFICINA ARICA;AZAPA;MAÍZ;1;0,25
CORRIENTE OVM;VI;GRANEROS;OFICINA RANCAGUA;TUNICHE;SOYA;1;0,51
CORRIENTE OVM;VI;GRANEROS;OFICINA RANCAGUA;TUNICHE;SOYA;1;0,46
CORRIENTE OVM;VI;GRANEROS;OFICINA RANCAGUA;TUNICHE;SOYA;1;0,37
CORRIENTE OVM;VI;GRANEROS;OFICINA RANCAGUA;TUNICHE;SOYA;1;0,42
CORRIENTE OVM;VI;GRANEROS;OFICINA RANCAGUA;TUNICHE;SOYA;1;0,73
CORRIENTE OVM;VI;GRANEROS;OFICINA RANCAGUA;TUNICHE;SOYA;1;0,27
CORRIENTE OVM;VI;GRANEROS;OFICINA RANCAGUA;TUNICHE;SOYA;1;0,41
CORRIENTE OVM;VI;GRANEROS;OFICINA RANCAGUA;TUNICHE;SOYA;1;0,5
CORRIENTE OVM;VI;GRANEROS;OFICINA RANCAGUA;TUNICHE;SOYA;1;0,5
CORRIENTE OVM;VI;GRANEROS;OFICINA RANCAGUA;TUNICHE;SOYA;1;0,43
CORRIENTE OVM;VI;GRANEROS;OFICINA RANCAGUA;TUNICHE;SOYA;1;0,13
CORRIENTE OVM;VI;GRANEROS;OFICINA RANCAGUA;TUNICHE;SOYA;1;0,55
CORRIENTE OVM;VI;GRANEROS;OFICINA RANCAGUA;TUNICHE;SOYA;1;0,35
CORRIENTE OVM;VI;GRANEROS;OFICINA RANCAGUA;TUNICHE;SOYA;1;0,47
CORRIENTE OVM;VI;GRANEROS;OFICINA RANCAGUA;TUNICHE;SOYA;1;0,41
CORRIENTE OVM;VI;GRANEROS;OFICINA RANCAGUA;TUNICHE;SOYA;1;0,25
CORRIENTE OVM;VI;GRANEROS;OFICINA RANCAGUA;TUNICHE;SOYA;1;0,3
CORRIENTE OVM;VI;GRANEROS;OFICINA RANCAGUA;TUNICHE;SOYA;1;0,43
CORRIENTE OVM;VI;GRANEROS;OFICINA RANCAGUA;TUNICHE;SOYA;1;0,12
CORRIENTE OVM;VI;GRANEROS;OFICINA RANCAGUA;TUNICHE;SOYA;1;0,15
CORRIENTE OVM;VI;GRANEROS;OFICINA RANCAGUA;TUNICHE;SOYA;1;0,3
CORRIENTE OVM;VI;GRANEROS;OFICINA RANCAGUA;TUNICHE;SOYA;1;0,58
CORRIENTE OVM;VI;GRANEROS;OFICINA RANCAGUA;TUNICHE;SOYA;1;0,2
CORRIENTE OVM;VI;GRANEROS;OFICINA RANCAGUA;TUNICHE;SOYA;1;0,62
CORRIENTE OVM;VI;GRANEROS;OFICINA RANCAGUA;TUNICHE;SOYA;1;0,35
CORRIENTE OVM;VI;GRANEROS;OFICINA RANCAGUA;TUNICHE;SOYA;1;0,42
CORRIENTE OVM;VI;GRANEROS;OFICINA RANCAGUA;TUNICHE;SOYA;1;0,25
CORRIENTE OVM;VI;GRANEROS;OFICINA RANCAGUA;TUNICHE;SOYA;1;0,51
CORRIENTE OVM;VI;GRANEROS;OFICINA RANCAGUA;TUNICHE;SOYA;1;0,33
CORRIENTE OVM;VI;GRANEROS;OFICINA RANCAGUA;TUNICHE;SOYA;1;0,51
CORRIENTE OVM;VI;GRANEROS;OFICINA RANCAGUA;TUNICHE;SOYA;1;0,59
CORRIENTE OVM;VI;GRANEROS;OFICINA RANCAGUA;TUNICHE;SOYA;1;0,61
CORRIENTE OVM;VI;GRANEROS;OFICINA RANCAGUA;TUNICHE;SOYA;1;0,5
CORRIENTE OVM;VI;GRANEROS;OFICINA RANCAGUA;TUNICHE;SOYA;1;0,44
CORRIENTE OVM;VI;GRANEROS;OFICINA RANCAGUA;TUNICHE;SOYA;1;0,65
CORRIENTE OVM;VI;GRANEROS;OFICINA RANCAGUA;TUNICHE;SOYA;1;0,47
CORRIENTE OVM;VI;GRANEROS;OFICINA RANCAGUA;TUNICHE;SOYA;1;0,75
CORRIENTE OVM;VI;GRANEROS;OFICINA RANCAGUA;TUNICHE;SOYA;1;0,71
CORRIENTE OVM;VI;GRANEROS;OFICINA RANCAGUA;TUNICHE;SOYA;1;0,3
CORRIENTE OVM;VI;GRANEROS;OFICINA RANCAGUA;TUNICHE;SOYA;1;0,34
CORRIENTE OVM;VI;GRANEROS;OFICINA RANCAGUA;TUNICHE;SOYA;1;0,18
CORRIENTE OVM;VI;GRANEROS;OFICINA RANCAGUA;TUNICHE;SOYA;1;0,73
CORRIENTE OVM;VI;GRANEROS;OFICINA RANCAGUA;TUNICHE;SOYA;1;0,52
CORRIENTE OVM;VI;GRANEROS;OFICINA RANCAGUA;TUNICHE;SOYA;1;0,7
CORRIENTE OVM;VI;GRANEROS;OFICINA RANCAGUA;TUNICHE;SOYA;1;0,65
CORRIENTE OVM;VI;GRANEROS;OFICINA RANCAGUA;TUNICHE;SOYA;1;0,51
CORRIENTE OVM;VI;GRANEROS;OFICINA RANCAGUA;TUNICHE;SOYA;1;0,93
CORRIENTE OVM;VI;GRANEROS;OFICINA RANCAGUA;TUNICHE;SOYA;1;0,65
CORRIENTE OVM;VI;GRANEROS;OFICINA RANCAGUA;TUNICHE;SOYA;1;0,58
CORRIENTE OVM;VI;GRANEROS;OFICINA RANCAGUA;TUNICHE;SOYA;1;0,34
CORRIENTE OVM;VI;GRANEROS;OFICINA RANCAGUA;TUNICHE;SOYA;1;0,52
CORRIENTE OVM;VI;GRANEROS;OFICINA RANCAGUA;TUNICHE;SOYA;1;0,74
CORRIENTE OVM;VI;GRANEROS;OFICINA RANCAGUA;TUNICHE;SOYA;1;0,17
CORRIENTE OVM;VI;GRANEROS;OFICINA RANCAGUA;TUNICHE;SOYA;1;0,63
CORRIENTE OVM;VI;GRANEROS;OFICINA RANCAGUA;TUNICHE;SOYA;1;0,4
ENSAYO OVM;XV;ARICA;OFICINA ARICA;AZAPA;MAÍZ;1;0,12
ENSAYO OVM;XV;ARICA;OFICINA ARICA;AZAPA;MAÍZ;1;0,18
CORRIENTE OVM;VII;TENO;OFICINA CURICO;MORZA;MAÍZ;1;0,05
CORRIENTE OVM;VII;TENO;OFICINA CURICO;MORZA;MAÍZ;2;1,9
CORRIENTE OVM;VII;TENO;OFICINA CURICO;MORZA;MAÍZ;1;0,06
CORRIENTE OVM;VII;TENO;OFICINA CURICO;MORZA;MAÍZ;2;4
CORRIENTE OVM;VI;GRANEROS;OFICINA RANCAGUA;TUNICHE;SOYA;1;6,5
CORRIENTE OVM;VI;GRANEROS;OFICINA RANCAGUA;TUNICHE;SOYA;1;0,53
CORRIENTE OVM;VI;GRANEROS;OFICINA RANCAGUA;TUNICHE;SOYA;1;0,23
CORRIENTE OVM;VI;GRANEROS;OFICINA RANCAGUA;TUNICHE;SOYA;1;0,33
CORRIENTE OVM;VI;GRANEROS;OFICINA RANCAGUA;TUNICHE;SOYA;1;0,41
CORRIENTE OVM;VI;GRANEROS;OFICINA RANCAGUA;TUNICHE;SOYA;1;0,55
CORRIENTE OVM;VI;GRANEROS;OFICINA RANCAGUA;TUNICHE;SOYA;1;0,48
CORRIENTE OVM;VI;GRANEROS;OFICINA RANCAGUA;TUNICHE;SOYA;1;0,39
CORRIENTE OVM;VI;GRANEROS;OFICINA RANCAGUA;TUNICHE;SOYA;1;0,44
CORRIENTE OVM;VI;GRANEROS;OFICINA RANCAGUA;TUNICHE;SOYA;1;2,03
CORRIENTE OVM;VI;GRANEROS;OFICINA RANCAGUA;TUNICHE;SOYA;1;1,5
CORRIENTE OVM;VI;GRANEROS;OFICINA RANCAGUA;TUNICHE;SOYA;1;0,57
CORRIENTE OVM;VI;GRANEROS;OFICINA RANCAGUA;TUNICHE;SOYA;1;12,15
CORRIENTE OVM;VI;GRANEROS;OFICINA RANCAGUA;TUNICHE;SOYA;1;2,03
CORRIENTE OVM;VI;GRANEROS;OFICINA RANCAGUA;TUNICHE;SOYA;1;2,03
CORRIENTE OVM;VI;GRANEROS;OFICINA RANCAGUA;TUNICHE;SOYA;1;2,03
CORRIENTE OVM;VI;GRANEROS;OFICINA RANCAGUA;TUNICHE;SOYA;1;0,31
CORRIENTE OVM;VI;GRANEROS;OFICINA RANCAGUA;TUNICHE;SOYA;1;0,66
CORRIENTE OVM;VI;GRANEROS;OFICINA RANCAGUA;TUNICHE;SOYA;1;0,63
CORRIENTE OVM;VI;GRANEROS;OFICINA RANCAGUA;TUNICHE;SOYA;1;0,47
CORRIENTE OVM;VI;GRANEROS;OFICINA RANCAGUA;TUNICHE;SOYA;1;0,51
CORRIENTE OVM;VI;GRANEROS;OFICINA RANCAGUA;TUNICHE;SOYA;1;0,44
CORRIENTE OVM;VI;GRANEROS;OFICINA RANCAGUA;TUNICHE;SOYA;1;0,36
CORRIENTE OVM;VI;GRANEROS;OFICINA RANCAGUA;TUNICHE;SOYA;1;6
CORRIENTE OVM;VI;GRANEROS;OFICINA RANCAGUA;TUNICHE;SOYA;1;6
CORRIENTE OVM;VI;GRANEROS;OFICINA RANCAGUA;TUNICHE;SOYA;1;0,56
CORRIENTE OVM;VI;GRANEROS;OFICINA RANCAGUA;TUNICHE;SOYA;1;0,64
CORRIENTE OVM;VI;GRANEROS;OFICINA RANCAGUA;TUNICHE;SOYA;1;0,55
CORRIENTE OVM;VI;GRANEROS;OFICINA RANCAGUA;TUNICHE;SOYA;1;0,45
CORRIENTE OVM;VI;GRANEROS;OFICINA RANCAGUA;TUNICHE;SOYA;1;0,5
CORRIENTE OVM;VI;GRANEROS;OFICINA RANCAGUA;TUNICHE;SOYA;1;0,44
CORRIENTE OVM;VI;GRANEROS;OFICINA RANCAGUA;TUNICHE;SOYA;1;0,24
CORRIENTE OVM;VI;GRANEROS;OFICINA RANCAGUA;TUNICHE;SOYA;1;0,62
CORRIENTE OVM;VI;GRANEROS;OFICINA RANCAGUA;TUNICHE;SOYA;1;0,6
CORRIENTE OVM;VI;GRANEROS;OFICINA RANCAGUA;TUNICHE;SOYA;1;0,59
CORRIENTE OVM;VI;GRANEROS;OFICINA RANCAGUA;TUNICHE;SOYA;1;0,47
ENSAYO OVM;XV;ARICA;OFICINA ARICA;AZAPA;ALGODÓN;1;0,02
CORRIENTE OVM;VII;SAN CLEMENTE;OFICINA TALCA;SAN CLEMENTE;MAÍZ;1;10
CORRIENTE OVM;VI;GRANEROS;OFICINA RANCAGUA;TUNICHE;SOYA;1;1,5
CORRIENTE OVM;VI;GRANEROS;OFICINA RANCAGUA;TUNICHE;SOYA;2;3,2
CORRIENTE OVM;VI;GRANEROS;OFICINA RANCAGUA;TUNICHE;SOYA;1;0,39
CORRIENTE OVM;VI;GRANEROS;OFICINA RANCAGUA;TUNICHE;SOYA;1;0,76
CORRIENTE OVM;VI;GRANEROS;OFICINA RANCAGUA;TUNICHE;SOYA;1;0,45
CORRIENTE OVM;VI;GRANEROS;OFICINA RANCAGUA;TUNICHE;SOYA;1;0,48
CORRIENTE OVM;VI;GRANEROS;OFICINA RANCAGUA;TUNICHE;SOYA;1;0,5
ENSAYO OVM;VI;CODEGUA;OFICINA RANCAGUA;SANTA BLANCA;MAÍZ;1;0,1
ENSAYO OVM;VI;GRANEROS;OFICINA RANCAGUA;GRANEROS;MAÍZ;1;0,049
ENSAYO OVM;VI;CODEGUA;OFICINA RANCAGUA;SANTA BLANCA;SOYA;1;0,11
ENSAYO OVM;VI;GRANEROS;OFICINA RANCAGUA;GRANEROS;MAÍZ;1;0,004
ENSAYO OVM;XV;ARICA;OFICINA ARICA;AZAPA;MAÍZ;1;0,096
ENSAYO OVM;XV;ARICA;OFICINA ARICA;AZAPA;MAÍZ;1;0,2
ENSAYO OVM;XV;ARICA;OFICINA ARICA;AZAPA;MAÍZ;1;0,26
ENSAYO OVM;XV;ARICA;OFICINA ARICA;AZAPA;MAÍZ;1;0,27
ENSAYO OVM;XV;ARICA;OFICINA ARICA;AZAPA;MAÍZ;1;0,35
ENSAYO OVM;XV;ARICA;OFICINA ARICA;AZAPA;MAÍZ;1;0,07
ENSAYO OVM;XV;ARICA;OFICINA ARICA;AZAPA;MAÍZ;1;1,88
ENSAYO OVM;XV;ARICA;OFICINA ARICA;AZAPA;MAÍZ;1;0,31
CERTIFICADA Y OVM;VI;REQUINOA;OFICINA RANCAGUA;TOTIHUE;MAÍZ;1;8,4
CORRIENTE OVM;VI;REQUINOA;OFICINA RANCAGUA;TOTIHUE;MAÍZ;1;7,9
CORRIENTE OVM;VI;REQUINOA;OFICINA RANCAGUA;TOTIHUE;MAÍZ;1;8,3
CERTIFICADA Y OVM;VI;REQUINOA;OFICINA RANCAGUA;TOTIHUE;MAÍZ;1;7,8
CORRIENTE OVM;VI;MACHALÍ;OFICINA RANCAGUA;SAN JOAQUIN;MAÍZ;1;9,37
CORRIENTE OVM;VI;MACHALÍ;OFICINA RANCAGUA;SAN JOAQUIN;MAÍZ;2;10
CERTIFICADA Y OVM;VII;TALCA;OFICINA TALCA;LAS RASTRAS;MAÍZ;1;6,3
ENSAYO OVM;VI;SAN FRANCISCO DE MOSTAZAL;OFICINA RANCAGUA;MOSTAZAL;MAÍZ;3;0,713
CERTIFICADA Y OVM;VII;SAN CLEMENTE;OFICINA TALCA;MARIPOSAS;MAÍZ;1;2,5
CORRIENTE OVM;VI;REQUINOA;OFICINA RANCAGUA;TOTIHUE;MAÍZ;1;8,6
CERTIFICADA Y OVM;VI;MACHALÍ;OFICINA RANCAGUA;MACHALÍ;MAÍZ;1;9,73
CERTIFICADA Y OVM;VII;SAN CLEMENTE;OFICINA TALCA;MARIPOSAS;MAÍZ;1;3,5
CERTIFICADA Y OVM;VII;SAN CLEMENTE;OFICINA TALCA;MARIPOSAS;MAÍZ;1;1,4
CERTIFICADA Y OVM;VII;PELARCO;OFICINA TALCA;EL MANZANO;MAÍZ;1;3,1
CERTIFICADA Y OVM;VII;SAN CLEMENTE;OFICINA TALCA;MARIPOSAS;MAÍZ;1;3,3
CERTIFICADA Y OVM;VII;SAN CLEMENTE;OFICINA TALCA;SANTA ISABEL;MAÍZ;1;4,2
CERTIFICADA Y OVM;VII;PELARCO;OFICINA TALCA;EL MANZANO;MAÍZ;1;11,5
CERTIFICADA Y OVM;VII;PELARCO;OFICINA TALCA;PELARCO;MAÍZ;1;7,8
CERTIFICADA Y OVM;VII;PELARCO;OFICINA TALCA;PELARCO;MAÍZ;1;8,9
CERTIFICADA Y OVM;VII;PELARCO;OFICINA TALCA;PELARCO;MAÍZ;1;5,4
CORRIENTE OVM;VII;PELARCO;OFICINA TALCA;PELARCO;MAÍZ;1;5,4
CERTIFICADA Y OVM;VII;PELARCO;OFICINA TALCA;PELARCO;MAÍZ;1;35,5
CERTIFICADA Y OVM;VII;PELARCO;OFICINA TALCA;PELARCO;MAÍZ;1;11
CERTIFICADA Y OVM;VII;PELARCO;OFICINA TALCA;PELARCO;MAÍZ;1;15,8
CORRIENTE OVM;VII;PELARCO;OFICINA TALCA;PELARCO;SOYA;1;8,3
CORRIENTE OVM;VII;PELARCO;OFICINA TALCA;PELARCO;SOYA;1;8,8
CORRIENTE OVM;VII;PELARCO;OFICINA TALCA;PELARCO;SOYA;2;8,6
CORRIENTE OVM;VII;PELARCO;OFICINA TALCA;PELARCO;SOYA;2;8,5
CORRIENTE OVM;VII;PELARCO;OFICINA TALCA;PELARCO;SOYA;2;8,6
CORRIENTE OVM;VII;PELARCO;OFICINA TALCA;PELARCO;SOYA;2;8,1
CORRIENTE OVM;VII;PELARCO;OFICINA TALCA;PELARCO;SOYA;1;8,3
CORRIENTE OVM;VII;PELARCO;OFICINA TALCA;PELARCO;SOYA;1;8,4
CORRIENTE OVM;VII;PELARCO;OFICINA TALCA;PELARCO;SOYA;1;8,2
CORRIENTE OVM;VII;PELARCO;OFICINA TALCA;PELARCO;SOYA;2;8,1
CORRIENTE OVM;VII;PELARCO;OFICINA TALCA;PELARCO;SOYA;3;8,7
CORRIENTE OVM;VII;PELARCO;OFICINA TALCA;PELARCO;SOYA;1;8,8
CORRIENTE OVM;VI;REQUINOA;OFICINA RANCAGUA;TOTIHUE;SOYA;2;8
CORRIENTE OVM;VI;REQUINOA;OFICINA RANCAGUA;TOTIHUE;SOYA;1;4,8
CORRIENTE OVM;VI;MACHALÍ;OFICINA RANCAGUA;MACHALÍ;SOYA;2;4,87
CORRIENTE OVM;VI;MACHALÍ;OFICINA RANCAGUA;MACHALÍ;SOYA;1;7,7
CERTIFICADA Y OVM;VII;PELARCO;OFICINA TALCA;PELARCO;MAÍZ;1;0,47
CERTIFICADA Y OVM;VII;PARRAL;OFICINA PARRAL;QUINCHAMAVIDA;SOYA;1;1
CERTIFICADA Y OVM;VII;PARRAL;OFICINA PARRAL;QUINCHAMAVIDA;SOYA;1;1
CERTIFICADA Y OVM;VII;PARRAL;OFICINA PARRAL;QUINCHAMAVIDA;SOYA;1;1
CERTIFICADA Y OVM;VII;PARRAL;OFICINA PARRAL;QUINCHAMAVIDA;SOYA;1;1
CORRIENTE OVM;VII;PARRAL;OFICINA PARRAL;QUINCHAMAVIDA;SOYA;1;22,4
CORRIENTE OVM;VII;PELARCO;OFICINA TALCA;EL MANZANO;SOYA;1;22,43
CORRIENTE OVM;VII;PELARCO;OFICINA TALCA;EL MANZANO;SOYA;1;39,37
CORRIENTE OVM;VII;PELARCO;OFICINA TALCA;PELARCO;SOYA;2;43,53
CORRIENTE OVM;VII;PELARCO;OFICINA TALCA;PELARCO;SOYA;3;53,48
CORRIENTE OVM;VII;PELARCO;OFICINA TALCA;PELARCO;SOYA;1;13,62
CORRIENTE OVM;VII;PELARCO;OFICINA TALCA;PELARCO;SOYA;1;6,05
CORRIENTE OVM;VII;PARRAL;OFICINA PARRAL;QUINCHAMAVIDA;SOYA;2;34,16
ENSAYO OVM;VIII;LOS ANGELES;OFICINA LOS ANGELES;LOS ANGELES;RAPS;1;0,106
ENSAYO OVM;XIII;LA PINTANA;OFICINA MAIPO;LA PLATINA;MAÍZ;1;1
ENSAYO OVM;VIII;LOS ANGELES;OFICINA LOS ANGELES;LOS ANGELES;SOYA;1;0,02
Total;;;;;;;9582,061
