;;;;;;;;;;;;;;;;;;;;;;;;;;;;
;;;;;;;;;;;;;;;;;;;;;;;;;;;;
;;;;;;;;;;;;;;;;;;;;;;;;;;;;
;NOMINA DE VIVEROS INSCRITOS EN EL SAG;;;;;;;;;;;;;;;;;;;;;;;;;;;
;;;;;;;;;;;;;;;;;;;;;;;;;;;;
Fecha actualización: 02-01-2015;;;;;;;;;;;;;;;;;;;;;;;;;;;;
;;;;;;;;;;;;;;;;;;;;;;;;;;;;
;;;;;;;;;;;;;;;;;;;;;;;;;;;;
;Simbología:;;;;;;;;;;;;;;;;;;;;;;;;;;;
;Ft:frutales;;;;;;;;;;;;;;;;;;;;;;;;;;;
;Fo: forestales;;;;;;;;;;;;;;;;;;;;;;;;;;;
;O: Ornamentales;;;;;;;;;;;;;;;;;;;;;;;;;;;
;V: Vides;;;;;;;;;;;;;;;;;;;;;;;;;;;
NOMBRE REGIÓN;Tipo vivero;;;;;;;ANTECEDENTES DEL PROPIETARIO(A);;;;ESPECIE A PRODUCIR;;;ACTIVIDAD COMERCIAL;UBICACIÓN VIVERO;;;;;;;;;DATOS CONTACTO;;;
;Ft;Fo;O;V;Código de Inscripción del Vivero;FECHA INSCRIPCIÓN (DD-MM-AAAA);NOMBRE FANTASIA VIVERO (N_Vivero);NOMBRE PROPIETARIO(A);APELLIDO PATERNO;APELLIDO MATERNO;SEXO: MASCULINO(M)/ FEMENINO(F)/ PERSONA JURÍDICA O EMPRESA (PJ);Espec_ 1;Espec_ 2;Espec_ 3;AUTOCONSUMO (A)/ COMERCIALIZACIÓN (C);DIRECCION PREDIO/ CALLE;HUSO;COORDENADAS EN DATUM WGS84 (UTM) ESTE;NORTE;NOMBRE PROVINCIA;COMUNA;URBANO(U) / RURAL (R);OFICINA SAG;SUPERFICIE DESTINADA A VIVEROS (HA);FONO COMERCIAL;DIRECCIÓN POSTAL;CORREO ELECTRÓNICO;FAX
ARICA Y PARINACOTA;;;O;;15-01;04-04-2007;JARDIN VIVERO SAN ANDRÉS;HUGO;ORTEGA;GONZALEZ;M;CACTÁCEAS;SUCULENTAS;FICUS;C;PAUL HARRIS 2181 KM. 2,5  AZAPA;19;366982;7954943;ARICA;ARICA;R;ARICA;0,25;58-221084;;;
ARICA Y PARINACOTA;Ft;;O;;15-02;04-04-2007;EL VIVERITO;OSCAR;ZAVALA;ZAVALA;M;OLIVO;GUAYABO;MIOSPORO;C;PARC. COLCHAGUA LOTE B KM. 2  AZAPA;19;366019;7955287;ARICA;ARICA;R;ARICA;0,25;;;;
ARICA Y PARINACOTA;;Fo;;;15-04;08-05-2007;LAS MAITAS;CONAF;CONAF;CONAF;PJ;EUCALIPTO;ALGARROBO;MOLLE PARAGUAYO;A/C;KM. 11 , SECTOR LAS MAITAS. AZAPA;19;373921;7952194;ARICA;ARICA;R;ARICA;1,5;58-201200;;gema.rudolph@conaf.cl;58-250570
ARICA Y PARINACOTA;;;O;;15-05;15-05-2007;VIVERO  UTA;U. DE TARAPACA;U. DE TARAPACA;U. DE TARAPACA;PJ;PALMACEAS;CUCARDAS;CHUVE;A/C;KM. 12,5   PARCELA 35,  CAMPUS AZAPA;19;375748;7952093;ARICA;ARICA;R;ARICA;0,5;58-205502;;;
ARICA Y PARINACOTA;;;O;;15-07;18-05-2007;El  PEDREGAL;PEDRO ;VIZCARRA;MARZA;M;PALMACEAS;;;C;KM. 26 AZAPA;19;387909;7945992;ARICA;ARICA;R;ARICA;1;;;;
ARICA Y PARINACOTA;;;O;;15-08;17-04-2007;SANTA JULIA ;JULIA ;FARIAS;VILLARROEL;F;CACTÁCEAS;SUCULENTAS;HELECHO;C;KM. 24 AZAPA ;19;386397;7947269;ARICA;ARICA;R;ARICA;0,5;58-223992;;;
ARICA Y PARINACOTA;;;O;;15-09;04-04-2007;JARDIN DE CRISTINA;CRISTINA;VIZA;HIDALGO;F;FICUS;SCHEFFLERA;HELECHO;C;PSJE . AYMARA 218 SAN MIGUEL DE AZAPA;19;375827;7952186;ARICA;ARICA;R;ARICA;0,2;;;;
ARICA Y PARINACOTA;Ft;Fo;O;;15-11;19-04-2007;JARDIN LAS MARGARITAS;SOLEDAD;MANCILLA;PLATERO;F;CACTÁCEAS;SUCULENTAS;HELECHO;C;KM. 1,5 AZAPA;19;365638;7955601;ARICA;ARICA;R;ARICA;0,2;;;;
ARICA Y PARINACOTA;;;O;;15-12;19-04-2007;CAMPO VERDE;HERMINIA ;HERNANDEZ;CARCAMO;F;CACTÁCEAS;SUCULENTAS;AGAVE;C;ALONSO SANCHEZ 4181, CAMPO VERDE. KM1,5 AZAPA;19;365461;7955403;ARICA;ARICA;R;ARICA;0,25;;;;
ARICA Y PARINACOTA;;Fo;O;;15-13;08-05-2007;VIVERO PUTRE;CONAF;;;PJ;QUEÑOA;EUCALIPTO;PROSOPIS ALBA;C;TENIENTE DEL CAMPO S/N;19;440875;7988289;PARINACOTA;PUTRE;;PARINACOTA;1;;;;
ARICA Y PARINACOTA;;;O;;15-14;16-09-2011;JARDIN NUEVA VIDA;GLORIA;ALVARADO ;AGUIRRE;F;DRACENA;SCHEFFLERA;BOUGAINVILLEA;C;HUALLES 2810, ARICA.;19;364122;7954928;ARICA;ARICA;R;ARICA;0,2;;;;
ARICA Y PARINACOTA;Ft;;O;;15-15;31-01-2012;JARDIN AZAPA;YOLANDA;CABRERA;PARRA;F;PALMACEAS;CUCARDAS;MANGO;C;PARC. 28 LOTE 3. KM 12 VALLE DE AZAPA;19;375646;7952438;ARICA;ARICA;R;ARICA;2,8;;;yolandacabrera.p@gmail.com;
ARICA Y PARINACOTA;Ft;Fo;O;;15-16;10-05-2012;VIVERO TROPICAL;MANUEL;CABRERA;PARRA;M;PALMACEAS;;MANGO;C;PARC. 28 LOTE 2. KM 12 VALLE DE AZAPA;19;375434;7951996;ARICA;ARICA;R;ARICA;3;;;viverotropicalantof@yahoo.es;
TARAPACÁ;;Fo;O;;01-15;03-05-2007;ALEJANDRO CAIPA;CORPORACION NACIONAL FORESTAL;CORPORACION NACIONAL FORESTAL;CORPORACION NACIONAL FORESTAL;PJ;AROMO;ALGARROBO;TAMARUGO;A/C;RUTA A-5 KM. 1787. FUNDO REFRESCO;19;427201;7739784;TAMARUGAL;POZO ALMONTE;R;PICA;0,2;57-2751055;;tarapaca.oirs@conaf.cl;57-751055
TARAPACÁ;Ft;;O;;01-16;03-05-2007;DESIERTO FLORIDO;HERNAN;LEON;VILLAVICENCIO;M;CITRICOS;GUAYABO;MANGO;C;PARCELA DOÑA DORA.  ALTO MIRAFLORES;19;468121;7735679;TAMARUGAL;PICA;R;PICA;2;;PARCELA DOÑA DORA. ALTO MIRAFLORES;hernanleonv@gmail.com;_
TARAPACÁ;Ft;Fo;O;;01-18;03-05-2007;VIVERO CANCHONES;UNIVERSIDAD ARTURO PRAT;UNIVERSIDAD ARTURO PRAT;UNIVERSIDAD ARTURO PRAT;PJ;MIOSPORO;MEMBRILLERO;;A;ESTACION EXPERIMIENTAL CANCHONES;19;444361;7739336;TAMARUGAL;POZO ALMONTE;R;PICA;0,15;57-394211;AV. ARTURO PRAT Nº2120;azuniga@unap.cl;57-447070
TARAPACÁ;Ft;Fo;O;;01-20;03-05-2007;VIVERO UNAP;UNIVERSIDAD ARTURO PRAT;UNIVERSIDAD ARTURO PRAT;UNIVERSIDAD ARTURO PRAT;PJ;ALOE VERA;MIOSPORO;AROMO;A;CAMPUS HUAYQUIQUE S/Nº;19;381943;7758023;IQUIQUE;IQUIQUE;U;IQUIQUE;0,06;57-394505;AV. ARTURO PRAT Nº2120;mrojasa@unap.cl;57-394505
TARAPACÁ;Ft;;;;01-21;03-05-2007;VIVERO BUGUEÑO;ORLANDO;BUGUEÑO;HENRRIQUEZ;M;MANGO;LIMONERO;NARANJO;C;CALLE LA FABRICA S/Nº;19;466229;7734015;TAMARUGAL;PICA;R;PICA;0,07;;JUAN MARQUEZ Nº54;;
TARAPACÁ;Ft;Fo;O;;01-24;12-02-2007;DON ANTONIO;ANTONIO;LOAYZA;DIAZ;M;CITRICOS;GUAYABO;GRANADO;C;JUAN DE CASTRO S/Nº;19;462894;7733434;TAMARUGAL;PICA;R;PICA;0,1;57-741346;;parcelaelconquistador@hotmail.com;
TARAPACÁ;Ft;;O;;01-25;18-06-2010;DOÑA ALEJANDRINA;LEONARDO;PALAPE;PALAPE;M;ORNAMENTALES;;;C;AV. SANTA MARIA S/Nº;19;464769;7734750;TAMARUGAL;PICA;R;PICA;0,14;;;leonardo.palape@gmail.com;
TARAPACÁ;Ft;;O;;01-26;26-04-2011;SAN CARLOS;RUBEN;GARCIA;CHOQUE;M;MANGO;GUAYABO;;C;SECTOR LOS PUQUIOS S/Nº;19;463113;7731655;TAMARUGAL;PICA;R;PICA;2;57-741710;PASAJE LOS MANGOS Nº33;garcia.contreras.carlos@gmail.com;
TARAPACÁ;Ft;;O;;01-27;03-05-2013;HUMUS;HECTOR ;TRUJILLO;GONZALES;M;CITRICOS;MANGOS;ORNAMENTAL;C;BOLIVAR 44-A;19;465484;7734332;TAMARUGAL;PICA;R;PICA;0,12;57-741582;CORREOS DE PICA;;
TARAPACÁ;Ft;Fo;O;V;01-28;11-06-2013;OASIS;ELIZABETH;LUCAS;BERNA;F;CACTUS;;;C;SEBASTIAN UGARIZA Nº784;19;465612;7734490;TAMARUGAL;PICA;R;PICA;0,03;57-741668;CORREOS DE PICA;;
TARAPACÁ;Ft;Fo;O;V;01-29;29-08-2013;MANANTIAL;EULALIA;GOMEZ;IGNACIO;F;CITRICOS;MANGOS;VID;C;BAJO MATILLA LOTE 7 Y 8;19;460801;7732580;TAMARUGAL;PICA;R;PICA;0,02;85838652;MATIAS DE LA FUENTE LOTE 1;;
TARAPACÁ;Ft;;O;;01-30;09-09-2013;LICHIGUAYO;IVER;TERRAZAS;COPA;M;CITRICOS;MANGOS;;A;CALLEJON 48 MATILLA;19;462223;7731699;TAMARUGAL;PICA;R;PICA;0,05;89422048;CALLEJON 48 MATILLA;;
TARAPACÁ;;;O;;01-31;01-10-2014;ILUSTRE MUNICIPALIDAD DE IQUIQUE;ILUSTRE MUNICIPALIDAD DE IQUIQUE;;;PJ;HIEDRA;CARDENAL;MIOSPORO;A;EX ESTADIO CAVANCHA;19;380275;7762048;IQUIQUE;IQUIQUE;U;IQUIQUE;0,15;;EX ESTADIO CAVANCHA;;
ANTOFAGASTA;;Fo;O;;02-02;12-01-2000;Tropical;Manuel;Cabrera;;M ;ATRIPLEX;MYOPORUM;PALMERA;C;Caparrosa N° 680;19;358563;7393298;ANTOFAGASTA;Antofagasta;U;ANTOFAGASTA;0,15;;CAPARROSA N° 680;;
ANTOFAGASTA;;Fo;O;;02-03;28-05-2003;CR;Isabel;ROJAS;M.;F;MYOPORUM;HIBISCO;PALMERA;C;Limonita Nº 10600;19;358638;7393348;ANTOFAGASTA;Antofagasta;U;ANTOFAGASTA;0,03;;LIMONITA Nº 10600;;
ANTOFAGASTA;;Fo;O;;02-05;12-01-2000;Oasis;Atilio;CAROZZI;;M;MYOPORUM;LAUREL DE FLOR;;C;Bauxita c/del Agua;19;358310;7392149;ANTOFAGASTA;Antofagasta;U;ANTOFAGASTA;0,12;;BAUXITA CON DEL AGUA;;
ANTOFAGASTA;;Fo;O;;02-06;10-02-2000;Indes;Universidad de Antofa.;;;PJ;VILCA;TARA;;C;U.de Antofagasta;19;355370;7378036;ANTOFAGASTA;Antofagasta;U;ANTOFAGASTA;0,03;;CAPUS COLOSO UA;;
ANTOFAGASTA;;Fo;O;;02-07;12-04-2000;Norte Verde;Ana;LOPEZ;ZENTENO;F;CARDENAL;LAUREL DE FLOR;MYOPORUM;C;Bilbao N° 132;19;351307;7189091;ANTOFAGASTA;Taltal;U;ANTOFAGASTA;0,03;;BILBAO N° 132-TALTAL;;
ANTOFAGASTA;;Fo;;;02-08;12-01-2000;Conaf;Conaf;;;PJ;VILCA;TARA;ALGARROBO;;Iquique N° 4791;19;357799;7386580;ANTOFAGASTA;Antofagasta;U;ANTOFAGASTA;0,04;;IQUIQUE N° 4791;;
ANTOFAGASTA;;Fo;O;;02-09;01-02-2006;Sol del Norte;Sonia;ROJAS;R.;F;MYOPORUM;ARAUCARIA TROPICAL;;C;Felix García N° 520;19;358432;7392566;ANTOFAGASTA;Antofagasta;U;ANTOFAGASTA;0,50;;FÉLIX GARCÍA N° 520;;
ANTOFAGASTA;;;O;;02-10;;Ulmenes;Luis Miguel;SAAVEDRA;;M;CACTÁCEAS;;;C;S. Allende N° 603-Baquedano;19;414530;7419589;ANTOFAGASTA;Antofagasta;;ANTOFAGASTA;0,02;;S. ALLENDE  N° 603-BAQUEDANO;;
ANTOFAGASTA;;Fo;O;;02-11;23-11-2005;Municipal;I. Municipalidad de Calama;;;PJ;Tamarugo;Chañar;Pimiento;A;Avda. La Paz;19;508577;7516092;EL LOA;Calama;U;CALAMA;;55- 348084;AVDA. LA PAZ S/N;jmacaya@municipalidadcalama.cl;
ANTOFAGASTA;;Fo;O;;02-12;29-11-2005;Chacras Viejas;Codelco;;;PJ;Tamarugo;VILCA;Pimiento;A;Camino Lasana s/n;19;536081;7532047;EL LOA;Calama;U;CALAMA;;;CAMINO LASANA S/N;;
ANTOFAGASTA;;Fo;O;;02-13;29-11-2005;Radomiro Tomic;Codelco;;;PJ;Tamarugo;Chañar;Pimiento;A;Camino a mina Radomiro Tomic s/n;19;516832;7545435;EL LOA;Calama;U;CALAMA;;55- 324483;CAMINO A MINA  RADOMIRO TOMIC;raray@codelco.cl;
ANTOFAGASTA;;Fo;O;;02-14;29-11-2005;CET;Gendarmería de Chile;;;PJ;Tamarugo;Chañar;MYOPORUM;A;Camino Ojo Apache s/n;19;497321;7511954;EL LOA;Calama;U;CALAMA;;;CAMINO A OJO APACHE S/N;rainier.dominguez@gendarmeria.cl;
ANTOFAGASTA;;Fo;O;;02-15;;JARDÍN BOTÁNICO ANTOFAGASTA;AGUAS ANTOFAGASTA;;;PJ;;;;;;19;358407;7388371;ANTOFAGASTA;Antofagasta;U;Antofagasta;;;;;
ANTOFAGASTA;Ft;Fo;O;;02-16;;ORI YALY;C. MINERA LOMAS BAYAS;;;PJ;;;;;Parcela #11, Sector Progreso Campesino;19;504441;7511710;EL LOA;CALAMA;R;CALAMA;;;;;
ATACAMA;;;;V;03-03;07.02.2007;MANFLAS;AGRIC. DAINAL LTDA.;;;PJ;VID;;;A;HACIENDA MANFLAS;19;403748;6890117;COPIAPO;T.AMARILLA;R;COPIAPO;1,0;52-533312;CASILLA 483;;
ATACAMA;;Fo;O;;03-05;07.02.2007;PAIPOTE;EMP. NACIONAL DE MINERIA;;;PJ;CACTUS;ORNAMENTAL;FORESTAL;A;INTERIOR PARQUE PAIPOTE;19;375002;6966240;COPIAPO;COPIAPO;U;COPIAPO;0,010;52-212363;;;
ATACAMA;Ft;;;;03-20;26.07.2010;V & C LTDA.;SOC. AGRIC. V & C LTDA.;;;PJ;OLIVO;;;A;FUNDO PERALES, SAN PEDRO;19;357710;6979188;COPIAPO;COPIAPO;R;COPIAPO;0,01;52-2203100;;gerencia.general@vecchiola.cl;
ATACAMA;Ft;;;;03-21;05.08.2010;DES.AGRIC. DEL DESIERTO;SOCIEDAD MANRIQUEZ;;;PJ;JOJOBA;;;A;PAMPA AUSTRAL;19;394022;7089915;CHAÑARAL;D. ALMAGRO;R;COPIAPO;0,01;52-2475107;;;
ATACAMA;;;O;;03-22;20.08.2010;EL PRETIL;I. MUNICIPALIDAD COPIAPO;;;PJ;ORNAMENTALES;;;A;PARQUE EL PRETIL;19;369627;6970035;COPIAPO;COPIAPO;U;COPIAPO;0,01;52-2473500;CHACABUCO Nº 857;v.paezrobles@hotmail.com;
ATACAMA;;Fo;;;03-23;28.08.2010;CONAF;CONAF;;;PJ;TAMARUGO;ACACIA;CHAÑAR;A;PARQUE EL PRETIL;19;369669;6970092;COPIAPO;COPIAPO;U;COPIAPO;0,02;52-2213404;JUAN MARTINEZ Nº 55;felix.avaria@conaf.cl;
ATACAMA;;Fo;;;03-25;17.10.2012;CASERONES;CSM MIN. LUMINA COPPER CHILE;;;PJ;TAMARUGO;PIMIENTO;CHAÑAR;A;PREDIO RAMADILLA, RUTA C-35;19;425821;6889285;COPIAPO;T.AMARILLA;R;COPIAPO;0.01;02-322500;Av. Andres Bello 2687, Stgo.;hmunoz@caserones.cl;
ATACAMA;;Fo;;;03-27;12.08.2012;CEDREM;CEDREM CONSULTORES;;;PJ;CHAÑAR;TAMARUGO;PIMIENTO;A;PARC. LA PUNTILLA. P. COLGADA;19;352249;6979301;COPIAPO;COPIAPO;R;COPIAPO;0.01;2-22641724;;estudios@cedrem.cl;
ATACAMA;;Fo;O;;03-28;04.06.2014;NELLA;NELLA;GULLIANA;SANTANDER;F;PALMERA;MIOSPORO;;C;CALLEJON D. ALMAGRO N° 149;19;369996;6969920;COPIAPO;COPIAPO;U;COPIAPO;0.01;;CALLEJON D. ALMAGRO N° 149;;
ATACAMA;;Fo;O;;03-29;20.06.2014;AGZA;EMP. CONSTRUCT. AGZA Y CIA.;;;PJ;ACACIA SP.;JACARANDA;ALOE VERA;C;COPAYAPU ALTURA 6250, LOTE 5;19;372563;6967111;COPIAPO;COPIAPO;U;COPIAPO;0.5;52-2524210;YUMBEL N°267;alzamora@agzaconstructora.cl;
ATACAMA;Ft;;;;03-31;04.12.2014;MAL PASO;JAIME MORENO PROHENS;;;M;OLIVO;;;A;PAN. NORTE KM. 830;19;347912;6977788;COPIAPO;COPIAPO;R;COPIAPO;0.1;;;malpaso@agrosevilla.com;
ATACAMA;Ft;Fo;O;;03-13;07-02-2007;PROVINCIAL HUASCO;CONAF;**;**;PJ;EUCALYPTUS;PINO;ALGARROBO;C;Parque provincial Conaf;19;330050;6836687;HUASCO;VALLENAR;U;HUASCO;2.6;51-2611555;Merced # 731;pedro.bolados@conaf.cl;2611555
ATACAMA;Ft;;;;03-08;07-02-2007;EL TUCUCARO;MAURICIO;SANTELICES;SCALA;M;OLIVO;Jojoba;;C;Parcela 8-1,Hcda. Compañía;19;323168;6837522;HUASCO;VALLENAR;R;HUASCO;0.1;87340810;Parcela 8-1- Hcda Cia;bsantel1@gmail.com;**
ATACAMA;;Fo;O;;03-12;07-02-2007;VIVERO MUNICIPAL;MUNICIPALIDAD DE VALLENAR;**;**;PJ;PINO;PALMERA;CIPRES;C;Vivero Municipal;19;330034;6836699;HUASCO;VALLENAR;U;HUASCO;0,30;51-612055;Vivero Municipal;aguasdelhuasco@hotmail.com;**
ATACAMA;;Fo;O;;03-26;12-12-2012;VIVERO LOS QUEBRACHOS;JUAN CARLOS;EVENSEN;ARREDONDO;M;Chañar;Algarrobilla;Cuerno de cabra;C;Ruta C-46 Km 7, lote 3A;19;319188;6839922;HUASCO;VALLENAR;R;HUASCO;1,00;92187098;Panamericana norte,Km 245- casilla 77;jcevensen@gmail.com;**
ATACAMA;;;O;;03-11;07-02-2007;VIVERO GLORIA;GLORIA;GARATE;ARAYA;F;Bromelia;Cactus;PALMERA;C;Llanos de Ferrera;19;319783;6839931;HUASCO;VALLENAR;R;HUASCO;0,07;51-2612635;Km.6 camino a Huasco- parcela Gloria;gloriagaratearaya@gmail.com;**
ATACAMA;;;O;;03-14;09-07-2007;VIVERO DE CACTUS;JIOCONDA;TORRES;CAMPILLAY;F;ALOE VERA;Opunthia;;C;Galicia # 2675- Torreblanca;19;328810;6836070;HUASCO;VALLENAR;U;HUASCO;0,01;92811481;Galicia # 2675 , Pob. Torreblanca;jocotorres@hotmail.com;**
ATACAMA;;Fo;;;03-30;07-10-2014;ARMIDITA;OMAR;CAMPILLAY ;ROJAS;M;CHAÑAR;ESPINO;PIMIENTO;A;FUNDO ARMIDITA SN;19;375489;6807948;HUASCO;ALTO DEL CARMEN;R;HUASCO;0,01;21983015;Barrio insdustrial sitio N°8, Vallenar;pluke@agricolacampillay.cl;
COQUIMBO;;;O;;04-123;1998;ABUELITA LUISA;MARÍA   ;UGALDE;;F;ORNAMENTALES;;;C;LOS MOLLES 229;19;263434;6466487;CHOAPA;LOS VILOS; U  ;CHOAPA;0,010;S/I;S/I;S/i;
COQUIMBO;;Fo;;;04-112;05-12-1994;CAVILOLEN;CARLOS;BOBADILLA;;M;FORESTAL;;;C;HACIENDA CAVILOLÉN;19;278665;6472440;CHOAPA;LOS VILOS;R;CHOAPA;1,000;S/I;S/I;S/i;
COQUIMBO;Ft;;O;;04-128;16-04-2000;DOÑA FLOR III;MARTA ;SALAS;;F;ORNAMENTALES;FRUTAL;;C;PARCELA 34, RUTA 5 NORTE, QUILIMARÍ;19;264464;6442224;CHOAPA;LOS VILOS;R;CHOAPA;0,500;S/I;S/I;S/i;
COQUIMBO;;Fo;O;;04-116;19-02-1998;EDEN PERDIDO;RUBEN;ABARCA;;M;ORNAMENTALES;;;C;EL DURAZNO SIN N°;19;271155;6441761;CHOAPA;LOS VILOS;R;CHOAPA;0,200;S/I;S/I;R.ABARCA_O@HOTMAIL.COM;
COQUIMBO;Ft;Fo;O;;04-113;1995;EL PROFE;LUIS;TAPIA;;M;ORNAMENTALES;FRUTAL;;C;VILLA ANTILAUQUEN, PASAJE 1, QUILIMARÍ;19;264097;6443440;CHOAPA;LOS VILOS;R;CHOAPA;0,300;S/I;S/I;S/i;
COQUIMBO;;Fo;;;04-125;16-11-2001;FUNDO MONTE ARANDA;MINERA LOS PELAMBRES;;;PJ;FORESTAL;;;A;FUNDO MONTE ARANDA, CAIMANES;19;295728;6465050;CHOAPA;LOS VILOS;R;CHOAPA;0,400;S/I;S/I;S/i;
COQUIMBO;;Fo;O;;04-115;1998;LAS PALMERAS;MARÍA;TAPIA;;F;ORNAMENTALES;;;C;HIJUELA LA COBRIZA, EL MANZANO, GUANGUALÍ;19;276489;6439005;CHOAPA;LOS VILOS;R;CHOAPA;0,400;S/I;S/I;S/i;
COQUIMBO;Ft;;O;;04-121;01-12-1999;LOS LOROS;JOHANN;SPAARWATER;;M;ORNAMENTALES;;;C;LOS LOROS;19;267950;6443501;CHOAPA;LOS VILOS;R;CHOAPA;0,500;09-6807090;S/I;ninafish@hotmail.com;
COQUIMBO;Ft;Fo;;;04-109;1991;LOS MAQUIS;SOC.AGRICOLA QUILIMARI;;;PJ;PAPAYO;GRANADO;PALTO;A;FUNDO LOS MAQUIS;19;267837;6444170;CHOAPA;LOS VILOS;R;CHOAPA;0,200;S/I;S/I;IGOMEZ.MONDACA@GMAIL.COM;
COQUIMBO;;Fo;O;;04-119;25-09-2006;LOS QUEBRACHOS;JUAN;EVENSEN;;M;ORNAMENTALES;FORESTAL;;C;CAMPING CHIGUALOCO;19;262040;6484265;CHOAPA;LOS VILOS;R;CHOAPA;0,400;S/I;S/I;JCEVEN@GMAIL.COM;
COQUIMBO;;;O;;04-117;1997;NINOSKA;BERNARDO;OLIVARES;;M;ORNAMENTALES;;;C;HIJUELA 2, QUILIMARÍ;19;265279;6443835;CHOAPA;LOS VILOS;R;CHOAPA;0,100;S/I;S/I;S/i;
COQUIMBO;;;O;;04-122;1994;PICHIDANGUI;ADONAI;NUÑEZ;;M;ORNAMENTALES;;;C;COSTANERA S/N, PICHIDANGUI;19;262869;6440574;CHOAPA;LOS VILOS;R;CHOAPA;0,300;053-531003;S/I;S/i;
COQUIMBO;;Fo;;;04-130;19-05-2000;EL CHACAY;MINERA LOS PELAMBRES;;;PJ;FORESTAL;;;A;EL CHACAY;19;347176;6473636;CHOAPA;SALAMANCA;R;CHOAPA;0,300;02-4452662;S/I;EMATUTE@PELAMBRES.CL;
COQUIMBO;;Fo;;;04-131;18-01-2001;CORRALES;MOP;;;PJ;FORESTAL;;;A;LOS CORRALES, CAMISAS;19;319235;6468212;CHOAPA;SALAMANCA;R;CHOAPA;0,400;S/I;S/I;S/i;
COQUIMBO;;Fo;O;;04-135;22-12-2003;MUNICIPALIDAD DE SALAMANCA;MUNICIPALIDAD DE SALAMANCA;;;PJ;FORESTAL;;;A;CANCHA DE FÚTBOL N°2;19;313567;6481919;CHOAPA;SALAMANCA;U  ;CHOAPA;0,300;S/I;S/I;S/i;
COQUIMBO;;Fo;;;04-187;17-08-2010;AQUELARRE DE MANQUEHUA;SOC.EL OASIS DE MANQUEHUA;;;PJ;FORESTAL;;;C;HIJUELA 50;19;316124;6492307;CHOAPA;SALAMANCA;R;CHOAPA;0,500;S/I;S/I;VIVERO.AQUELARRE@GMAIL.COM;
COQUIMBO;Ft;Fo;;;04-200;13-04-2011;VIVERO CUNCUMEN;SOC. AGRICOLA CUNCUMEN;;;PJ;FORESTAL;;;C;PC 15 CUNCUMEN;19;344643;6470086;CHOAPA;SALAMANCA;R;CHOAPA;0,500;S/I;S/I;JMOLINAD31@GMAIL.COM;
COQUIMBO;;;;V;04-209;24-11-2011;NORTE VERDE;AGRICOLA NORTE VERDE S.A;;;PJ;VID;;;A;PC 13, LLIMPO;19;325391;6475026;CHOAPA;SALAMANCA;R;CHOAPA;0,100;S/I;Isidora Goyenechea 2939, Las Condes, Santiago;eglantina.flores@gmail.com;
COQUIMBO;;Fo;;;04-138;25-05-1992;ILLAPEL;CONAF;;;PJ;FORESTAL;;;A;LOS LAVADEROS S/N;19;295634;6498216;CHOAPA;ILLAPEL;R;CHOAPA;0,500;S/I;S/I;S/i;
COQUIMBO;Ft;;;;04-139;1999;LA COLONIA;IGNACIO;MILLET;MORALES;M;ARÁNDANO;PALTO;NARANJO;A;PARCELA 127, LA COLONIA;19;300937;6502062;CHOAPA;ILLAPEL;R;CHOAPA;0,200;053-522012;S/I;IMILLET@TALHUENRIEGOS.CL;
COQUIMBO;;Fo;O;;04-141;14-05-2002;PACHAMAMA;WERNER ALVAREZ Y OTROS;;;PJ;FORESTAL;;;C;PARCELA 3, LOTE 4-C, LAS CASAS;19;296577;6499488;CHOAPA;ILLAPEL;R;CHOAPA;0,200;S/I;S/I;S/i;
COQUIMBO;Ft;;;;04-144;08-10-2004;PALTO HUACHO;MAURICIO;SILVA;SAN MARTIN;M;PALTO;;;C;SAN JUAN DE DIOS 652;19;294800;6498660;CHOAPA;ILLAPEL;U  ;CHOAPA;0,100;S/I;S/I;MAUROSILVA111@GMAIL.COM;
COQUIMBO;Ft;Fo;;;04-149;04-07-2005;VIVEROS SAN JOSÉ;COMERCIAL VIVERO SAN JOSE LTDA.;;;PJ;PALTO;;;A;RESERVA CORA F,LOTE A ,PERALILLO;19;299786;6487426;CHOAPA;ILLAPEL;R;CHOAPA;0,300;S/I;S/I;HECTORVARGAS@VIVEROSANJOSE.CL;
COQUIMBO;Ft;Fo;O;V;04-176;17-11-2008;NATYCHA;PATRICIA;VINET;ARGANDOÑA;F;ORNAMENTALES;FRUTAL;;C;VIAL RECABARREN 490;19;293803;6498044;CHOAPA;ILLAPEL;U;CHOAPA;0,200;S/I;S/I;S/i;
COQUIMBO;Ft;;;;04-197;05-02-2011;VIVERO EL FARO II;AGROINDUSTRIAS CHOAPA LTDA.;;;PJ;NOGAL;;;C;PARCELA 134, LA COLONIA;19;300695;6502448;CHOAPA;ILLAPEL;R;CHOAPA;0,200;053-551295;S/I;choapa@homberger.cl;
COQUIMBO;Ft;;;;04-218;13-11-2012;VIVERO AUCO;GONZALO ;VARGAS;;M;NOGAL;;;C;PARCELA 7 LOTE 1,CHUCHIÑI;19;303783;6485197;CHOAPA;SALAMANCA;R;CHOAPA;0,200;09-2268996;;huertolosalmendros@yahoo.es;
COQUIMBO;;;;V;04-219;09-11-2012;TAHUINCO;RICARDO  ;BUGUEÑO;LANAS;M;VID;;;A;CASA 42,TAHUINCO;19;305085;6480843;CHOAPA;SALAMANCA;R;CHOAPA;0,200;08-7396469;;;
COQUIMBO;Ft;Fo;O;V;04-220;24-12-2012;EL QUILLAY;EL QUILLAY S.A.;;;PJ;VID;FRUTAL;ORNAMENTAL;C;PARCELA 7-2, TILAMA;19;295549;6446920;CHOAPA;LOS VILOS;R;CHOAPA;0,200;;;cavargaszamora@hotmail.cl;
COQUIMBO;Ft;;;;04-221;29-01-2013;LA COLONIA I;IGNACIO;MILLET;MORALES;M;NOGAL;;;;HIJUELA LAS CASAS LOTE 1;19;300143;6501611;CHOAPA;ILLAPEL;R;CHOAPA;0,200;053-522012;;IMILLET@TALHUENRIEGOS.CL;
COQUIMBO;Ft;Fo;O;V;04-222;29-01-2013;EDELWEISS;BERNARD ;PETIGNAT;;M;VID;FRUTAL;ORNAMENTAL;C;PARCELA 2 EL MAITEN LOTE B-2;19;284552;6493921;CHOAPA;ILLAPEL;R;CHOAPA;0,200;09-7611903;;benouchka.p@gmail.com;
COQUIMBO;Ft;Fo;O;;04-224;05-03-2013;EL NUEVO AMANECER DE CARCAMO;IVÁN;BORQUEZ;;M;NOGAL;;;C;PARCELA 74, CÁRCAMO;19;304679;6504051;CHOAPA;ILLAPEL;R;CHOAPA;0,200;S/I;S/I;S/i;
COQUIMBO;;Fo;O;V;04-225;30-05-2013;FUNDO PINTACURA;VALLES DEL NORTE S.A.;;;PJ;VID;ORNAMENTAL;FORESTAL;A;Pintacura Norte;19;286644;6489652;CHOAPA;ILLAPEL;R;CHOAPA;;02-22462579;Avenida del Parque 4680-A, Oficina 304, Huechuraba, Región Metropolitana;acarvallo@baika.cl;
COQUIMBO;;Fo;;;04-226;03-06-2013;DOÑA LEONOR;ALVARES Y CABALLERO LTDA..;;;PJ;JOJOBA;;;A;Parcela 26, El Maitén;19;288267;6494573;CHOAPA;ILLAPEL;R;CHOAPA;;053-2521028;Avenida Einstein 725, Santiago;mcaballero@cecchile.com;
COQUIMBO;;Fo;O;;04-228;05-08-2013;LOS CARACOLES;MARIO ;ORTIZ;MAGNA;M;;STEVIA;;C;Lote 37, Condominio Las Acacias;19;288267;6494573;CHOAPA;ILLAPEL;R;CHOAPA;;;Argentina 175, Illapel;mortizenato@gmail.com;
COQUIMBO;Ft;Fo;;;04-230;05-11-2013;VIVERO EL OASIS 1;JUAN LUIS  ;MUÑOZ;GALLARDO;M;NOGAL;PALTO;QUILLAY;C;Parcela 135-A, El Tambo;19;307005;6481189;CHOAPA;SALAMANCA;R;CHOAPA;;;Los Robles 106, Villa Santa Rosa, Illapel;;
COQUIMBO;;;O;;04-231;30-12-2013;VIVERO MAIMALICAN;ROSSANA FRANCISCA;TORTORA;CESPEDES;F;;;EUPHORBIA;C;Parcela Maimalicán B, Ex Fundo Maimalicán, Guangualí;19;278060;6441877;CHOAPA;LOS VILOS;R;CHOAPA;;;Correo Quilimarí;rosstortora@gmail.com;
COQUIMBO;Ft;;;;04-232;09-01-2014;VIVERO NUECES DEL CHOAPA;AGRICOLA COMERCIAL NUECES DEL CHOAPA LTDA.;;;PJ;NOGAL;;;C;Paradero Caracha, Lote B, El Tambo;19;312042;6481855;CHOAPA;ILLAPEL;R;CHOAPA;;053-2552356;;contacto@nuecesdelchoapa.cl;
COQUIMBO;Ft;;;V;04-236;29-05-2014;SANTA CLARA II;JUAN POOLEY Y ALFREDO POOLEY LIMITADA;;;PJ;NOGAL;VID;;A;Parcela 142, La Colonia;19;301837;6502627;CHOAPA;SALAMANCA;R;CHOAPA;0,2;;Casilla 325, Illapel;alfredopooley@hotmail.com;
COQUIMBO;Ft;Fo;O;;04-239;30-06-2014;EL ABUELO;PATRICIO CASIMIRO;GIADALA;CARVAJAL;M;NOGAL;;;A/C/T;Parcela 137-D, Ruta D 805, Km. 7;19;301570;6502344;CHOAPA;ILLAPEL;R;CHOAPA;0,56;;Parcela 137-D, Illapel;pgiadala@hotmail.cl;
COQUIMBO;Ft;Fo;O;V;04-240;24-07-2014;EL TREBOL;MARCIAL ANDRES;GODOY;ALIAGA;M;FRUTAL;VID;ORNAMENTAL;C;Parcela 33, Chacra La Puntilla, Cuz Cuz;19;292931;6496597;CHOAPA;ILLAPEL;R;CHOAPA;0,019;;Chacra La Puntilla, Pasrcela 33, Cuz Cuz;m.andresgodoy@gmail.com;
COQUIMBO;Ft;;;;04-243;28-10-2014;FUNDO PINTACURA 2;VALLES DEL NORTE S.A.;;;PJ;PALTO;;;A;Pintacura Norte;19;287098;6490601;CHOAPA;ILLAPEL;R;CHOAPA;0,3;02 - 22462592;Avenida del Parque 4680-A, Oficina 207, Huechuraba, Región Metropolitana;loretobravo@vallesdelnortesa.com;
COQUIMBO;;;O;;04-009;12-05-1998;AGROJARDINES;JIMENA;BUSTAMANTE;GARMENDIA;F;PAQUERETTE;PETUNIA;LAVANDA.DIMORFOTECA;C;PARCELA 7 VEGAS SUR;19;280964;6687154;ELQUI;LA SERENA;R ;ELQUI;0,150;051-227893;PARCELA 7 VEGAS SUR;ximenabustamantegarmendia@hotmail.com;S/I.
COQUIMBO;;;O;;04-001;25-11-1996;AGROTURISMO;GUILLERMO;CAMPOS;FAUZE;M;ROSAL;PALMERA;HIBISCO;C;PARCELA 219 ALTO PEÑUELAS;19;280505;6683811;ELQUI;COQUIMBO;R ;ELQUI;0,500;051-546433;CASILLA 354 COQUIMBO;S/i;S/I.
COQUIMBO;Ft;Fo;O;V;04-010;05-06-1998;ALTO ELQUI;VIVEROS ALTO ELQUI LTDA;;;PJ;VID;CITRICOS;GRANADO;C;RUTA 41,KM 11,7 ALGARROBITO;19;293189;6685912;ELQUI;LA SERENA;R ;ELQUI;1,500;051-421000;CASILLA 361 LA SERENA;info@altoelqui.cl;S/I.
COQUIMBO;Ft;Fo;;;04-012;23-06-1991;EL BOSQUE;ELICIO;MORAGA;QUINTANA;M;PAPAYO;CHIRIMOYO;CARBONILLO.GUAYACAN.RUMPIATO;C;LAS PALMERAS 930;19;281521;6684511;ELQUI;LA SERENA;U;ELQUI;0,200;051-232319;SEMINARIO 530;emoragaq@vtr.net;S/I.
COQUIMBO;Ft;;;;04-022;25-05-1998;EL PECANO;NELSON;ROJAS;PASTEN;M;OLIVO;PECANO;HIGUERAS.ALMENDROS.PALTOS;C;ABDON AGUIRRE 608;19;335252;6681927;ELQUI;VICUÑA;U;ELQUI;0,100;S/I;CONDELL N° 20 VICUÑA;S/i;S/I.
COQUIMBO;Ft;;;;04-023;13-06-2002;EL REDONDO;ERICH;GROHS;MUTZKA;M;PALTO;NARANJO;NOGAL;C;SITIO S/N° EL MOLLE;19;311945;6681927;ELQUI;VICUÑA;R ;ELQUI;0,100;51-221674;S/I;espligross@hotmail.com;S/I.
COQUIMBO;;Fo;O;;04-036;11-05-2005;ENERGIAS DEL ELQUI;ALEJANDRA;MARIN;ALVARADO;F;ALOE VERA;;;C;SANTA ELENA-LAS ROJAS;19;301185;6681748;ELQUI;LA SERENA;R ;ELQUI;1,000;S/I;S/I;S/i;S/I.
COQUIMBO;;;O;;04-038;20-06-2005;FIORELLA PAISAJISMO;FIORELLA PAISAJISMO LTDA;;;PJ;DIMORFOTECA;ACHIRAS;LAVANDA.ACHIRANTEMUS.SENECIO;C;PARCELA 12 VEGAS SUR;19;280486;6686498;ELQUI;LA SERENA;R ;ELQUI;0,500;051-210216;PARCELA 12 VEGAS SUR LA SERENA;fiorellapaisajismo@gmail.com;S/I.
COQUIMBO;Ft;;;;04-025;29-10-1993;INIA-VICUÑA;INIA VICUÑA;;;PJ;JATROFA;VID;;C;CAMINO PERALILLOS/N°;19;336483;6675914;ELQUI;VICUÑA;R ;ELQUI;0,020;51-411231;CASILLA 73 VICUÑA;nrojas@inia.cl;S/I.
COQUIMBO;Ft;Fo;O;;04-022;11-05-1995;HACIENDA EL TANGUE;SOC AGRICOLA Y GANADERA EL TANGUE LTDA;;;PJ;ATRIPLEX;;;A;HACIENDA EL TANGUE  TONGOY;19;253997;6639871;ELQUI;COQUIMBO;R ;ELQUI;0,500;051-391201;CORREO TONGOY;S/i;S/I.
COQUIMBO;Ft;Fo;O;;04-003;20-11-1995;JARDIN DON BOSCO;SUSANA;CAMPUSANO;;F;RAYITO DE SOL;HIEDRA;HELECHO.SHEFLERA.ALEGRIA HOGAR;C;GUACOLDA 570;19;273840;6682742;ELQUI;COQUIMBO;U;ELQUI;0,100;051-323475;GUACOLDA 570 COQUIMBO;floreriayjardindonbosco@hotmail.com;S/I.
COQUIMBO;Ft;Fo;O;;04-013;03-02-1999;JARDIN VEGAS SUR;OSCAR;MELENDEZ;GUAJARDO;M;RAYITO DE SOL;PALMERA;HIBISCUS.PINO MACROCARPA;C;PARCELA 57 SITIO 2 VEGAS SUR;19;280365;6686545;ELQUI;LA SERENA;R ;ELQUI;0,100;51-241697;PARCELA 57 SITIO 2 VEGAS SUR;S/i;S/I.
COQUIMBO;Ft;Fo;O;;04-035;28-07-2003;LA CALERA;NELSON;GODOY;GODOY;M;PINO MACROCARPA;EUCALIPTO;ACACIAS.NOGALES.PALMERAS.PAPAYOS;C;SITIO 3 LA CALERA;19;307500;6680156;ELQUI;VICUÑA;R ;ELQUI;0,050;S/I;SITIO 3 LA CALERA;S/i;S/I.
COQUIMBO;Ft;;;;04-004;09-08-2006;LAS CARDAS;UNIVERSIDAD DE CHILE;;;PJ;JOJOBA;GRANADO;HIGUERAS.TUNAS.PITAYA.TOMATE CHINO;C;ESTACION EXP LAS CARDAS;19;283038;6653725;ELQUI;COQUIMBO;R ;ELQUI;0,200;S/I;CASILLA 13 COQUIMBO;ctorresp@renare.uchile.cl;S/I.
COQUIMBO;;Fo;O;;04-005;19-04-1995;LAS TACAS;COMPLEJO LAS TACAS;;;M;RAYITO DE SOL;PALMERA;PITOSPORUS.PAQUERET.GAZANIAS;A;RUTA 5 LAS TACAS;19;272387;6668858;ELQUI;COQUIMBO;R ;ELQUI;0,050;051-399109;S/I;hwitker@complejolastacas.cl;S/I.
COQUIMBO;;;;V;04-008;06-04-2004;LUIS RODRIGUEZ;LUIS;RODRIGUEZ;CORTES;M;VID;;;C;VEGA ALFARO SAN ISIDRO;19;337367;6676908;ELQUI;VICUÑA;R ;ELQUI;0,250;051-411582;MANUEL RODRIGUEZ 25 VICUÑA;S/i;S/I.
COQUIMBO;;;O;;04-040;01-08-2005;MARIA TERESA;MARIA TERESA;VICENCIO;ROJAS;F;GAZANIA;RUDA;RAYITO DE SOL.CLAVELINAS.ROSAS;C;PARCELA 26 A 3 PEÑUELAS;19;278163;6683784;ELQUI;COQUIMBO;R ;ELQUI;0,500;051-239133;PARCELA 26 A 3 PEÑUELAS;jardines_mt@hotmail.com;S/I.
COQUIMBO;;Fo;O;;04-006;15-11-1996;MUNICIPALIDAD DE COQUIMBO;I MUNICIPALIDAD DE COQUIMBO;;;PJ;GAZANIA;RAYITO DE SOL;ARTOTIS.FESTUCA.VILCAS.PELARGONIAS;A;FORTIN MOTTA;19;273171;6683035;ELQUI;COQUIMBO;U;ELQUI;0,100;51-323513;BILBAO 348 COQUIMBO;S/i;S/I.
COQUIMBO;;Fo;O;;04-016;25-09-1992;MUNICIPALIDAD DE LA SERENA;I MUNICIPALIDAD DE LA SERENA;;;PJ;PALMERA;ESTENOCARPO;ILUSION.KALANCHOE.QUILLAY.RAYO DE SOL;A;ESTADIO LA PORTADA;19;282567;6688795;ELQUI;LA SERENA;U;ELQUI;0,050;S/I;PRAT 410 LA SERENA;S/i;S/I.
COQUIMBO;;;O;;04-027;17-05-2004;PAISAJISMO CORDILLERA;PAISAJISMO CORDILLERA S.A;;;PJ;PENSAMIENTO;DOQUILLA;INULA.ALLYSUM.GAZANIAS.RAYO DE SOL;A;PARCELA 3 VEGAS SUR;19;281381;6687812;ELQUI;LA SERENA;R ;ELQUI;0,050;51-216752;PARCELA 3 VEGAS SUR;hurbina@nucleo.cl;S/I.
COQUIMBO;;;O;;04-008;19-06-2003;PARQUE JOHNSON;PARQUES JHONSON LTDA;;;PJ;PAQUERETTE;LAVANDA;RAYITO DE SOL.CLAVELINAS.ROSAS;A;PUERTO VELERO;19;261934;6651369;ELQUI;COQUIMBO;R ;ELQUI;0,030;51-392157;S/I;rgr@parquesjhonson.cl;S/I.
COQUIMBO;;;O;;04-017;17-10-1997;PARQUE LA FORESTA;ADMINISTRADORA DEL PRADO LAFORESTA SA;;;PJ;BACOPAS;DIGITALIS;PENSAMIENTOS.GAZANIAS.FUCSIAS.HIEDRA;A;PARCELA 38 CERES;19;288900;6687663;ELQUI;LA SERENA;R ;ELQUI;0,020;51-420800;CASILLA 1024 LA SERENA;nmaldonado@parquelaforesta.cl;S/I.
COQUIMBO;;Fo;O;;04-007;02-02-1995;PUERTO VELERO;MAURO CESAR;RAMOS;ALVARADO;M;VERONICA;RAYITO DE SOL;LAVANDAS.PAQUERET.DIMORFOTECAS.LANTANA;A;PUERTO VELERO TONGOY;19;262727;6650980;ELQUI;COQUIMBO;R ;ELQUI;0,020;S/I;S/I;S/i;S/I.
COQUIMBO;;;O;;04-011;09-05-2001;PUNTO VERDE;SOC INVERSIONES PUNTO VERDE LTDA;;;PJ;PENSAMIENTO;CLAVELINA;GAZANIAS.RUDAS.PETUNIAS.OREJAS DE OSO;C;PARCELA 18 VEGAS SUR;19;280006;6685737;ELQUI;LA SERENA;R ;ELQUI;0,200;51-232672;PARCELA 18 VEGAS SUR;viveropuntoverde@gmail.com;S/I.
COQUIMBO;;;O;;04-032;10-11-2003;SAN ANTONIO;CESAR ANTONIO;PASTEN;DOMINGUEZ;M;RAYITO DE SOL;RUDA;DRACENA.GAZANIAS.AGAPANTOS.ROSAS.CALAS;C;CISTERNAS 5515;19;281692;6684671;ELQUI;LA SERENA;U;ELQUI;0,020;S/I;CISTERNAS 5515;viverosanantonio@hotmail.com;S/I.
COQUIMBO;Ft;Fo;O;;04-020;01-08-2001;TERRAFER;RAMON;CUEVAS;VALDES;M;QUILLAY;LUCUMILLO;EUCALIPTO.MOLLE.ESPINO.PIMIENTO.VERONICAS;C;SITIO 2 NUEVA VIDA;19;282911;6673484;ELQUI;COQUIMBO;U;ELQUI;0,020;S/I;S/I;terrafer.vivero@gmail.com;S/I.
COQUIMBO;;;O;;04-021;10-12-2001;TERRANOVA;HECTOR  FERNANDO;DURAN;TOLEDO;M;RAYITO DE SOL;VERONICA;LAVANDAS.LAUREL FLOR.DOQUILLAS.HIEDRA;C;PARCELA 56 VEGAS SUR;19;281085;6687369;ELQUI;LA SERENA;R ;ELQUI;0,200;51-296601;PARCELA 56 VEGAS SUR;serena@viveroterranova.cl;S/I.
COQUIMBO;;;O;;04-031;01-09-2004;VICTOR MANUEL GONZALEZ;VICTOR MANUEL;GONZALEZ;;M;CACTÁCEAS;SUCULENTAS;;C;MIGUEL SALDIAS 4432;19;285051;6691729;ELQUI;LA SERENA;U;ELQUI;0,010;51-253638;MIGUEL SALDIAS 4432;S/i;S/I.
COQUIMBO;Ft;;;;04-015;30-04-1993;VIVEROS LA SERENA;VIVEROS LA SERENA LTDA;;;PJ;NARANJO;PALTO;MANDARINAS.GRANADOS.ORNAMENTALES;C;PARCELA 339 PAMPA ALTA;19;283849;6685537;ELQUI;LA SERENA;U;ELQUI;7,000;051-296615;CASILLA 361 LA SERENA;info@viveroslaserena.cl;S/I.
COQUIMBO;Ft;;;;04-153;09-04-2007;COM. CAVADA Y FUENZALIDA LTDA.;COM. CAVADA Y FUENZALIDA LTDA.;;;PJ;ARÁNDANO;GRANADO;;C;PARCELA 4 LOTE17 BELLAVISTA;19;288945;6687544;ELQUI;LA SERENA;R ;ELQUI;0,200;S/I;PARCELA 4 LOTE17 BELLAVISTA;alexandra@cavada.cl;S/I.
COQUIMBO;Ft;;;;04-156;18-10-2007;VIVERO HC;MARIO ROBERTO;HERNANDEZ;CODOCEO;M;HIGUERAS;GRANADO;PAPAYOS.CHIRIMOYOS;C;FUNDO CORAZON DE MARIA;19;284660;6680989;ELQUI;COQUIMBO;R ;ELQUI;0,500;51-241551;LOS CARRERA 380;ebremer@agricola hc.cl;51-243912
COQUIMBO;Ft;Fo;O;;04-161;02-04-2008;VIVERO PURA VIDA;PAISAJISMO HERMANOS VELASCO OLIVIER LTDA;;;PJ;PALMERA;VERONICA;AGAPANTOS.PROTEAS.;C;BALMACEDA 2271;19;281996;6687821;ELQUI;LA SERENA;U;ELQUI;0,100;51-225668;BALMACEDA 2271;S/i;51-225668
COQUIMBO;Ft;;;V;04-162;20-05-2008;AGRIC.ANDRES FUENZALIDA S;AGRICOLA ANDRES FUENZALIDA SCHICKHARDT EIRL;;;PJ;VID;ARÁNDANO;;C;PARCELA 4 LOTE 15 BELLAVISTA;19;289005;6683784;ELQUI;LA SERENA;R ;ELQUI;0,200;51-243884;PASAJE MARIANA CASA 3 PEÑUELAS;afuenzalida@zebra.cl;51-223767
COQUIMBO;;;O;;04-172;10-02-2009;CACTARIO VALENCIA;RAUL ;SEPULVEDA;VALDERRAMA;M;CACTÁCEAS;;;C;LOTE 30 SITIO 32 LA CALERA;19;308486;6681359;ELQUI;VICUÑA;R ;ELQUI;0,300;8244657;PARCELA 43 LOTE 6 LAS COLONIAS PAINE;cactariovalencia@gmail.com;S/I.
COQUIMBO;Ft;Fo;O;V;04-175;30-06-2008;VIVERO FRUTICOLA LA COMPAÑÍA;FRUTICOLA LA COMPAÑÍA;;;PJ;VID;PALTO;PALMERAS.ACACIAS.OLIVOS.ALOE VERA.RUDAS;A;HACIENDA LA COMPAÑÍA;19;333889;6674648;ELQUI;VICUÑA;R ;ELQUI;0,200;51-412361;CORREO 1 VICUÑA;apardo@grupoerrazuriz.cl;S/I.
COQUIMBO;;Fo;;;04-181;26-01-2010;EL PANUL;COMERCIAL PANAMERICANA;;;PJ;LUCUMILLO;;;A;PARCELA C 56 EL PANUL;19;268968;6677999;ELQUI;COQUIMBO;R ;ELQUI;0,050;51-268601;AV SANTA MARIA 2384;info@abalones.cl;   51-268601
COQUIMBO;;Fo;;;04-191;30-09-2010;COMPAÑÍA MINERA SAN GERONIMO;COMPAÑÍA MINERA SAN GERONIMO;;;PJ;ALGARROBO;AROMO AUSTRALIANO;ACACIA.ALGARROBILLA.GUAYACAN.ESPINO;A;LA HIGUERA QDA MARQUESA;19;318152;6692581;ELQUI;VICUÑA;R ;ELQUI;0,020;51-571100;AV TALCA 101  B IND ;crendic@cmsg.cl;51-571134
COQUIMBO;Ft;;O;;04-202;02-04-2011;VIVERO SALUD;ALDO;MANFREDI;CHAMBERLAIN;M;STEVIA;SALVIA;MANZANILLA;C;LOTE 23 LOMAS DEL INCA;19;289671;6687497;ELQUI;LA SERENA;R ;ELQUI;0,020;S/I;EL MILAGRO 151O;aldo.manfredi@gmail.com;S/I.
COQUIMBO;Ft;;;;04-209;08-09-2011;ELQUI OLIVOS;WILSON;ROJAS;TRUJILLO;M;OLIVO;;;C;PARCELA 4 GABRIELA MISTRAL;19;299111;6682508;ELQUI;LA SERENA;R ;ELQUI;0,030;53-622607;TANGUE-483-A OVALLE;rojas.wi@gmail.com;53-620515
COQUIMBO;;Fo;O;;04-210;02-09-2011;VIVERO TU ARBOL;CAROLINA;PUIG;GROIZARD;F;PIMIENTO;VILCA;ACACIAS.JACARANDA.ALCAPARRAS.PINO AZUL;C;SITIO 28 CONDOMINIO LA CEBADA II;19;294013;6687717;ELQUI;LA SERENA;R ;ELQUI;0,020;S/I;SITIO 28 CONDOMINIO LA CEBADA II;viverotuarbol@gmail.com;S/I.
COQUIMBO;;Fo;O;;04-233;26-12-2013;SIDEZA;SERVICIOS INTEGRALES PARA EL DESARROLLO EN ZONAS ARIDAS SPA.;;;PJ;ORNAMENTALES;NATIVAS;;C;PARCELA 347, SITIO 19, LOTEO CERRO GRANDE;19;285542;6684520;ELQUI;LA SERENA;R ;ELQUI;0,500;S/I;LOS CARRERA 136, OFICINA 3, LA SERENA;gbahrss@gmail.com;S/I.
COQUIMBO;;Fo;O;;04-234;01-04-2014;VIVERO SEMILLA NATIVA E.I.R.L.;VIVERO SEMILLA NATIVA CLAUDIO ROJAS CUELLO E.I.R.L.;;;PJ;ORNAMENTALES;FORESTAL;;C;INDEPENDENCIA 193, LOTE 1 B;19;334646;6676817;ELQUI;VICUÑA;U;ELQUI;0,030;S/I;S/I.;viverosemillanativaeirl@gmail.com;S/I.
COQUIMBO;Ft;;;;04-238;17-06-2014;VIVERO OLIBAL;AGRICOLA OLIBAL LIMITADA;;;PJ;PAPAYO;;;A;LOTE 4, CRUZ DE CAÑAS, PAN DE AZUCAR;19;285227;6674739;ELQUI;COQUIMBO;R ;ELQUI;0,200;S/I;LOS CEDROS 2592, LA SERENA;olibalagricola@gmail.com;S/I.
COQUIMBO;Ft;;;;04-241;29-09-2014;VIVEROS SAN OSVALDO;AGRICOLA SAN OSVALDO LIMITADA;;;PJ;CITRICOS;;;A;LOTE A 12, FUNDO TAMBILLOS, BARRANCAS;19;281728;6655959;ELQUI;COQUIMBO;R;ELQUI;1,000;S/I;PREDIO 5, LOTE 128, FUNDO SAN OSVALDO;mzwanzger@sanosvaldo.cl;S/I.
COQUIMBO;Ft;;;;04-052;25-09-2006;CAMPOMAS;RODRIGO  ;CÁCERES;TAPIA;M;PALTO;ALMENDRO;DURAZNERO;C;POTRERILLOS ALTO;19;286937;6600738;LIMARí;OVALLE;R;LIMARÍ;0,1;S/N;LAS RAMADAS DE PUNITAQUI S/N;campomas@yahoo.com;
COQUIMBO;Ft;;;;04-055;25-09-2006;DOS RIOS;LORENZO ;ALFARO;CORT`ÉS;M;PALTO;PALMERA;;C;JUNTAS S/N;19;320302;6600597;LIMARí;MONTE PATRIA;R;LIMARÍ;0,1;S/N;JUNTAS S/N;lorenzo-alfaro@hotmail.com;
COQUIMBO;Ft;;;V;04-060;25-09-2006;EL PEÑON;SOC. AGRICOLA CERRO CAMPANARIO LTDA.;;;PJ;VID;;;A;MONTE PATRIA S/N;19;315925;6603430;LIMARí;MONTE PATRIA;R;LIMARÍ;0,1;S/N;MONTE PATRIA S/N;ccampanario@prohenscc.cl;
COQUIMBO;Ft;;O;V;04-063;25-09-2006;ESCUELA AGRICOLA;LICEO AGRICOLA TADEO PERRY BARNES;;;PJ;PALTO;MANDARINO;VID;C;TUQUI S/N;19;290080;6615153;LIMARí;OVALLE;R;LIMARÍ;0,1;S/N;TUQUI S/N;ovalle.produccion@snaeduca.cl;
COQUIMBO;Ft;;;;04-064;25-09-2006;FIOCHAT;JUAN A. ;ADAROS;ARACENA;M;PALTO;VID;;C;CARACHILLA - CALLE ÚNICA;19;300996;6605122;LIMARí;OVALLE;R;LIMARÍ;0,1;S/N;CARACHILLA - CALLE ÚNICA;No Tiene;
COQUIMBO;Ft;;;V;04-067;25-09-2006;GALLARDO VENEGAS;ABRAHAM ;GALLARDO;RIVERA;M;VID;NARANJO;PALTO;C;CARACHILLA - CALLE ÚNICA;19;300975;6605136;LIMARí;OVALLE;R;LIMARÍ;0,1;S/N;CARACHILLA - CALLE ÚNICA;No Tiene;
COQUIMBO;Ft;;;;04-068;25-09-2006;HUALLILLINGA;LUIS ;SANCHEZ;A;M;NARANJO;MANDARINO;PALTO;C;HUALLILLINGA S/N;19;300218;6605230;LIMARí;OVALLE;R;LIMARÍ;0,3;S/N;HUALLILLINGA S/N;"luissanchezp@sanperr.cl;luissanchezp@sanperr.cl;";
COQUIMBO;Ft;;;;04-069;25-09-2006;IL VERO OLIVOS;LUIS ;VALDEBENITO ;GUERRERO;PJ;OLIVO;;;C;PUNITAQÍ S/N;19;282345;6593606;LIMARí;OVALLE;R;LIMARÍ;0,1;S/N;PUNITAQÍ S/N;soledadsoto@gmail.com;
COQUIMBO;Ft;;;;04-070;25-09-2006;LA CONCEPCION;LEONCIO ;HIDALGO;;M;PALTO;NOGAL;GRANADO;C;POTRERILLOS BAJO;19;290972;6610069;LIMARí;OVALLE;R;LIMARÍ;0,1;S/N;POTRERILLOS BAJO;No Tiene;
COQUIMBO;Ft;;;V;04-076;25-09-2006;LAS VERTIENTES;SAMUEL ;JOFRÉ;SANFORLIN;M;VID;;;C;TUQUÍ S/N;19;291321;6617095;LIMARí;OVALLE;R;LIMARÍ;0,1;S/N;TUQUÍ S/N;No Tiene;
COQUIMBO;Ft;;;;04-079;25-09-2006;LOS ARRAYANES;MANUEL;TAIBA;;M;PALTO;OLIVO;NOGAL;C;PANULCILLO;19;290791;6631627;LIMARí;OVALLE;R;LIMARÍ;0,1;S/N;PANULCILLO;mmtaiba@yahoo.com;
COQUIMBO;Ft;;;;04-081;25-09-2006;LOS LIRIOS;AGROCOMERCIAL VALLE ARRIBA S.A.;;;PJ;OLIVO;;;C;CAMARICO S/N;19;281622;6600599;LIMARí;OVALLE;R;LIMARÍ;0,1;S/N;CAMARICO S/N;eduardogomez@vallearriba.cl;
COQUIMBO;;Fo;;;04-086;25-09-2006;PANULCILLO;EMPRESA NACIONACIONAL DE MINERIA - ENAMI;;;PJ;ATRIPLEX;EUCALYPTUS;PIMIENTO;A;LAGUNILLAS ;19;290858;6618332;LIMARí;OVALLE;R;LIMARÍ;0,1;S/N;LAGUNILLAS ;iflores@enami.cl;
COQUIMBO;;Fo;;;04-088;25-09-2006;PUMAHUIDA;SOCIEDAD AGRICOLA LAS MERCEDES;;;PJ;PEUMO;CHAÑAR;QUILLAY;C;LOS LEICES - FUNDO LAS MERCEDES;19;290231;6607103;LIMARí;OVALLE;R;LIMARÍ;0,1;S/N;LOS LEICES - FUNDO LAS MERCEDES;agryma@hotmail.com;
COQUIMBO;;Fo;;;04-089;25-09-2006;QUEBRADA SEQUITA;AGRICOLA BAUZA S.A;;;PJ;ATRIPLEX;ACACIA;;C;QUEBRADA SECA;19;258243;6623670;LIMARí;OVALLE;R;LIMARÍ;0,1;S/N;QUEBRADA SECA;pchacon@bauza.cl;
COQUIMBO;Ft;Fo;;V;04-091;13-11-2014;RINCONADA;AGRICOLA JUAN ANTONIO AGUIRRE RAMOS E.I.R.L.;;;PJ;VID;FORESTAL;FRUTAL;C;PARCELA 13, CAMINO PORVENIR, UNION CAMPESINA;19;279172;6599902;LIMARí;OVALLE;R;LIMARÍ;2,0;S/N;PARCELA 13, UNION CAMPESINA;viverorinconadachile@terra.cl;
COQUIMBO;Ft;;O;;04-094;25-09-2006;SOTAQUI;DIGNA ;PEREZ;S.;F;VID;NARANJO;PALTO;C;SOTAQUI;19;296364;6610630;LIMARí;OVALLE;R;LIMARÍ;0,1;S/N;SOTAQUI;viverosotaqui@yahoo.com.ar;
COQUIMBO;Ft;;;V;04-098;25-09-2006;SAN ARNOLDO;ARNOLDO ;ARAYA;F.;M;VID;;;C;PARCELA Nº 4,  EL MANZANO - RAPEL;19;332123;6596556;LIMARí;MONTE PATRIA;R;LIMARÍ;0,1;S/N;SOTAQUI;garaya@capel.cl;
COQUIMBO;;Fo;;;04-100;25-09-2006;SANTA CAROLINA;MARIANA;PIZARRO;CORTÉS;M;ATRIPLEX;;;C;ALCONES S/N;19;258953;6595181;LIMARí;OVALLE;R;LIMARÍ;0,1;S/N;ALCONES S/N;No Tiene;
COQUIMBO;Ft;;;;04-103;25-09-2006;SANTA ISABEL;AGRÍCOLA BAUZA S.A;;;PJ;NOGAL;;;C;HACIENDA VALDIVIA;19;346087;6599720;LIMARí;MONTE PATRIA;R;LIMARÍ;0,1;S/N;HACIENDA VALDIVIA;fneira@bauza.cl;
COQUIMBO;Ft;;;V;04-105;25-09-2006;TECNOCITRUS;JUAN ;FERRADA;M.;M;MANDARINO;NARANJO;VID;C;EL GUINDO S/N;19;299211;6606969;LIMARí;OVALLE;R;LIMARÍ;3,5;S/N;EL GUINDO S/N;tecnocitrus@tecnocitrus.cl;
COQUIMBO;Ft;;O;;04-107;25-09-2006;TERRASORB;FREDDY ;VENEGAS;GALLARDO;M;VID;NOGAL;NISPERO;C;CARACHILLA - CALLE ÚNICA;19;300963;6605320;LIMARí;OVALLE;R;LIMARÍ;0,1;S/N;CARACHILLA - CALLE ÚNICA;No Tiene;
COQUIMBO;Ft;;;;04-108;25-09-2006;TAMAYA;VIVEROS TAMAYA S.A.;;;PJ;PALTO;GRANADO;NARANJO;C;CERRILLOS DE TAMAYA S/N;19;268379;6615870;LIMARí;OVALLE;R;LIMARÍ;0,1;S/N;CERRILLOS DE TAMAYA S/N;lalvarez@tamaya.cl;
COQUIMBO;Ft;;;;04-099;25-09-2006;SOPROEX;INVERSIONES ZEPEDA HNOS.;;;PJ;PALTO;MANDARINO;;C;FUNDO LOLOL S/N - SANTA CATALINA;19;290693;6616022;LIMARí;OVALLE;R;LIMARÍ;0.2;S/N;FUNDO LOLOL S/N - SANTA CATALINA;mzepeda@soproex.cl;
COQUIMBO;Ft;;;;04-166;05-12-2007;LOS NISPEROS;ARMIN;PIZARRO;MADARIAGA;M;LIMONERO;PALTO;NOGAL;C;HUALLILLINGA;19;297926;6606526;LIMARí;OVALLE;R;LIMARÍ;0,5;S/N;HUALLILLINGA;arepim4l@gmail.com;
COQUIMBO;;;;V;04-168;17-11-2008;LAS PEÑAS;S.A. VIÑA SANTA RITA;;;PJ;VID;;;C;FUNDO LAS PEÑAS;19;275662;6599281;LIMARí;OVALLE;R;LIMARÍ;0,1;S/N;FUNDO LAS PEÑAS;coyarzun@santarita.cl;
COQUIMBO;;;;V;04-169;10-11-2009;SAN DANIEL;URBANO ;AGUILERA;AGUILERA;M;VID;;;C;COMUNIDAD AGRÌCOLA PUNITAQUÍ;19;284554;6591161;LIMARí;PUNITAQUI;R;LIMARÍ;0,1;S/N;COMUNIDAD AGRÌCOLA PUNITAQUÍ;urbano.aguilera@gmail.cl;
COQUIMBO;;Fo;;;04-180;19-11-2009;TALHUEN;HIILDEGAR ;CUBILLOS;MUNSKI;F;EUCALYPTUS;ATRIPLEX;;C;FLOR DEL NORTE;19;285391;6615570;LIMARí;OVALLE;R;LIMARÍ;0,1;S/N;FLOR DEL NORTE;carivasvarela@yahoo.cl;
COQUIMBO;Ft;;;;04-198;09-06-2010;LOS CONQUISTADORES;EVA ;VALDIVIA;RAMIREZ;F;NOGAL;;;A;CARÉN;19;330403;6580964;LIMARí;MONTE PATRIA;R;LIMARÍ;0,1;S/N;CARÉN;conquistadoresmp@yahoo.es;
COQUIMBO;Ft;Fo;O;;04-185;23-06-2010;NORTE VERDE;ALEXIS DANIEL ;JARA;SALAS;M;VID;;;C;HIJUELA LA PARRA, LOTE 3  - POTRERILLOS BAJOS;19;289688;6610859;LIMARí;OVALLE;R;LIMARÍ;0,1;S/N;HIJUELA LA PARRA, LOTE 3  - POTRERILLOS BAJOS;No Tiene;
COQUIMBO;Ft;;;;04-188;25-08-2010;LOS OLIVOS;JOSÉ LUIS ;CISTERNAS;;M;DURAZNERO;CIRUELO;;C;PARCELA Nº 61 A LOS OLIVOS;19;265891;6614922;LIMARí;OVALLE;R;LIMARÍ;0,1;S/N;PARCELA Nº 61 A LOS OLIVOS;jcisternas72@gmail.com;
COQUIMBO;;;;V;04-199;18-08-2010;EL ENCANTADO;AGROFRÍO S.A.;;;PJ;VID;;;A;EL PALQUÍ S/N;19;311390;6597919;LIMARí;MONTE PATRIA;R;LIMARÍ;0,1;S/N;EL PALQUÍ S/N;ovalle@agrofrio.cl;
COQUIMBO;;Fo;;;04-194;06-10-2010;VENTOLERA DE TALCA;MINERA FLOR DE MAYO LTDA;;;PJ;ALCAPARRA;PALO NEGRO;CHAMIZA;A;MINERAL DE TALCA S/N;19;245431;6578905;LIMARí;OVALLE;R;LIMARÍ;0,1;S/N;TALQUILLA S/N;bz@tgsa.cl;
COQUIMBO;;;;V;04-195;06-10-2010;SODECA S.A.;SODECA S.A.;;;PJ;VID;;;A;PARCELA Nº 17 CAMPO LINDO;19;277200;6601253;LIMARí;OVALLE;R;LIMARÍ;0,5;S/N;PARCELA Nº 17 CAMPO LINDO;estebancanihuante@controlpisquero.cl;
COQUIMBO;Ft;Fo;O;V;04-204;21-02-2011;FLORENCIA;YERCO MILTHON;OLIVAREZ;RIVERA;M;OLIVO;ORNAMENTAL;;C;PARCELA Nº 37 LOURDES - CAMARIO;19;280489;6597940;LIMARí;OVALLE;R;LIMARÍ;0,5;S/N;PARCELA Nº 37 LOURDES - CAMARIO;pia81@hotmail.com;
COQUIMBO;Ft;Fo;;;04-193;07-03-2011;EL SAUCE;SOCIEDAD AGRÍCOLA ATUNGUAYCO LTDA;;;PJ;NARANJO;NATIVAS;;A;PARCELA Nº 9 HUATULAME;19;311640;6587401;LIMARí;MONTE PATRIA;R;LIMARÍ;0,1;S/N;PARCELA Nº 9 HUATULAME;lorenarojas@chile.com;
COQUIMBO;;;;V;04-207;14-07-2011;LOS NOGALES;SOCIEDAD AGRÍCOLA Y DE TRANSPORTES ALFALFARES LTDA;;;PJ;VID;;;A;PARCELA Nº 32 - LAS PERDICES;19;278370;6608073;LIMARí;OVALLE;R;LIMARÍ;0,1;S/N;PARCELA Nº 32 - LAS PERDICES;alfalfaresltda@yahoo.es;
COQUIMBO;Ft;Fo;O;;04-208;29-09-2011;SANTA ADRIANA;SELMEN AMADOR ;DAIRE;ARAYA;M;VID;;;A;FUNDO SANTA ADRIANA - LA CHIMBA;19;285703;6608738;LIMARí;OVALLE;R;LIMARÍ;0,1;S/N;FUNDO SANTA ADRIANA - LA CHIMBA;No Tiene;
COQUIMBO;;;;V;04-213;15-11-2011;AGUATIERRA NATURALLY;SOCIEDAD AGRÍCOLA AGUATIERRA LIMITADA;;;PJ;VID;;;A;EL CIENAGO S/N;19;282378;6590100;LIMARí;PUNITAQUI;R;LIMARÍ;0,1;S/N;EL CIENAGO S/N;jmpryor@aguatierra.cl;
COQUIMBO;Ft;;;;04-215;13-06-2012;CANTA RANA;AGRÍCOLA CANTA RANA S.A.;;;PJ;NOGAL;;;A;LOTE Nº 2 - FUNDO INFIERNIELLO SUR P;19;285155;6597735;LIMARí;OVALLE;R;LIMARÍ;0,1;S/N;LOTE Nº 2 - FUNDO INFIERNIELLO SUR P;adquisiciones@cantarana.cl;
COQUIMBO;;;;V;04-217;11-09-2012;SAN ELIAS;ORLANDO ELIAS ;GÓMEZ;GÓMEZ;M;VID;;;A;PARCELA Nº 1 CARACHILLA;19;303365;6603768;LIMARí;OVALLE;R;LIMARÍ;0,1;S/N;PARCELA Nº 1 CARACHILLA;No Tiene;
COQUIMBO;;Fo;;;04-223;05-03-2013;DELTA;EMPRESA NACIONAL DE MINERIA;;;PJ;ESPINO;EUCALYPTUS;;A;LOTE Nº 60, BIEN COMUN J, PARCELACIÓN FLOR DEL NORTE;19;286641;6624841;LIMARí;OVALLE;R;LIMARÍ;0,5;S/N;QUEBRADA RINCON DEL SAUCE, PARCELACIÓN FLOR DEL NORTE;uromero@enami.cl;
COQUIMBO;Ft;Fo;O;V;04-227;24-07-2013;SAOLI;SOCIEDAD AGRÍCOLA SAOLI LIMITADA;;;PJ;PALMERA;;;C;PARCELA Nº 8 SAN ANTONIO -  EL PALQUI;19;315487;6596983;LIMARí;MONTE PATRIA;R;LIMARÍ;0,005;S/N;ARTURO PRAT Nº 43 - EL PALQUI;alexsalas518@gmail.com;
COQUIMBO;;;;V;04-229;29-10-2013;EL SITIO;NATANIEL ANTONIO;CAMPUSANO;GUERRERO;M;VID;;;A;PARCELA Nº 17 UNIÓN CAMPESINA;19;279342;6598784;LIMARí;OVALLE;R;LIMARÍ;0,09;S/N;MARCOS MACUADA Nº 935;No Tiene;
COQUIMBO;;;;V;04-235;14-05-2014;FRUTICOLA ZEBRA;FRUTICOLA ZEBRA LIMITADA;;;PJ;VID;;;A;HIJUELAS DE HUANILLA D1 - 4 B;19;306414;6595208;LIMARí;MONTE PATRIA;R;LIMARÍ;0.01;S/N;LAS ROJAS ORIENTE N° 323 - LA SERENA;ffuenzalida@zebra.cl;
COQUIMBO;Ft;;;V;04-242;21-10-2014;SIN NOMBRE;HUGO REINALDO;BUGUEÑO;CORTES;M;PALTO;VID;;A;PUNTILLA DE BARRANCAS;19;292436;6613926;LIMARí;OVALLE;R;LIMARÍ;0,50;S/N;CORREO POSTAL HUAMALATA;No Tiene;
COQUIMBO;;Fo;;;04-244;27-11-2014;LLAU LLAU II;ALEJANDRO QUENI;BRICEÑO;BRICEÑO;M;ROMERILLO;CHURQUI;CHAMISON;;RUTA 5, KM. 320, MANTOS DE HORNILLOS;19;252817;6554556;LIMARí;OVALLE;R;LIMARÍ;0,50;S/N;RUTA 5, KM. 320, MANTOS DE HORNILLOS;viveros.llalla@hotmail.com;
VALPARAISO;Ft;Fo;O;;05-003;15-09-2006;SAN MANUEL;JACQUELINE ;MORALES;ESTAY;F;VIOLAS;OREJA DE OSO;;C;PARCELA SANTA ISABEL Nº 16 SITIO Nº 111  RUTA 5 NORTE KM. 124;19;292042;6383892;QUILLOTA;NOGALES;R;QUILLOTA; 0,0 ;;PARCELA SANTA ISABEL Nº 16 SITIO Nº 111  RUTA 5 NORTE KM. 124;;
VALPARAISO;Ft;Fo;O;;05-004;15-09-2006;VIVEROS EL CARMEN;ALFONSO DEL CARMEN;RAMIREZ;NAVARRO;M;BELLOTO ;QUILLAY;PEUMO;C; RUTA 5 NORTE SITIO 100 KM. 124;19;292014;6384087;QUILLOTA;NOGALES;R;QUILLOTA; 0,0 ;;RUTA 5 NORTE, KM 124, SITIO N°100, CORREO EL MELON;;
VALPARAISO;;;O;;05-005;15-09-2006;PAMALU;MARIA ELSA ;TORRES ;PEREZ;F;CACTUS;;;C;12 DE FEBRERO Nº 27;19;288707;6345913;MARGA MARGA;LIMACHE;R;QUILLOTA; 0,1 ;33-510819;CALLE 12 DE FEBRERO N° 27 LIMACHE;;
VALPARAISO;Ft;Fo;O;;05-007;15-09-2006;TERRAVIVA;JUAN CARLOS ;TAPIA ;ORELLANA;M;AZALEA;RODODENDRO;HORTENSIA;C;PARCELA EL GUINDO Y PARCELA 2  / PANAMERICANA NORTE KM. 115 Y KM. 113;19;294032;6375510;QUILLOTA;NOGALES;R;QUILLOTA; 4,0 ;;AVENIDA BORGOÑO N° 23200, DEPTO 809, CON-CON;plantasterraviva@terra.cl;33-262321
VALPARAISO;;;O;;05-009;15-09-2006;EL SOLITARIO;JOSE FERNANDO ;CASTRO;CHAMORRO;M;SCHEFFLERA;YUCA;ALOE VERA;C;PARADERO 17, CALLEJON VERGARA Nº 451;19;300773;6366735;QUILLOTA;HIJUELAS;R;QUILLOTA; 1,0 ;;CALLEJON VERGARA N°451,  PARCELA  17, HIJUELAS;;
VALPARAISO;;;O;;05-015;21-07-2009;JARDIN TROPICAL N°1;BERNABE;CISTERNA;JERIA;M;FICUS;SCHEFFLERA;PALMERA;C;ILLALOLEN S/N, ILLALOLEN;19;290028;6409030;PETORCA;LA LIGUA;R;PETORCA; 2,3 ;33-712511;CASILLA N°181, CORREO LA LIGUA;INFO@JARDINTROPICAL.CL;
VALPARAISO;;;O;;05-016;12-03-2007;JARDIN TROPICAL N°2;GIORGIO;GANDOLINI;MOLTEDO;M;PALMERA;FICUS;SCHEFFLERA, HIBISCUS, GOMERO;C;PARCELA 95 A, ILLALOLEN;19;289926;6409598;PETORCA;LA LIGUA;R;PETORCA; 3,5 ;33-712511;CASILLA N°181, CORREO LA LIGUA;INFO@JARDINTROPICAL.CL;
VALPARAISO;Ft;Fo;O;;05-022;12-03-2007;LA MONITA;PEDRO;GOMEZ;ASTUDILLO;M;PALTO;OLIVO;CAMELIA.ROSAS.ALEGRIA DEL HOGAR;C;SITIO 10, LA HIGUERA;19;299169;6403938;PETORCA;CABILDO;R;PETORCA; 0,2 ;;CASILLA 31, CORREO LA LIGUA;;
VALPARAISO;Ft;;;;05-029;13-03-2007;ELKIN;AGROSERVICIOS ELKIN LTDA;;;PJ;PALTO;;;A;PARCELA 71, RUTA E 35 KM 13, PEÑABLANCA;19;302172;6405619;PETORCA;CABILDO;R;PETORCA; 0,2 ;33-713583;CASILLA 16866, PROVIDENCIA, SANTIAGO;ELKINE@ENTELCHILE.NET;
VALPARAISO;Ft;;;;05-030;13-03-2007;VIVERO SANTA TERESITA;MARIA ;CHAVEZ;TAPIA;F;PALTO;;;C;SITIO 101, PEÑABLANCA;19;302145;6406687;PETORCA;CABILDO;R;PETORCA; 0,3 ;;NO TIENE;;
VALPARAISO;Ft;;;;05-032;13-03-2007;SANTA ISABEL;JUAN ;TAPIA;HUERTA;M;PALTO;;;C;PARCELA 59, PEÑABLANCA;19;302833;6406634;PETORCA;CABILDO;R;PETORCA; 0,2 ;33-762933;NO TIENE;;
VALPARAISO;Ft;;;;05-036;14-03-2007;JARDIN VIVERO MONTEGRANDE;PEDRO;ESPINOZA;TAPIA;M;PALTO;;;C;BIEN COMUN N°6, MONTEGRANDE;19;303380;6408070;PETORCA;CABILDO;R;PETORCA; 0,3 ;;CORREO CABILDO MONTEGRANDE;;
VALPARAISO;Ft;;O;;05-037;18-08-2014;EL LABRADOR;EFRAIN;VARGAS;VILCHEZ;M;PALTO;LIMONERO;NARANJO;C;POBLACION NUEVA ESPERANZA,PASAJE CHANCADO, CASA 16;19;306994;6411205;PETORCA;CABILDO;U;PETORCA; 0,3 ;;POBLACION NUEVA ESPERANZA,PASAJE CHANCADO, CASA 16;;
VALPARAISO;Ft;;;;05-039;14-03-2007;SANTA ANA;JOSE LORENZO;VILCHES;OLIVARES;M;PALTO;LIMONERO;NARANJO.NOGAL;C;CALLE LOS JAZMINES N° 1, VILLA SAN JOSE;19;304998;6411619;PETORCA;CABILDO;U;PETORCA; 0,1 ;;PASAJE LOS JAZMINES N° 1, VILLA SAN JOSE, CABILDO;;
VALPARAISO;Ft;;;;05-046;15-03-2007;SAN JORGE;ENRIQUE;SILVA;LEFORT;M;PALTO;;;C;RESERVA HARAS DE ALICAHUE, PAIHUEN;19;328480;6417468;PETORCA;CABILDO;R;PETORCA; 0,8 ;;CASILLA 39, CORREO CABILDO;;
VALPARAISO;Ft;;;;05-047;18-08-2014;VIVERO ALICAHUE;JORGE;ANDRADE;GOÑI;M;PALTO;LIMONERO;NARANJO.NOGAL;C;CAMINO ALICAHUE S/N, ALICAHUE;19;332787;6419934;PETORCA;CABILDO;R;PETORCA; 2,0 ;;CARDENAL NEWMAN 876, LAS CONDES,SANTIAGO;VIVEROALICAHUE@VTR.NET;
VALPARAISO;Ft;;;;05-056;15-03-2007;VIVERO EL PEÑON;VERSUS S.A;;;PJ;PALTO;NOGAL;CITRICOS;C;PARCELA N°8 EX FUNDO EL ZAPALLAR;19;312220;6427729;PETORCA;PETORCA;R;PETORCA; 2,0 ;33-781040;CASILLA N°97, CORREO PETORCA;PQUINGLES@123.CL;33-781040
VALPARAISO;Ft;Fo;O;;05-066;19-03-2007;VIVERO LAS PALMAS;FRANCISCO;OLIVARES;BARREDO;M;PALTO;ALMENDRO;;A;PARCELA N° 21 SITIO 9, LOS MOLINOS;19;308404;6412489;PETORCA;CABILDO;R;PETORCA; 0,1 ;;PARCELA 21 SITIO 9, LOS MOLINOS, CABILDO;;
VALPARAISO;Ft;Fo;O;V;05-072;19-03-2007;LOS ACACIOS;RICARDO;FLORES;FERNANDEZ;M;PALTO;;;C;PARCELA N° 42 SITIO B, SANTA MARTA;19;294079;6421034;PETORCA;LA LIGUA;R;PETORCA; 0,1 ;;CORREO LA LIGUA;;
VALPARAISO;Ft;;;;05-073;19-03-2007;EL ROBLE;ALBERTO;PIWONKA;ZAÑARTU;M;PALTO;CHIRIMOYO;DURAZNERO.LUCUMO.LIMONERO.PAPAYO.PERAL;A;PUYANCON S/N, SANTA MARTA;19;288782;6423348;PETORCA;LA LIGUA;R;PETORCA; 1,0 ;;CASILLA 21, CORREO LA LIGUA;SECRETARIOLONGOTOMA@GUALLARAUCO.CL;2-4110155
VALPARAISO;Ft;Fo;O;;05-075;19-03-2007;LOS ALAMOS;JUAN;PEREZ;LOBOS;M;PALTO;NOGAL;ALMENDRO;C;PARCELA 2 Y 3, LA HIGUERA;19;295219;6405053;PETORCA;LA LIGUA;R;PETORCA; 0,1 ;;LOS LIMONES 1268, VILLA FERTIL, LA LIGUA;;
VALPARAISO;;Fo;;;05-076;19-03-2007;CONAF;CORPORACION NACIONAL FORESTAL;;;PJ;ACACIA SP.;MOLLE;EUCALIPTO.ALGARROBO.QUILLAY.ALCAPARRA;C;SARGENTO ALDEA S/N, LOTE 1-A, LA LIGUA;19;290808;6408511;PETORCA;LA LIGUA;U;PETORCA; 0,5 ;33-712500;URIBE 26, LA LIGUA;ROSANA.CASTILLO@CONAF.CL;33-712500
VALPARAISO;;Fo;O;;05-079;19-03-2007;LAS ARAUCARIAS;JOSE;FERNANDEZ;CASTILLO;M;ARAUCARIA;CIPRES;PALMERA;C;JOSE MARIA MERCADO S/N, CATAPILCO;19;286226;6394882;PETORCA;ZAPALLAR;R;PETORCA; 0,0 ;;JOSE MARIA MERCADO S/N, CATAPILCO;;
VALPARAISO;;Fo;O;;05-084;19-12-2014;LAS CAMELIAS;COMITÉ DE PRODUCTORAS DE PLANTAS ORNAMENTALES;;;PJ;LIGUSTRINA;VERONICA;NATIVA;C;AVENIDA LAS SALINAS S/N, PULLALLY;19;281885;6408989;PETORCA;PAPUDO;R;PETORCA; 0,3 ;;CASILLA N° 4, LA LIGUA;;
VALPARAISO;Ft;;O;;05-086;04-06-2014;CRIADERO DE ARBOLES Y PLANTAS LA CRUZ;LORENZO DEL TRANSITO;RAMIREZ;LEIVA;M;PALTO;CITRICOS;GERBERA;C;LA FORTUNA, PARCELA 27A, LOTE 1A, POCOCHAY;19;293602;6362849;QUILLOTA;LA CRUZ;R;QUILLOTA; 1,2 ;;POBLACION SANTA TERESITA CALLE LOS MAGNOLIOS N° 839, QUILLOTA;VIVEROS.LACRUZ@HOTMAIL.COM;
VALPARAISO;Ft;Fo;O;V;05-090;20-04-2007;JARDIN VIVEROS HELLEN;JUAN;VENEGAS ;RAMOS;M;ORNAMENTALES;;;C;BUERAS 113-B CURIMON;19;343388;6370486;SAN FELIPE DE ACONCAGUA;SAN FELIPE;U;SAN FELIPE; 0,5 ;530302;SANTIAGO BUERAS 113-B;;530302
VALPARAISO;Ft;Fo;O;;05-091;23-04-2007;LAS ROSAS;JORGE;MONSALVE;CRUELLS;M;ROSAL;PETUNIA;ALEGRIAS;C;AV. SAN JUAN 5525, LO GALLARDO;19;261862;6275215;SAN ANTONIO;SAN ANTONIO;U;SAN ANTONIO; 0,2 ;;AV. SAN JUAN 5525, LO GALLARDO;;
VALPARAISO;Ft;;O;;05-092;23-04-2007;LAS LILAS;RUBEN;ROILAR;SILVA;M;ROSAL;PAPIRO;BEGONIA;C;EL PEUMO PARC. 8 HUASOS N°2;19;256563;6273355;SAN ANTONIO;SANTO DOMINGO;U;SAN ANTONIO; 0,2 ;;EL PEUMO PARC. 8 HUASOS N°2;;
VALPARAISO;Ft;Fo;O;;05-093;23-04-2007;EL CANELO;GALVARINO DEL CARMEN;TAPIA;CASTRO;M;GERANIO;PELARGONIO;COIRON;C;PARCELA N°7 LOS HUASOS 2;19;256722;6272571;SAN ANTONIO;SANTO DOMINGO;U;SAN ANTONIO; 0,2 ;;PARCELA N°7 LOS HUASOS 2;;
VALPARAISO;Ft;Fo;O;;05-096;23-04-2007;ELIZ ORLAND;DOMINGA ELISA;SOTO;NUÑEZ;F;VERONICA;HIBISCO;PAQUERETTE;C;PARCELA SANTA ELISA HUERTOS DE CHILE;19;258415;6273539;SAN ANTONIO;SANTO DOMINGO;U;SAN ANTONIO; 0,5 ;;PARCELA SANTA ELISA HUERTOS DE CHILE;;
VALPARAISO;;Fo;;;05-100;25-04-2007;SANTA RITA;ANSELMO ;PEREZ;BRIONES;M;EUCALYPTUS;;;C;CORESA, SECTOR CANCHA;19;260813;6273951;SAN ANTONIO;SAN ANTONIO;U;SAN ANTONIO; 0,1 ;;LOS CIPRESES 130 SANTO DOMINGO;;
VALPARAISO;;Fo;;;05-101;26-04-2007;VALLE ABAJO;CORPORACION NACIONAL FORESTAL;;;PJ;EUCALYPTUS;PINO RADIATA;ACACIA;C;VALLE ABAJO SECTOR LA CAPILLA;19;272838;6263552;SAN ANTONIO;SAN ANTONIO;R;SAN ANTONIO; 0.3 ;;VALLE ABAJO SECTOR LA CAPILLA S/N;;
VALPARAISO;;;O;;05-102;26-04-2007;EL ESTERO;PATRICIA JIMENA;PONTIGO ;AMPUERO;F;ALEGRÍA DEL HOGAR;CACTACEAS;CALA;C;PARCELA 8 EL TOTORAL;18;256029;6299869;SAN ANTONIO;EL QUISCO;R;SAN ANTONIO; 0.1 ;;PARCELA 8 EL TOTORAL;patpontigohotmail.com;
VALPARAISO;;Fo;O;;05-103;26-04-2007;LAS ROSAS;ROSA;DIAZ ;ROJAS;F;SCHEFFLERA;FICUS;ALEGRIAS;C;BARROS LUCO 1578 ;19;257540;6279066;SAN ANTONIO;SAN ANTONIO;U;SAN ANTONIO; 0.1 ;;BARROS LUCO 1578 ;;
VALPARAISO;;Fo;O;;05-104;26-04-2007;MAR TIERRA;SOCIEDAD MARTINEZ MELLA;;;PJ;ALEGRÍA DEL HOGAR;HORTENSIA;ROSAL;C;PARCELA 47 HUASOS 1;19;257979;6273426;SAN ANTONIO;SANTO DOMINGO;U;SAN ANTONIO; 0.5 ;;PARCELA 47 HUASOS 1;;
VALPARAISO;;Fo;O;;05-105;26-04-2007;VIVERO ANITA;FRANCISCO;MARTINEZ;MELLA;M;CLEPIAS;CALA;HELECHO;C;PARCELA 34 HUASO 1;19;258187;6273544;SAN ANTONIO;SANTO DOMINGO;U;SAN ANTONIO; 1,0 ;;PARCELA 34 HUASOS 1;fmartinez34@hotmailcom;
VALPARAISO;Ft;Fo;O;;05-107;26-04-2007;JARDIN FLORENCIA;CARMEN ;TOBAR;CORDOVA;F;ALEGRÍA DEL HOGAR;PORCELANA;PETUNIA;C;PARCELA 10 HUASO 1;19;257163;6274034;SAN ANTONIO;SANTO DOMINGO;U;SAN ANTONIO; 1,0 ;;PARCELA 10 HUASOS 1;;
VALPARAISO;Ft;Fo;;;05-108;26-04-2007;LOS MOLLES;ADELA DE LAS MERCEDES;CATALAN;GOMEZ;F;GERANIO;BOJ;VERONICA;C;PARCELA LOS MOLLES S/N LAS DICHAS;19;254446;6307783;SAN ANTONIO;ALGARROBO;U;SAN ANTONIO; 0.1 ;;PARCELA LOS MOLLES S/N LAS DICHAS;;
VALPARAISO;;;O;;05-109;26-04-2007;JARDIN DEL MAR;RUBY;LOPEZ;CABEDO;F;MATICO;HELECHO;ACACIA;C;CARLOS ALESSANDRI 280;19;253130;6306117;SAN ANTONIO;ALGARROBO;U;SAN ANTONIO; 0.1 ;;CARLOS ALESSANDRI 280;wwwsealodge.cl;
VALPARAISO;;;O;;05-110;26-04-2007;SAN SEBASTIAN;JOSE VICTOR ;PEREZ ;VIAL;M;GERANIO;ANTURIUM;CIPRES;C;AVENIDA PACIFICO 1615 TEJAS VERDES;19;256950;6277726;SAN ANTONIO;SAN ANTONIO;U;SAN ANTONIO; 0.5 ;;AVENIDA PACIFICO 1615 TEJAS VERDES;;
VALPARAISO;;;O;;05-111;26-04-2007;VIVERO MUNICIPAL;I.M DE SAN ANTONIO;;;PJ;PIMIENTO;ACACIA;GUAYACAN;C;PEDRO AGUIRRE CERDA 158;19;256983;6278370;SAN ANTONIO;SAN ANTONIO;U;SAN ANTONIO; 0.1 ;;PEDRO AGUIRRE CERDA 158;;
VALPARAISO;Ft;Fo;O;;05-112;26-04-2007;VIVERO AJEY;ALEX ENRIQUE;LARA;AGUILERA;M;PALTO;LIMONERO;;C;PARCELA SANTA INES - BOCO;19;289367;6361916;QUILLOTA;QUILLOTA;R;QUILLOTA; 0,2 ;;PARCELA SANTA INES A-1 BOCO PARADERO 3, QUILLOTA;;
VALPARAISO;;;O;;05-113;26-04-2007;FLORES DEL FYNBOS;CRISTINA;GRECGORKZYC;ORZESCO;F;PROTEAS;LEUCADENDRON;LEUCOSPERNUM;C;CAMINO PUBLICO LAGUNILLAS S/N;19;269240;6290729;SAN ANTONIO;CARTAGENA;R;SAN ANTONIO; 5,0 ;;CAMINO PUBLICO LAGUNILLAS S/N;info@floresdelfynbos.cl;
VALPARAISO;;Fo;O;;05-114;26-04-2007;RUCALHUE;EDNA;LATORRE;KENDALL;F;CACTÁCEAS;PAQUERETTE;;C;PARCELA 173 CONDOMINIO CAMPO MAR;19;255151;6312891;SAN ANTONIO;ALGARROBO;R;SAN ANTONIO; 0.1 ;;PARCELA 173 CONDOMINIO CAMPO MAR;;
VALPARAISO;;;O;;05-115;26-04-2007;JARDIN LAS DALIAS;ERMINIO;MALDONADO;MALDONADO;M;PAPIRO;AMARANTA;CACTACEAS;C;PARCELA 15 CAMINO SAN JUAN;19;262713;6274520;SAN ANTONIO;SAN ANTONIO;U;SAN ANTONIO; 0.1 ;;PARCELA 15 CAMINO SAN JUAN;;
VALPARAISO;;;O;;05-116;26-04-2007;JARDIN BUENAVENTURA;AGRICOLA BUENAVENTURA;;;PJ;ROSAL;CALA;HORTENSIA;C;PARCELA 46 HUERTOS DE CHILE;19;258102;6272509;SAN ANTONIO;SANTO DOMINGO;U;SAN ANTONIO; 1,0 ;;PARCELA 46 HUERTOS DE CHILE;avialdonoso@gmail.com;
VALPARAISO;;Fo;O;;05-117;26-04-2007;ISLA NEGRA;CATALINA;MORALES;ALVAREZ;F;ALEGRÍA DEL HOGAR;PAQUERETTE;PETUNIA;C;AVENIDA ISIDORO DUBORNAIS 3770;19;250388;6297265;SAN ANTONIO;EL QUISCO;U;SAN ANTONIO; 0.5 ;;AVENIDA ISIDORO DUBORNAIS 3770;;
VALPARAISO;;;O;;05-118;26-04-2007;EL PEUMAL;PATRICIO;CANESSA;PALMA;M;MOLLE;BOLDO;PEUMO;C;GASPAR CANESSA 031;19;253790;6306104;SAN ANTONIO;ALGARROBO;U;SAN ANTONIO; 0.5 ;;GASPAR CANESSA 031;carmenbotteccelle@peumal.com;
VALPARAISO;Ft;Fo;O;;05-119;27-04-2007;VIVERO SANTA LIDIA;MARIA CONCEPCION;VEGA;JORQUERA;F;LIMONERO;MANDARINO;CHIRIMOYO, NARANJO, PALTO, NISPERO;C;CALLEJON GUERRA Nº 36;19;290796;6363623;QUILLOTA;LA CRUZ;U;QUILLOTA; 0,1 ;33-356945;PASAJE GUERRA  CASA 36, PARADERO 12;;
VALPARAISO;Ft;;O;;05-120;27-04-2007;VIVERO SANTA TERESA;JOSE MARIA;RODRIGUEZ;BRUNA;M;PALTO;LIMONERO;NARANJO, MANDARINO, ROSAS;C;PARCELA Nº 72;19;295559;6363241;QUILLOTA;LA CRUZ;R;QUILLOTA; 2,8 ;;AVENIDA BERNARDO O´HIGGINS N°422, LA CALERA;;
VALPARAISO;Ft;;;;05-121;02-05-2007;SAN GUSTAVO;GUSTAVO ERASMO;ALVIÑA ;GOMEZ;M;PALTO;FRUTILLA;GRANADO;C;LA CAPILLA Nº 153;19;288544;6361870;QUILLOTA;QUILLOTA;R;QUILLOTA; 0,0 ;;LA CAPILLA N° 153, BOCO, QUILLOTA;;
VALPARAISO;Ft;Fo;O;;05-124;02-05-2007;LOS 3 HERMANOS;LUIS HUMBERTO;CACERES;FREZ;M;PALTO;NARANJO;LIMONERO;C;LOTE 89 B CAMINO PRINCIPAL VISTA HERMOSA;19;305174;6363620;QUILLOTA;HIJUELAS;R;QUILLOTA; 0,2 ;;SITIO N° 89 VISTA HERMOSA, OCOA;;
VALPARAISO;Ft;;;;05-125;02-05-2007;RANCHO CAROLINA;GUILLERMO ADOLFO;LUHR;RIPOLL;M;PALTO;LIMONERO;ALMENDRO,DURAZNERO,CHIRIMOYO,NOGAL;C;LO CHAPARRO;19;290894;6345543;MARGA MARGA;LIMACHE;R;QUILLOTA; 1,0 ;33-412971;CASILLA 503 LIMACHE;;33-412971
VALPARAISO;;;O;;05-126;02-05-2007;LOS DELPHINIUS;ALFREDO DEL CARMEN;QUIROZ;SUAREZ;M;OREJA DE OSO;PENSAMIENTO;PRIMULA, GAZANIA;C;UNION AMERICANA Nº 245;19;297150;6369620;QUILLOTA;HIJUELAS;R;QUILLOTA; 0,5 ;;UNION AMERICANA  N° 245, PETORQUITA, HIJUELAS;;
VALPARAISO;Ft;Fo;O;;05-128;02-05-2007;VIVEROS MELY;JOSE MANUEL;TEJEDA;URBINA;M;HELECHO;GLOXINIA;APHELANDRA;C;MANUEL RODRIGUEZ Nº 2696;19;299711;6368028;QUILLOTA;HIJUELAS;U;QUILLOTA; 0,4 ;33-272355;MANUEL RODRIGUEZ Nº 2696, HIJUELAS;;
VALPARAISO;Ft;;;;05-129;02-05-2007;ALIHUEN LTDA;MARIA  DE LAS MERCEDES;GALVEZ;MEDEL;F;PALTO;NARANJO;LIMONERO, MANDARINO;C;CALLE CHEPICA Nº 1589;19;297523;6368390;QUILLOTA;HIJUELAS;R;QUILLOTA; 4,2 ;33-272165;CASILLA 210, LA CALERA;info@alihuen.cl;33-272991
VALPARAISO;Ft;;;;05-134;02-05-2007; INGENIO;JORGE;WENKE;HARNECKER;M;PALTO;;;A;FUNDO EL INGENIO, RUTA E 35 KM 12;19;299345;6404112;PETORCA;CABILDO;R;PETORCA; 1,0 ;33-715828;NO TIENE;FUNDOINGENIO@GMAIL.COM;33-714551
VALPARAISO;Ft;;;;05-135;02-05-2007;VIVERO KIKO;BERNARDO;CORTEZ;OLIVARES;M;PALTO;;;A;PARCELA 39, LA VIÑA;19;322480;6413127;PETORCA;CABILDO;R;PETORCA; 0,3 ;33-711353;ESMERALDA 480,LA LIGUA;;
VALPARAISO;Ft;Fo;O;;05-136;02-05-2007;TANIA;ALFREDO;MARCHANT;ALTAMIRANO;M;PALTO;;;C;PARCELA S/N, LA HIGUERA;19;326723;6415566;PETORCA;CABILDO;R;PETORCA; 0,5 ;;POBLACION NUEVA CABILDO PASAJE LOS PIMIENTOS 112,CABILDO;;
VALPARAISO;;;O;;05-139;04-05-2007;VIVERO SEMILLERO;SOCIEDAD SEMILLERO LTDA;;;PJ;PALMERA;HORTENSIA;AGAPANTO;C;HORACIO LARRAIN 231;19;257162;6273105;SAN ANTONIO;SANTO DOMINGO;U;SAN ANTONIO; 0.5 ;;HORACIO LARRAIN 231;;
VALPARAISO;;;O;;05-140;04-05-2007;LA ESPERANZA;NELLY;MOLLA;NEUT;F;HIBISCO;ABUTILON ;CACTACEAS;C;MIRAFLORES NORTE S/N;19;251211;6295839;SAN ANTONIO;EL TABO;U;SAN ANTONIO; 0.1 ;;MIRAFLORES NORTE S/N;mollaneut@hotmail.com;
VALPARAISO;;;O;;05-142;04-05-2007;LAS GOLONDRINAS;MARIA ISABEL;VALENZUELA;ROI;F;CINTA;ABUTILON ;PETUNIA;C;EL OLIVAR 56 BARRIO LOS MEDICOS;19;253450;6306233;SAN ANTONIO;ALGARROBO;U;SAN ANTONIO; 0.1 ;;EL OLIVAR 56 BARRIO LOS MEDICOS;filety@hotmail.com;
VALPARAISO;Ft;;;;05-144;07-05-2007;LOS REYES;CESAR;HERRERA;ARANCIBIA;M;VID;CAROZOS;;C;CARRETERA SAN MARTIN KM 15;19;339525;6372083;SAN FELIPE DE ACONCAGUA;SAN FELIPE;R;SAN FELIPE; 1,0 ;;CASILLA 331 SAN FELIPE;;
VALPARAISO;Ft;;;;05-145;07-05-2007;EL CONVENTO;SERGIO;GARCIA;LEON;M;VID;CAROZOS;;C;CALLE CONVENTO S/N;19;341387;6375460;SAN FELIPE DE ACONCAGUA;SAN FELIPE;U;SAN FELIPE; 9,0 ;;CASILLA 396 SAN FELIPE;;
VALPARAISO;Ft;;;;05-146;07-05-2007;EL PANTANAL;ESTEBAN;VERGARA;;M;CAROZOS;;;C;CALLE VERGARA 3 QUEBRADA HERRERA;19;335854;6380314;SAN FELIPE DE ACONCAGUA;SAN FELIPE;R;SAN FELIPE; 1,0 ;;CASILLA 417 SAN FELIPE;;
VALPARAISO;Ft;;;;05-147;07-05-2007;JOHANNA;JULIO   ;GUAJARDO;AGUILERA;M;VID;;;C;CAMINO INTERNACIONAL A LOS ANDES, CURIMON;19;343342;6370590;SAN FELIPE DE ACONCAGUA;SAN FELIPE;U;SAN FELIPE; 0,8 ;;SANTIAGO BUERAS PARADERO 13, CURIMON;;
VALPARAISO;Ft;;O;;05-148;07-05-2007;JARDIN SECRETO;JOSE  ;CONSIGLIERE ;CHIESA;M;ORNAMENTALES;PALTO;;C;CALLEJON VIDELA PARADERO 19, SAN RAFAEL;19;345210;6368128;SAN FELIPE DE ACONCAGUA;SAN FELIPE;R;SAN FELIPE; 1,5 ;;CASILLA 269 LOS ANDES;jose.consigliere@gmail.com;
VALPARAISO;;;;V;05-149;07-05-2007;LA GRANJA;JOSEFINA;CARVAJAL ;VERGARA;F  ;VID;;;A/C;LA GRANJA;19;335076;6381157;SAN FELIPE DE ACONCAGUA;SAN FELIPE;R;SAN FELIPE; 0,5 ;;CASILLO 48 SAN FELIPE;;
VALPARAISO;Ft;;;;05-151;07-05-2007;CHACRA LA TIENDA;ARSIRIO;ARAGON ;ITURRIETA;M;CAROZOS;;;C;21 DE MAYO S/N, CHACRA LA TIENDA;19;336198;6379545;SAN FELIPE DE ACONCAGUA;SAN FELIPE;R;SAN FELIPE; 1,0 ;;CASILLA 125 SAN FELIPE;;
VALPARAISO;;;O;;05-152;07-05-2007;VIVERO EL ALMENDRAL;SOC. INMOBILIARIA Y COMERCIAL SAN FELIPE;;;PJ;ORNAMENTALES;;;A/C;EL ALMENDRAL S/N;19;340963;6376307;SAN FELIPE DE ACONCAGUA;SAN FELIPE;U;SAN FELIPE; 1,0 ;;CASILLA 202 SAN FELIPE;;
VALPARAISO;Ft;;;;05-154;07-05-2007;SANTA SUSANA;AGRICOLA SAT LTDA;;;PJ;VID;;;A/C;SAN FELIPE;19;340956;6377450;SAN FELIPE DE ACONCAGUA;SAN FELIPE;R;SAN FELIPE; 1,0 ;;NAVARRO 228 SAN FELIPE;asat@rioblanco.cl;
VALPARAISO;Ft;;;;05-157;07-05-2007;COLUMELA;RAIMUNDO;GARCIA-HUIDOBRO;VILLALON;M;NOGAL;;;C;PARCELA 36, CASAS CHICAS DE QUILPUE;19;340344;6378432;SAN FELIPE DE ACONCAGUA;SAN FELIPE;R;SAN FELIPE; 1,0 ;;ANGOSTURA INGLESA 289, LAS CONDES;raimundo.gh@hotmail.com;
VALPARAISO;Ft;;;;05-158;07-05-2007;LA QUEBRADA;ABEL SANTIAGO;IBACETA;VILCHES;M;CAROZOS;;;C;HIJUELAS 1 Y 5, ALGARROBAL;19;337351;6379212;SAN FELIPE DE ACONCAGUA;SAN FELIPE;U;SAN FELIPE; 0,5 ;;EL ALGARROBAL S/N;;
VALPARAISO;Ft;Fo;O;;05-159;28-05-2007;VIVERO 21;RAIMUNDO;FUENZALIDA;CABALLERO;M;PALTO;;;C;CALLE 21 DE MAYO;19;336063;6379937;SAN FELIPE DE ACONCAGUA;SAN FELIPE;R;SAN FELIPE; 0,5 ;;21 DE MAYO SAN FELIPE;;
VALPARAISO;Ft;Fo;O;;05-161;28-05-2007;VIVEROS SAN JOSE;CESAR ;NAGEL;CORDUA;M;LIMONERO;POMELO;DAMASCO,DURAZNERO, PERAL, MANZANO, CIRUELO, NOGAL;C;PANAMERICANA NORTE KM. 111;19;295234;6371973;QUILLOTA;LA CALERA;R;QUILLOTA; 3,8 ;33-356600;CASILLA 235, LA CALERA;cesarnagel@viverosanjose.cl;33-356061
VALPARAISO;Ft;;;;05-163;29-05-2007;LA CAMPANA;FERNANDO;TAFRA;STURIZA;M;KIWI;;;C;HIJUELA SAN MANUEL;19;293281;6344443;MARGA MARGA;LIMACHE;R;QUILLOTA; 1,0 ;33-411892;CORREO , LIMACHE;;
VALPARAISO;Ft;Fo;O;;05-166;30-05-2007;VIVEROS SAN JOSE;CESAR;NAGEL;CORDUA;M;LIMONERO;NARANJO;;C;AVENIDA 21 DE MAYO Nº 4695;19;291403;6365124;QUILLOTA;LA CRUZ;R;QUILLOTA; 0,7 ;33-356600;CASILLA 235, LA CALERA;cesarnagel@viverosanjose.cl;
VALPARAISO;Ft;Fo;O;;05-167;30-05-2007;VIVEROS SAN JOSE;CESAR;NAGEL;CORDUA;M;PALTO;NARANJO;LIMONERO;C;PARCELA 19 LOTE B, POCOCHAY;19;292973;6363617;QUILLOTA;LA CRUZ;R;QUILLOTA; 7,0 ;33-356600;CASILLA 235, LA CALERA;cesarnagel@viverosanjose.cl;
VALPARAISO;Ft;;O;;05-169;31-05-2007;VIVERO ALCANTARA;ALEX;PARRA;S.;M;NOGAL;;;C;TRES ESQUINAS;19;339110;6373121;SAN FELIPE DE ACONCAGUA;SAN FELIPE;R;SAN FELIPE; 1,0 ;;CAÑADA DE SAN MIGUEL 1187 VILLA EL DESCANSO;viveroalcantara@gmail.com;
VALPARAISO;Ft;;O;V;05-171;31-05-2007;LOS ROSALES;AGRICOLA LOS ROSALES LTDA;;;PJ;VID;OLIVO;;C;EL PINO, TOCORNAL S/N, PARADERO 121/2;19;344755;6372583;SAN FELIPE DE ACONCAGUA;SANTA MARIA;R;SAN FELIPE; 0,5 ;582331;ANTONIO VARAS 390, PROVIDENCIA;jardin.losrosales@gmail.com;
VALPARAISO;;;;V;05-175;31-05-2007;SANTA KARINA;FLORINDO;GONZALEZ;BASUALDO;M;NOGAL;;;C;LAS CADENAS S/N;19;348801;6371150;SAN FELIPE DE ACONCAGUA;SANTA MARIA;R;SAN FELIPE; 2,0 ;;LAS CADENAS S/N EL PIDEN;;
VALPARAISO;;;O;V;05-178;07-06-2007;VERDOLAY;MARIA;CALVO;;F  ;ORNAMENTALES;;;C;PARCELA 5, EL CARMELO;19;314540;6369998;SAN FELIPE DE ACONCAGUA;CATEMU;R;SAN FELIPE; 1,0 ;;CASILLA 50 CATEMU;;
VALPARAISO;;;O;;05-179;07-06-2007;LA ROSA;ROSA;OLGUIN;RODRIGUEZ;F  ;ORNAMENTALES;;;C;FUNDO LOS PARQUIALES, LOS CORRALES;19;315797;6373045;SAN FELIPE DE ACONCAGUA;CATEMU;R;SAN FELIPE; 0,5 ;;VILLA MIRASOL PASAJE LOS CIPRESES 235;;
VALPARAISO;;Fo;O;;05-184;27-05-2011;VIVERO OASIS DE LA CAMPANA;LOS BELLOTOS DEL NORTE S.A;;;PJ;PALMA CHILENA;ARRAYAN;HUINGAN, ALGARROBO, BELLOTO DEL NORTE, MAQUI, MAITEN, QUILLAY, PEUMO, CYCA;C;LOTE EL TRIGAL - FUNDO EL BOSCO S/N;19;305477;6357005;QUILLOTA;HIJUELAS;R;QUILLOTA; 2,5 ;33-272894;CASILLA 75,  LA CALERA;;
VALPARAISO;Ft;;O;;05-187;13-07-2007;SAN FRANCISCO;FRANCISCO UDELINDO;LAZCANO;MIRANDA;M;BOUGAINVILLEA;PALTO;LIMONERO, MANDARINO,NARANJO;C;CALLE EL OLIVO SITIO N° 1;19;296905;6370437;QUILLOTA;HIJUELAS;R;QUILLOTA; 0,3 ;;POBLACION BOLONIA, CASA N° 188,HIJUELAS;;
VALPARAISO;Ft;;;;05-188;18-07-2007;SOCIEDAD AGRICOLA CON CON LTDA;JORGE  EDUARDO;REYES;RETAMAL;M;PALTO;MANDARINO;;C;PARCELAS Nº 202 Y 203;19;295627;6379129;QUILLOTA;NOGALES;R;QUILLOTA; 0,1 ;33-2098731;CALLE GERMAN RIESCO N° 1935, SANTIAGO;jorgereyes@agutex.cl;33-2098668
VALPARAISO;;;O;;05-189;18-07-2007;EL PROGRESO;SERGIO ENRIQUE;GONZALEZ;GONZALEZ;M;BOUGAINVILLEA;SINDAPSUS;SINGONIO;C;PARCELA 4-A, RUTA 5 NORTE KM. 113;19;294381;6373756;QUILLOTA;NOGALES;R;QUILLOTA; 1,5 ;33-262137;RUTA 5 NORTE KM 113, PARCELA  4-A, NOGALES;;33-262137
VALPARAISO;  ;;O;;05-190;18-07-2007;SEMILLAS DE LOS ANDES LTDA;SEMILLAS DE LOS ANDES LTDA;;;PJ;LOBELIA;;;C;AVENIDA ALESSANDRI Nº 17;19;290500;6356934;QUILLOTA;QUILLOTA;R;QUILLOTA; 1,1 ;33-314453;CASILLA 313, QUILLOTA;criquelme@sdla.cl;33-314916
VALPARAISO;Ft;;O;;05-191;16-08-2007;SAN EUGENIO;SOCIEDAD COMERCIAL SAN EUGENIO LTDA;;;PJ;NOGAL;;;C;TABOLANGO S/N, SECTOR JAHUEL;19;348135;6383611;SAN FELIPE DE ACONCAGUA;SANTA MARIA;R;SAN FELIPE; 0,8 ;539531;ANTONIO SABAG 87 VILLA EL CANELO, SAN FELIPE;;539531
VALPARAISO;;;O;;05-194;16-08-2007;AGRICOLA TERRA LTDA;AGRICOLA TERRA LTDA;;;PJ;CLAVEL;GERBERA;;C;LOTE C-3 PARCELA SANTA TERESA;19;293401;6360720;QUILLOTA;QUILLOTA;R;QUILLOTA; 0,2 ;33-269035;CASILLA 22, QUILLOTA;gonzaloyanez@agricolaterra.cl;33-314573
VALPARAISO;Ft;Fo;O;;05-195;07-12-2010;LOS QUELTEHUES;FREDDY OMAR;MONDACA;CISTERNAS;M;PALTO;NOGAL;LIMONERO,MANDARINO;C;PARCELA SANTA AMALIA - LOTE 24- 6B;19;291994;6360719;QUILLOTA;QUILLOTA;R;QUILLOTA; 0,5 ;;PARCELA SANTA AMALIA -LOTE24-6B,QUILLOTA;;
VALPARAISO;;Fo;O;;05-197;19-12-2014;JUAN AHUMADA AHUMADA;JUAN CARLOS ;AHUMADA;AHUMADA;M;CIPRES;SHENACARPO;NATIVA;C;CALLE GUSTAVO FILLIPI MURATO SITIO Nº 220;19;291563;6382176;QUILLOTA;NOGALES;U;QUILLOTA; 0,6 ;;CALLE FELIPE MURATO 225, NOGALES;;
VALPARAISO;Ft;Fo;O;;05-204;23-10-2007;LOS MAGNOLIOS;BENEDICTO ;CUELLO;ARAYA;M;CHIRIMOYO;LIMONERO;LUCUMO, FRAMBUESO, PAPAYO, NARANJO, PALMERA;C;SITIO Nº 46 - SIMPSON 048 - LA CRUZ;19;291812;6365840;QUILLOTA;LA CRUZ;R;QUILLOTA; 0,1 ;33-356707;CALLE SIMPSON N°48, LA CRUZ;;
VALPARAISO;;;O;;05-205;23-10-2007;CASA VERDE;HELEN SOLEDAD;GODOY;MOLINA;F;CYCLAMEN;;;C;MANUEL CORDOVA Nº 14;19;292321;6369659;QUILLOTA;LA CALERA;U;QUILLOTA; 0,1 ;;MANUEL CORDOVA  N° 14 LA CALERA;pgaliardi@yahoo.com;
VALPARAISO;Ft;Fo;O;V;05-206;15-01-2014;SAN ANDRES;JUAN ANDRES;CORTES;ALFARO;M;LIMONERO;NARANJO;FRUTILLA;C;PARCELA 3 - EL LITRE;19;294443;6373664;QUILLOTA;NOGALES;R;QUILLOTA; 2,5 ;;11 DE SEPTIEMBRE 68-B, ARTIFICIO;;
VALPARAISO;Ft;Fo;O;;05-208;18-01-2011; PLANTAS Y JARDINES SANTA TERESITA LTDA.;PLANTAS Y JARDINES SANTA TERESITA LTDA;;;PJ;NOGAL;PALTO;MANDARINO,CIRUELO,DAMASCO,LIGUSTRINO;C;LA VICTORIA ST. 4;19;272496;6354102;MARGA MARGA;LIMACHE;R;QUILLOTA; 0,2 ;;CHUSMISA N° 220, CUARTO SECTOR, EL OLIVAR, VIÑA DEL MAR;;
VALPARAISO;Ft;;;;05-209;24-10-2007;LOS CASTAÑOS;JOSE MIGUEL;CASTRO;HERRERA;M;LIMONERO;;;C;CALLE LOS CASTAÑOS Nº 11;19;289389;6367030;QUILLOTA;LA CRUZ;R;QUILLOTA; 0,1 ;;POBLACION BOLONIA, CALLE 2, SITIO N° 74, LA CRUZ;josemiguelcastroh@gmai;
VALPARAISO;;;O;;05-210;24-10-2007;INVERNADEROS LOTHAR NESERKE ;LOTHAR ARNOLDO;NESERKE;VERA;M;SINGONIO;LONGIFOLIO;BOUGAINVILLEA;C;EL RULO, LOSQUILLAYES - SANTA OLIVIA;19;296013;6360213;QUILLOTA;QUILLOTA;R;QUILLOTA; 0,5 ;;CASILLA 138, QUILLOTA;;
VALPARAISO;;;O;;05-211;24-10-2007;CRIADERO DE PLANTAS ZUNILDA  VERA ;ZUNILDA ;VERA;ALVAREZ;F;PAPIRO;SPATHIPHILUM;;C;EL RULO, LOS QUILLAYES;19;296018;6360215;QUILLOTA;QUILLOTA;R;QUILLOTA; 0,3 ;;CASILLA 138, QUILLOTA;;
VALPARAISO;;;O;;05-212;24-10-2007;JARDIN LOS HUERTOS;ARTURO RENE;AVILES;PONCE;M;CYCLAMEN;OREJA DE OSO;GAZANIA, RANUNCULO, PLANTA DEL HUEVO;C;HUERTOS OBREROS, MANUEL CORDOVA Nº 14;19;292364;6369607;QUILLOTA;LA CALERA;U;QUILLOTA; 0,3 ;33-228333;PASAJE TENIENTE CRUZ S/N° MANUEL CORDOVA N° 14 LA CALERA;;
VALPARAISO;Ft;Fo;O;;05-213;24-10-2007;LAS PALMERAS;JOSE ORLANDO;FARIAS;CONTRERAS;M;LIMONERO;PALTO;PALMERA;C;CHACRA LA LONJA LOTE 4;19;294176;6373976;QUILLOTA;NOGALES;R;QUILLOTA; 0,1 ;;CALLE PEDRO FELIX VICUÑA N° 830, NOGALES;;
VALPARAISO;Ft;Fo;O;;05-216;26-10-2007;AMAYA;CLORINDA ;CERDA;GOMEZ;F;PHYSALIS;CACTACEAS;HORTENSIA;C;LAS HORTENSIAS N° 1;19;257935;6274715;SAN ANTONIO;SANTO DOMINGO;U;SAN ANTONIO; 0,1 ;;LAS HORTENSIAS N° 1;;
VALPARAISO;;;O;;05-217;05-11-2007;SAN RENÉ;CLOTILDE FIDELINA;LARA;VIVANCO;F;ROSAL;PITOSPORO;HORTENSIA;C;PASO HONDO. CASA N°30;19;269746;6321239;VALPARAÍSO;CASABLANCA;R;VALPARAÍSO; 0,3 ;;CASILLA 105. CASABLANCA;;
VALPARAISO;;;O;;05-219;11-07-1983;EL TOBOSO;MARIO SEBASTIÁN;TAPIA;TAPIA;M;ANTURIUM;CALA;ROSAL;C;PARCELA  N°9, EL TOBOSO;19;283846;6340670;MARGA MARGA;VILLA ALEMANA;R;VALPARAÍSO; 1,0 ;2823185;NO TIENE;;
VALPARAISO;;Fo;O;;05-221;28-08-2001;JARDÍN VIVERO PASO HONDO;GASTÓN;OSSA;SEÑORET;M;BOJ;LAUREL;CIPRES;C;FUNDO LOS LUNES;19;268406;6341054;MARGA MARGA;QUILPUÉ;U;VALPARAÍSO; 1,2 ;2566690;CASILLA 282. QUILPUÉ;gaston@mijardinero.cl;
VALPARAISO;;Fo;;;05-222;01-12-1983;CONAF PEÑUELAS;CORPORACIÓN NACIONAL FORESTAL (CONAF);;;PJ;PEUMO;QUILLAY;CIPRES;A;RUTA 68 S/N. PEÑUELAS;19;267117;6325085;VALPARAÍSO;VALPARAÍSO;R;VALPARAÍSO; 4,0 ;2229182;CASILLA 450- 3 NORTE N°451. VIÑA DEL MAR;;
VALPARAISO;;Fo;;;05-223;24-09-1991;TORQUEMADA;FORESTAL ACE INTERNATIONAL LTDA;;;PJ;PALMERA;PIMIENTO;PEUMO;C;HACIENDA DOÑA ISADORA;19;270368;6350392;VALPARAÍSO;CONCÓN;R;VALPARAÍSO; 1,5 ;2972782;CASILLA 525-  VIÑA DEL MAR;saenzderegadera@gmail.com;
VALPARAISO;;Fo;O;;05-224;26-04-1993;AILINCO;AGRÍCOLA CAMPO VERDE LTDA;;;PJ;GERANIO;ALEGRIA DEL HOGAR;CINERARIA;C;PARCELA N°2.  SITIO B 1. PTE COLMO;19;271397;6353721;VALPARAÍSO;CONCÓN;U;VALPARAÍSO; 2,0 ;3149000;NO TIENE;;
VALPARAISO;;;O;;05-225;23-10-1997;LOS AROMOS;MANUEL JESÚS;BUSTOS ;VÉLIZ;M;ROSAL;STENOCARPUS;PITOSPORO;C;PREDIO INDEPENDENCIA. SITIO 11;19;271690;6353468;VALPARAÍSO;CONCÓN;R;VALPARAÍSO; 1,0 ;2819662;CASILLA7152. CONCÓN;mbustoslosaromos@gmail.com;
VALPARAISO;;Fo;O;;05-226;21-01-2004;PINARES DE CONCÓN;MARÍA LORETO;GATICA;ILLANES;F;MAGNOLIO;PITOSPORO;DRACENA;C;PARCELA N° 536. CAMINO INTERNACIONAL;19;266589;6349004;VALPARAÍSO;CONCÓN;U;VALPARAÍSO; 0,6 ;2835930;NO TIENE;;2835930
VALPARAISO;;;O;;05-227;11-07-1983;LA POSADA;SOCIEDAD AGRÍCOLA GONZÁLEZ S.A;;;PJ;ROSAL;PITOSPORO;VERONICA;C;PARCELA N°2. SECTOR A. PUENTE LIMACHE;19;271769;6353524;VALPARAÍSO;CONCÓN;R;VALPARAÍSO; 1,2 ;2819676;NO TIENE;;
VALPARAISO;;;;V;05-228;09-11-1999;SANTA RITA;SOCIEDAD AGRÍCOLA  SANTA SARA S.A;;;PJ;VID;;;A;FUNDO SANTA RITA;19;270818;6315012;VALPARAÍSO;CASABLANCA;R;VALPARAÍSO; 2,0 ;2742658;CASILLA 23. CASABLANCA;santasara@santasarasa.cl;2742658
VALPARAISO;;Fo;O;;05-230;26-08-2004;JARDÍN SUIZO;THIERRY RICARDO;DARDEL;PUMPIN;M;ROSAL;ALEGRIA DEL HOGAR;PORCELANAS;C;PARCELA LA TIJERA. LOTES 1-2 Y 27;19;274902;6303385;VALPARAÍSO;CASABLANCA;R;VALPARAÍSO; 1,0 ;2242557;CASILLA 3377;darcor@terra.cl;
VALPARAISO;;Fo;O;;05-231;13-08-1999;JARDÍN BOTÁNICO NACIONAL;FUNDACIÓN JARDÍN BOTÁNICO NACIONAL;;;PJ;BOLDO;QUILLAY;PEUMO;A;JARDÍN BOTÁNICO. SECTOR EL SALTO;19;266297;6341351;VALPARAÍSO;VIÑA DEL MAR;U;VALPARAÍSO; 0,5 ;2672566;CASILLA 488. VIÑA DEL MAR;pnovoa@jardin-botanico.cl;2672566
VALPARAISO;;Fo;O;;05-232;11-05-2005;EL MOLLE;GESTIÓN INTEGRAL DE RESIDUOS S.A. GIRSA;;;PJ;QUILLAY;PEUMO;MAITEN;A;CAMINO LA PÓLVORA, KM 14;19;253986;6336211;VALPARAÍSO;VALPARAÍSO;R;VALPARAÍSO; 0,1 ;2232345;CASILLA 70. AGENCIA VALPARAÍSO 1;grupocam@grupocam.cl;2232345
VALPARAISO;;;;V;05-234;09-12-2005;EL ENSUEÑO;AGRÍCOLA EL ENSUEÑO LTDA;;;PJ;VID;;;C;FUNDO EL ENSUEÑO. CAMINO ANTIGUO;19;275582;6313333;VALPARAÍSO;CASABLANCA;R;VALPARAÍSO; 4,0 ;2741639;CASILLA 30. CASABLANCA.;jmorandej@elensueno,cl;2741640
VALPARAISO;Ft;;O;;05-235;18-04-1989;LAS BARRANCAS;SOCIEDAD AGRÍCOLA MARGA-MARGA LTDA;;;PJ;QUILLAY;BOJ;CIPRES;C;SECTOR LAS BARRANACAS S/N;19;273423;6337593;MARGA MARGA;QUILPUÉ;U;VALPARAÍSO; 2,5 ;2827382;NO TIENE;;2827144
VALPARAISO;Ft;Fo;O;;05-236;24-03-2006;LOS MAGNOLIOS;MARCO ANTONIO;FIGUEROA;BUGUEÑO;M;PALTO;LIMONERO;NOGAL;C;EL PATAGUAL N°7. QUEBRADA ESCOBARES;19;283826;6342402;MARGA MARGA;VILLA ALEMANA;R;VALPARAÍSO; 1,0 ;2825838;NO TIENE;vivero.magnolios@gmail.com;
VALPARAISO;;;O;;05-237;06-11-2007;LOS TILOS;CLAUDIA;VILCHES;VALDERRAMA;F;ALEGRÍA DEL HOGAR;PAQUERETTE;LIGUSTROS;C;LOS TILOS N° 820;19;251046;6304117;SAN ANTONIO;ALGARROBO;U;SAN ANTONIO; 0,2 ;;LOS TILOS N° 820;;
VALPARAISO;;;O;;05-238;07-11-2007;SAN EMILIO;DENISSE DEL CARMEN;MUNDACA;ARAYA;F;OREJA DE OSO;PENSAMIENTO;ROSAL;C;EL ESPINO N° 2486;19;251665;6304090;SAN ANTONIO;ALGARROBO;U;SAN ANTONIO; 0,1 ;;EL ESPINO N° 2486;;
VALPARAISO;;;O;;05-239;07-11-2007;VIVERO PULLALLY;RAMON IGNACIO;GARCIA;BENITEZ;M;ALOE VERA;PUYA;BULBIN;C;LOS RULOS DE PULLALLY, ILLALOLEN;19;288420;6408748;PETORCA;LA LIGUA;R;PETORCA; 0,5 ;;LOS RULOS DE PULLALLY, ILLALOLEN;NATURA1@MANQUEHUE.NET;
VALPARAISO;Ft;Fo;O;;05-240;07-11-2007;VIVERO CONAF;CORPORACION NACIONAL FORESTAL;CORPORACION NACIONAL FORESTAL;CORPORACION NACIONAL FORESTAL;PJ;MAKOI;ALBIZIA;ARBOL DEL PARAISO;A;MATAVERI OTAI S/N;12;654526;6994391;ISLA DE PASCUA;ISLA DE PASCUA;U;RAPA NUI; 0,2 ;2100827;MATAVERI OTAI S/N; ninoska.cuadros@conaf.cl;
VALPARAISO;Ft;;;;05-244;07-11-2007;SAN MANUEL;AGR. SAN MANUEL;;;PJ;PALTO;;;A/C;CALLE ANTOFAGASTA S/N;19;329763;6368191;SAN FELIPE DE ACONCAGUA;PANQUEHUE;R;SAN FELIPE; 1,5 ;591740;CASILLA 14 SAN FELIPE;pilar@agricolabulnes.cl;
VALPARAISO;Ft;;;;05-245;08-11-2007;PANQUEHUE;FERNANDO;VASQUEZ;;M;PALTO;CITRICOS;;C;TRONCAL S/N;19;324833;6370548;SAN FELIPE DE ACONCAGUA;PANQUEHUE;R;SAN FELIPE; 1,5 ;;CASILLA 2 SAN FELIPE;;
VALPARAISO;Ft;;;;05-246;08-11-2007;ACONCAGUA;SOC. AGRICOLA VIVEROS ACONCAGUA;;;PJ;PALTO;;;C;PARADERO 30, LO CAMPO;19;325847;6370827;SAN FELIPE DE ACONCAGUA;PANQUEHUE;R;SAN FELIPE; 1,0 ;592069;CASILLA 33 CORREO PANQUEHUE;viveroaconcagua@tie.cl;
VALPARAISO;;Fo;;;05-247;08-11-2007;EL ESCORIAL;SOC. AGRICOLA PANGAL;;;PJ;VID;;;C;PARCELA 2 ESCORIAL;19;333446;6375919;SAN FELIPE DE ACONCAGUA;PANQUEHUE;R;SAN FELIPE; 2,0 ;591390;CASILLA 283 SAN FELIPE;respinosa@jardinelescorial.cl;
VALPARAISO;;;O;;05-248;08-11-2007;SAN GABRIEL;XIMENA  ;NAZAL;MANSSUR;M;ORNAMENTALES;;;C;PARCELA SAN GABRIEL;19;328721;6371286;SAN FELIPE DE ACONCAGUA;PANQUEHUE;R;SAN FELIPE; 1,0 ;591650;CASILLA 9 PANQUEHUE;;
VALPARAISO;;;O;;05-252;08-11-2007;BOSQUE NATIVO;C.C. LOS ANDES;;;PJ;FORESTAL;ORNAMENTAL;;A/C;PALOMAR INTERIOR;19;331631;6372540;SAN FELIPE DE ACONCAGUA;PANQUEHUE;R;SAN FELIPE; 0,5 ;591938;CORREO PANQUEHUE;;
VALPARAISO;;;O;;05-256;08-11-2007;CACTUS ANDES;MONICA;SIMONETTI;CAREY;F  ;ORNAMENTALES;;;C;PREDIO EL PEÑON;19;335810;6375573;SAN FELIPE DE ACONCAGUA;PANQUEHUE;R;SAN FELIPE; 0,8 ;;PEDRO DE VALDIVIA 755 DPTO;;
VALPARAISO;;Fo;O;;05-259;08-11-2007;VIVERO EL PATO;PATRICIO;DONOSO;VILLARROEL;M;ACACIA SP.;ESPINO;PEUMO.BELLOTO.PINO.QUILLAY.ALGARROBO.EUCALIPTUS.GUAYACAN.MOLLE.CASUERINA.MAQUI.ALCAPARRA.TARA;C;TRANQUES DE RELAVES N° 1-2-3 MINERA LAS CENIZAS;19;304349;6409527;PETORCA;CABILDO;U;PETORCA; 0,1 ;;FERROCARRIL A IQUIQUE PASAJE 2 CASA 97,CABILDO;;
VALPARAISO;;;O;;05-262;08-11-2007;JARDIN LIAD;LUCIA  ;ARANDA;;F  ;ORNAMENTALES;;;C;EJERCITO LIBERTADOR 866;19;337124;6380016;SAN FELIPE DE ACONCAGUA;PUTAENDO;R;SAN FELIPE; 0,3 ;;EJERCITO LIBERTADOR 426;;
VALPARAISO;Ft;;;;05-263;08-11-2007;AGRICOLA ESTERO LO CAMPO;AGRICOLA ESTERO LO CAMPO;;;PJ;PALTO;;;A/C;FUNDO LOS CALDERONES LAS PEÑAS;19;320063;6359481;SAN FELIPE DE ACONCAGUA;LLAY LLAY;R;SAN FELIPE; 1,5 ;611921;CASILLA 96 LLAY LLAY;secretaria@dasa.cl;
VALPARAISO;Ft;;;;05-264;08-11-2007;SAN IGNACIO;ERNESTO;GUAJARDO;PEREZ;M;FRUTAL;OLIVO;LIMON-NARANJOS;C;SAN IGNACIO 78, STA TERESA;19;318730;6364972;SAN FELIPE DE ACONCAGUA;LLAY LLAY;U;SAN FELIPE; 0,5 ;613920;SAN IGNACIO 7 SANTA TERESA;;
VALPARAISO;;Fo;O;;05-265;08-11-2007;LAS CHILCAS;MARIA;BERARDI;;F  ;ORNAMENTALES;;;C;PARCELA 68, STA TERESA;19;321840;6363757;SAN FELIPE DE ACONCAGUA;LLAY LLAY;R;SAN FELIPE; 1,0 ;612019;CASILLA 68 LLAY LLAY;;
VALPARAISO;;;O;;05-266;08-11-2007;EL ROBLE;HELGA;DIETZ;M;F  ;ORNAMENTALES;;;C;PARCELA 38, LAS PEÑAS;19;320063;6359481;SAN FELIPE DE ACONCAGUA;LLAY LLAY;R;SAN FELIPE; 0,3 ;611921;CASILLA 96 LLAY LLAY;;
VALPARAISO;Ft;;;;05-267;08-11-2007;SAN CARLOS   ;BENJAMIN;HERRERA;RIESCO;M;PALTO;;;A/C;FUNDO SAN CARLOS DE LAS MASAS;19;321190;6358332;SAN FELIPE DE ACONCAGUA;LLAY LLAY;R;SAN FELIPE; 1,5 ;611239;CASILLA 8 LLAY LLAY;;
VALPARAISO;Ft;;;;05-272;14-12-2007;EL AMANECER;JOSE HONORIO;CARVAJAL;ROJAS;M;PALTO;LIMONERO;NARANJO,DAMASCO,LUCUMO,NOGAL,FEIJOA;C;AVENIDA EASTMAN 2309;19;292750;6346908;MARGA MARGA;OLMUE;R;QUILLOTA; 1,0 ;;AVENIDA EASTMAN N° 2309, OLMUE;;
VALPARAISO;;;O;;05-273;14-12-2007;CARMEN GLORIA;CARMEN GLORIA;VELASQUEZ;SALINAS;F;CINERARIA;GAZANIA;DIMORFOTECA, FESTUCA, SCHEFLERA;C;PARCELA Nº 5 PEDRO AGUIRRE CERDA;19;293703;6363340;QUILLOTA;LA CRUZ;R;QUILLOTA; 0,5 ;;PARCELA N° 5 POCOCHAY, CORREO LA CRUZ;;
VALPARAISO;;Fo;O;;05-276;18-01-2008;LOS MUERDAGOS;LOS MUERDAGOS LTDA.;;;PJ;HORTENSIA;PAQUERETTE;LIGUSTROS;C;PARCELA N° 5 CAMINO A MIRASOL;19;253559;6308047;SAN ANTONIO;ALGARROBO;U;SAN ANTONIO; 0,1 ;;PARCELA N° 5 CAMINO A MIRASOL;derojas14@yahoo.es;
VALPARAISO;Ft;Fo;;;05-277;18-01-2008;VIVERO FILADELFIA;ROBINSON ELIAS;TAPIA ;CISTERNAS;M;PALTO;NARANJO;DURAZNERO, CRATEGUS;C;PARCELA Nº 1-A ASENTAMIENTO SAN FELIPE - LA CRUZ;19;292507;6362160;QUILLOTA;LA CRUZ;R;QUILLOTA; 0,5 ;33-355848;CALLE ARIZTIA N° 192, QUILLOTA;;
VALPARAISO;;;O;;05-281;18-01-2008;JARDIN VILLARRICA;OSCAR;LOPEZ;CRUZ;M;SCHEFFLERA;AUCUBA;APHELANDRA;C;VILLARRICA Nº 87 LOTE 4 Y 5;19;290723;6365712;QUILLOTA;LA CRUZ;R;QUILLOTA; 2,5 ;33-356345;CALLE VILLARICA N° 87, LA CRUZ.;cristi-lopez@hotmail.com;
VALPARAISO;;;O;;05-282;30-01-2008;TRES  SOL;SUSANA VERONICA;VELIZ;MUÑOZ;F;GAZANIA;RAYITO DE SOL;CINERARIA;C;PARCELA 2-B PEDRO AGUIRRE CERDA Nº 45 POCOCHAY;19;292933;6363492;QUILLOTA;LA CRUZ;R;QUILLOTA; 2,5 ;33-321692;CALLE PEDRO AGUIRRE CERDA N° 45, POCOCHAY , LA CRUZ;multifloral@hotmail.com;33-320954
VALPARAISO;;;O;;05-283;30-01-2008;AGROMULTIFLORALES;SUSANA VERONICA;VELIZ;MUÑOZ;F;PETUNIA;PORCELANA;AGERANTEMO, ALEGRIA DEL HOGAR;C;PARCELA 2-B PEDRO AGUIRRE CERDA Nº 45 POCOCHAY;19;292029;6363769;QUILLOTA;LA CRUZ;R;QUILLOTA; 2,0 ;33-321692;CALLE PEDRO AGUIRRE CERDA N° 45, POCOCHAY , LA CRUZ;multifloral@hotmail.com;33-320954
VALPARAISO;;;O;;05-284;30-01-2008;VIVERO LA PALMILLA;RUBEN ;ESCOBAR;CUBILLOS;M;SCHEFFLERA;FICUS;HELECHO;C;PARCELA Nº 40 - OCOA;19;306310;6363725;QUILLOTA;HIJUELAS;R;QUILLOTA; 0,3 ;33-356297;CASILLA 178, LA CALERA;huerto-lapalmilla@123mail.cl;
VALPARAISO;;;O;;05-286;30-01-2008;VIVERO GLORIA;REINALDO HERNAN;PRADENA;DONOSO;M;SCHEFFLERA;DRACENA;PALMERA;C;PARCELA 17 - POCOCHAY;19;293269;6363934;QUILLOTA;LA CRUZ;R;QUILLOTA; 0,5 ;33-356373;PARCELA 17, POCOCHAY, LA CRUZ;;
VALPARAISO;;Fo;O;;05-287;11-07-2011;VIVERO CASA BLANCA;GLORIA DEL CARMEN;UBILLO;FREZ;F;BOUGAINVILLEA;HIBISCO;JAZMIN;C;PARCELA Nº 6 LOTE 1 PEDRO AGUIRRE CERDA;19;293758;6363373;QUILLOTA;LA CRUZ;R;QUILLOTA; 0,2 ;;CORREO LA CRUZ;gloriaubillopez@hotmail.com;
VALPARAISO;Ft;Fo;O;;05-289;12-02-2008;VIVERO LA PRIMAVERA;PIETRO ;CANESSA;FERNANDEZ;M;PALTO;NARANJO;MANDARINO;C;LO CHAPARRO S/Nº CHACRA LOS OLMOS;19;291181;6346116;MARGA MARGA;LIMACHE;R;QUILLOTA; 2,0 ;33-412779;CASILLA 528, LIMACHE;vivero@viverolimache.cl;33-412779
VALPARAISO;Ft;Fo;O;;05-290;12-02-2008;VIVERO LO CHAPARRO;NICOLAS ANDRES;CANESSA;FERNANDEZ;M;PALTO;LIMONERO;NARANJO;C;LO CHAPARRO S/Nº POTRERO LARGO;19;291106;6345923;MARGA MARGA;LIMACHE;R;QUILLOTA; 1,5 ;33-412779;CASILLA 528, LIMACHE;vivero@viverolimache.cl;33-412779
VALPARAISO;Ft;Fo;O;V;05-291;03-01-2013;VIVERO LIMACHE;JOSE NICOLAS;CANESSA;DELGADILLO;M;PALTO;CITRICOS;VID;C;LO CHAPARRO S/Nº;19;291027;6346069;MARGA MARGA;LIMACHE;R;QUILLOTA; 1,5 ;33-412779;CASILLA 528, LIMACHE;vivero@viverolimache.cl;33-412779
VALPARAISO;Ft;;O;;05-293;12-02-2008;EL CHIQUITITO;JUAN PASCUAL;ALFARO;;M;PALTO;LIMONERO;NARANJO, MANDARINO;C;BOLONIA CALLE 2 SITIO 103;19;291693;6367739;QUILLOTA;LA CRUZ;R;QUILLOTA; 0,2 ;;POBLACIÓN BOLONIA CALLE 3, SITIO N° 8, LA CRUZ;aracelli103@hotmail.com;
VALPARAISO;;;O;;05-295;12-02-2008;SUC. JARDIN CAROLA;JAIME HUMBERTO ;CALDERON;REINOSO;M;SCHEFFLERA;FILODENDRO;PELARGONIO;C;RUTA 5 NORTE KM. 104;19;299479;6366856;QUILLOTA;HIJUELAS;R;QUILLOTA; 1,0 ;;CALLE CHEPICA N° 253, HIJUELAS;;
VALPARAISO;Ft;;;;05-297;19-03-2008;FUNDO LAS CHACRAS;SOCIEDAD AGRICOLA LOS NOGALES LTDA;;;PJ;PALTO;;;A;FUNDO LAS CHACRAS;19;290228;6370187;QUILLOTA;NOGALES;R;QUILLOTA; 1,0 ;33-222343;CASILLA 77, LA CALERA;fundolaschacras@123,cl;33-222343
VALPARAISO;;;O;;05-298;19-03-2008;ARCO IRIS;MARIA ISABEL ;SPRENGER;MAGERKURTH;F;CYCLAMEN;OREJA DE OSO;;C;PARCELA Nº 14 POCOCHAY;19;293437;6363617;QUILLOTA;LA CRUZ;R;QUILLOTA; 2,0 ;33-310494;CASILLA 142, QUILLOTA;isabel@ranchoarcoiris.cl;33-310494
VALPARAISO;;;O;;05-299;19-03-2008;VIVERO QUILLOTA;GUILLERMO DEL TRANSITO;RODRIGUEZ;ARREDONDO;M;PALMERA;STRELITZIA;;A;SAN MARTÍN Nº 1260;19;289580;6358388;QUILLOTA;QUILLOTA;U;QUILLOTA; 0,0 ;;SAN MARTIN N° 1260 ,QUILLOTA;;
VALPARAISO;;Fo;O;;05-300;19-12-2014;JUAN AHUMADA VIVEROS;JUAN CARLOS;AHUMADA;AHUMADA;M;ORNAMENTALES DE INTERIOR;;;C;LOTE 119-A 2 4 ESQUINAS;19;299358;6367006;QUILLOTA;HIJUELAS;R;QUILLOTA; 1,0 ;;CALLE FELIPE MURATO 225, NOGALES;;
VALPARAISO;;Fo;;;05-301;23-05-2008;SUCURSAL TRES SOL;SUSANA VERONICA;VELIZ;MUÑOZ;F;POINSETTIA;LAVANDA;LANTANA, DIMORFOTECA;C;PARCELA 2-B  POCOCHAY;19;292914;6363563;QUILLOTA;LA CRUZ;R;QUILLOTA; 2,5 ;33-320954;CALLE PEDRO AGUIRRE CERDA N° 45, POCOCHAY , LA CRUZ;multifloral@hotmail.com;33-320954
VALPARAISO;Ft;Fo;O;;05-302;23-05-2008;LEMUHUE;SOCIEDAD AGRÍCOLA LEMUHUE LTDA;;;PJ;ARÁNDANO;;;C;RESERVA FUNDO LOS COLIGUES;19;285901;6329314;MARGA MARGA;QUILPUÉ;R;VALPARAÍSO; 0,1 ;;CASILLA 163. VILLA ALEMANA;jsilva@duoc.cl;
VALPARAISO;Ft;;;V;05-303;26-05-2008;JUAN OCHAGAVIA;JUAN ;OCHAGAVIA;RAMIREZ;M;VID;ARÁNDANO;;A;LAS BANDURRIAS S/N;19;339832;6362670;LOS ANDES;RINCONADA;R;LOS ANDES; 0,1 ;423290;OHIGGINS  606  LOS ANDES;jochagavia@corretajesintegrados.cl;
VALPARAISO;Ft;Fo;O;V;05-306;26-05-2008;PASCUAL BABURIZZA;ARSENIO ;FERNANDEZ;CALATAYUD;M;ROSAL;;;A;PREDIO PASCUAL BABURIZZA;19;351391;6361403;LOS ANDES;CALLE LARGA;R;LOS ANDES; 0,1 ;461771;CASILLA 258  LOS ANDES;;
VALPARAISO;Ft;;;V;05-307;27-05-2008;EL SAUCE;MIGUEL;NENADOVICH;DEL RIO;M;NOGAL;;;A;FUNDO EL SAUCE;19;354718;6365964;LOS ANDES;LOS  ANDES;R;LOS ANDES; 0,5 ;425010;CASILLA 101  LOS ANDES;plavin@mningenieros.cl;
VALPARAISO;Ft;;;V;05-308;27-05-2008;SAN FRANCISCO;JUAN;GUERRERO;SANTOS;M;ROSAL;;;A;PARCELA SAN FRANCISCO;19;347142;6366392;LOS ANDES;LOS  ANDES;R;LOS ANDES; 0,5 ;;PARCELA SAN FRANCISCO LOS ANDES;;
VALPARAISO;Ft;;;V;05-309;27-05-2008;LAS ROSAS;JORGE;CARVAJAL;CASTILLO;M;DURAZNERO;;;C;CALLEJON SUR;19;344735;6367274;LOS ANDES;LOS  ANDES;R;LOS ANDES; 0,5 ;;CALLEJON SUR S/N°, LOS ANDES;;
VALPARAISO;;;;V;05-310;27-05-2008;AGROZENTO;SILVIO;ZENTENO;VERGARA;M;PALMERA;;;A;YPF;19;352413;6368507;LOS ANDES;SAN ESTEBAN;U;LOS ANDES; 0,5 ;480544;CASILLA 432 LOS ANDES;avillarroelt@gmail.com;
VALPARAISO;Ft;;;V;05-312;27-05-2008;PAIDAHUEN;JOSE ;VICENTE;KUSONOVICK;M;VID;;;A;VIÑA SAN ESTEBAN;19;353603;6368187;LOS ANDES;SAN ESTEBAN;R;LOS ANDES; 0,1 ;481477;CASILLA 326;gmoraga@vse.cl;
VALPARAISO;;;O;V;05-316;27-05-2008;EL PARAISO DE LO HERMIDA;JORGE;ARELLANO;MUÑOZ;M;PINO;LIQUIDAMBAR;CIPRES;C;PARADERO 15;19;346576;6362734;LOS ANDES;CALLE LARGA;R;LOS ANDES; 1,0 ;;ANTUPIREN  9876 PEÑALOLEN SANTIAGO;;
VALPARAISO;;;O;V;05-317;27-05-2008;JARDIN BUIN;SERGIO;HERNANDEZ;BARRAZA;M;PALMERA;LAVANDA;ROSAL;C;EL COBRE S/N;19;351994;6375666;LOS ANDES;SAN ESTEBAN;R;LOS ANDES; 0,5 ;;LA ESPERANZA  SECTOR EL COBRE;;
VALPARAISO;Ft;;;;05-318;05-06-2008;SERVICIOS AGRICOLAS CATENTOA LTDA;SERVICIOS AGRICOLAS CATENTOA;;;PJ;PALTO;;;C;FUNDO SANTA CRISTINA, MAITENES DE OCOA S/Nº;19;304315;6363837;QUILLOTA;HIJUELAS;R;QUILLOTA; 1,2 ;33-271331;CASILLA 215,  LA CALERA;mfernandez@santaluisa.cl;33-271331
VALPARAISO;Ft;;;;05-319;05-06-2008;EL PURUTUN;DANIEL ANTONIO;CACERES;CISTERNAS;M;PALTO;OLIVO;NARANJO, LIMONERO,;C;PARCELA EL TRANQUE LOTE 1 B;19;298770;6370974;QUILLOTA;LA CALERA;R;QUILLOTA; 1,5 ;;JOSE SANTOS MOLINA N° 47 LA CRUZ;;33-228745
VALPARAISO;;;O;;05-320;05-06-2008;ROMEO;GLORIA EDITH;WYSS;CARRASCO;F;CACTUS;CYCAS;;C;REPUBLICA Nº 5;19;290543;6361490;QUILLOTA;QUILLOTA;U;QUILLOTA; 0,0 ;33-311882;REPUBLICA N° 5, QUILLOTA;gloritawyss@hotmail.com;33-311882
VALPARAISO;;Fo;O;;05-321;06-06-2008;LOS CORRALES DE MAITENES DE OCOA;JOSE MIGUEL;ERRAZURIZ;TALAVERA;M;QUEBRACHO;PALMA;PALMERA, ALGARROBO,GAZANIA, CANELO, BOJ;C;PARCELA 16 - PROYECTO PARCELACION  MAITENES DE OCOA;19;303455;6362545;QUILLOTA;HIJUELAS;R;QUILLOTA; 0,5 ;;FUNDO MAITENES DE OCOA,  CASILLA 13,OCOA;jerrazuriz@123,cl;
VALPARAISO;Ft;Fo;O;;05-322;06-06-2008;VIVERO TIRILLUCA;INMOBILIARIA TIRILLUCA S.A;;;PJ;PEUMO;MOLLE;BELLOTO;C;LOTE 0  HIJUELA B CARRETERA F 30;19;272515;6376506;VALPARAÍSO;PUCHUNCAVI;R;QUILLOTA; 1,6 ;2289128;CALLE EVARISTO LILLO N° 178, OFICINA 12, LAS CONDES, SANTIAGO;;
VALPARAISO;Ft;;;;05-323;06-06-2008;JOSE PEÑA;JOSE MIGUEL;PEÑA;SAAVEDRA;M;PALTO;;;A;PARCELA 2 Y 3, LA HIGUERA;19;294872;6404947;PETORCA;LA LIGUA;R;PETORCA; 0,5 ;;PARCELA 2 Y 3, LA HIGUERA, LA LIGUA;;
VALPARAISO;Ft;Fo;O;;05-326;13-06-2008;VIVERO LOS MAITENES DE LIMACHE;CARLOS JAIME BERNARDO;BAZAES;LAZO;M;KIWI;LIMONERO;ALMENDRO;C;PARCELA LOS MAITENES CASA Nº 80;19;292463;6347065;MARGA MARGA;LIMACHE;R;QUILLOTA; 1,0 ;33-442290;PARCELA LOS MAITENES PJE CAI- CAI : Nº 80, PARADERO 10, LIMACHE;;
VALPARAISO;;;O;;05-329;23-07-2008;SUCURSAL JARDIN VILLARRICA;OSCAR;LOPEZ;CRUZ;M;SCHEFFLERA;AUCUBA;FICUS;C;PARCELA LOS AVELLANOS, LA CAPILLA - BOCO;19;289704;6362021;QUILLOTA;QUILLOTA;R;QUILLOTA; 2,0 ;33-356345;VILLARRICA LOTE 4 Y 5 ,LA CRUZ;;
VALPARAISO;Ft;;O;;05-330;11-08-2008;NUS;JUAN PABLO;MONTEDONICO;RIMASSA;M;PAPIRO;AGATEA;;C;PARCELA Nº 68 EL LITRE;19;294969;6374171;QUILLOTA;NOGALES;R;QUILLOTA; 0,1 ;;CALLE ASTURIAS N° 1719, VIÑA DEL MAR ALTO;jpmontedonico@gmail.com;
VALPARAISO;;;O;;05-332;11-08-2008;JARDIN VILLA JAMAICA;GABRIEL OTONIEL;COLLAO;TAPIA;M;SCHEFFLERA;YUCA;SINGONIO;C;CHEPICA Nº 1600;19;297577;6368464;QUILLOTA;HIJUELAS;R;QUILLOTA; 0,5 ;;CALLE CHEPICA N° 1600, HIJUELAS;;
VALPARAISO;;Fo;O;;05-333;11-08-2008;JARDIN SAN ENRIQUE;FERNANDO ADOLFO;TOLEDO;VALENZUELA;M;LIQUIDAMBAR;PALMERA;ROSA, QUILLAY, PEUMO;C;PARCELA Nº 8 - RABUCO;19;302173;6362432;QUILLOTA;HIJUELAS;R;QUILLOTA; 6,8 ;2854475;VICENTE VALDES N° 383 LA FLORIDA SANTIAGO;jardinsanenrique@entelchile.net;2867776
VALPARAISO;Ft;Fo;O;;05-334;11-08-2008;VIVERO LOS ANGELES;CIA. MINERA CERRO NEGRO S.A;;;PJ;PALTO;GRANADO;;A;RANCHO CERRO NEGRO, GUAYACAN;19;320683;6395088;PETORCA;CABILDO;R;PETORCA; 0,1 ;33-713900;CASILLA 3 D, CORREO CABILDO;LHERNANDEZ@CERRONEGRO.CL;33-713900
VALPARAISO;Ft;Fo;O;;05-335;22-08-2008;EL PALOTE;GUSTAVO ENRIQUE;SAGREDO;SANDOVAL;M;PALTO;PEUMO;DRACENA;C;HIJUELA Nº 2 - EL TREBOL;19;302543;6341233;MARGA MARGA;OLMUE;R;QUILLOTA; 1,0 ;33-442237;CALLE PEDRO ALVARADO N°, QUEBRADA ALVARADO, OLMUE;;
VALPARAISO;;;O;;05-339;12-09-2008;EL JARDIN DE TINA;SERGIO OMAR;VILLEGAS;BERNAL;M;SINGONIO;JACARANDA;HELECHO;C;CAMINO INTERNACIONAL PARCELA Nº 9 - LA GRANJA;19;293095;6368594;QUILLOTA;LA CALERA;R;QUILLOTA; 0,3 ;;CAMINO INTERNACIONAL, PARCELA N° 9 LA GRANJA LA CALERA;;
VALPARAISO;;Fo;O;;05-340;22-09-2014;LOS NOGALES;MARIA EUGENIA;OJEDA;HARAMBOUR;F;PHILODENDRO;HORTENSIA;MORANTHAS;C;PARCELA Nº 2 EL TRANQUE;19;294763;6373369;QUILLOTA;NOGALES;R;QUILLOTA; 2,0 ;33-221444;CALLE CARRERA N° 2042, LA CALERA;MEOJEDAH@YAHOO.COM;
VALPARAISO;Ft;;;;05-341;16-09-2008;SAN ANTONIO;COM. LUIS HENRIQUEZ PERALTA;;;PJ;CAROZOS;;;C;CALLE VERDEJO S/N QUEBRADA HERRERA;19;336505;6382833;SAN FELIPE DE ACONCAGUA;PUTAENDO;R;SAN FELIPE; 0,5 ;502278;CORREO SAN ANTONIO;;
VALPARAISO;;;O;;05-343;17-09-2008;VIVERO MI SUEÑO;SOFIA AURISTELA;CUETO;BERRIOS;F;KALANCHOE;COLCHON DE LA NOVIA;CALA;C;HNAS. SOLARI Nº 1381 EL CAJÓN;19;287503;6353172;QUILLOTA;QUILLOTA;R;QUILLOTA; 0,1 ;;CALLE HERMANAS SOLARI N°13,QUILLOTA;;
VALPARAISO;Ft;;O;;05-344;15-10-2008;VIVERO POCOCHAY;SOCIEDAD AGRICOLA VIVERO POCOCHAY;;;PJ;PALTO;NARANJO;MANDARINO, LIMONERO, CYCLAMEN, CRISANTEMO, DRACENA;C;PARCELA N°15 - POCOCHAY;19;293357;6363836;QUILLOTA;LA CRUZ;R;QUILLOTA; 6,0 ;33-310788;CASILLA 506, QUILLOTA;contacto@viveropocochay.cl;
VALPARAISO;;Fo;O;;05-345;15-10-2008;VIVERO SAN PEDRO;SOCIEDAD AGRICOLA EL ARRAYAN;;;PJ;CACTUS;QUILLAY;TOROMIRO;C;CASILLA 309, QUILLOTA;19;286485;6354856;QUILLOTA;QUILLOTA;R;QUILLOTA; 0,5 ;;CASILLA 309, QUILLOTA;sergiodelacuadra@gmail.com;
VALPARAISO;;Fo;O;;05-346;06-09-2013;JARDIN FRANGOZA;BENEDICTO ;GONZALEZ;VARGAS;M;MIOSPORO;RUDA;RAYITO DE SOL, FUCSIA, CRATEGUS;C;VISTA HERMOSA SITIO 62 - OCOA;19;304840;6364323;QUILLOTA;HIJUELAS;R;QUILLOTA; 1,0 ;;VISTA HERMOSA SITIO 72, OCOA;;
VALPARAISO;Ft;;;V;05-348;24-10-2008;CRIADERO DE PLANTAS ANDES;AGRICOLA BROWN LTDA;;;PJ;VID;;;C;FUNDO EL GUINDAL  CALLE LARGA  2389;19;346043;6361712;LOS ANDES;CALLE LARGA;U;LOS ANDES; 5,0 ;461888;CASILLA 264 LOS ANDES;lnunez@browngroup.cl;
VALPARAISO;;;O;;05-351;07-11-2008;LOS MAGNOLIOS;HOMERO ;CRISTI;LARRUCEA;M;FUCSIA;CLAVEL;OSTEOPERMO, PETUNIA;C;LOS MAGNOLIOS  N° 1 LA PALMA;19;292216;6360287;QUILLOTA;QUILLOTA;R;QUILLOTA; 0,5 ;33-353365;CASILLA 288, QUILLOTA;losmagnolios@gmail.com;
VALPARAISO;Ft;;;;05-354;15-12-2008;VIVEROS HORTIFRUT CHILE S.A;VIVEROS HORTIFRUT CHILE S.A;;;PJ;ARÁNDANO;;;C;PARCELA N°S 19-20 LOS TILOS - HUALCAPO;19;304158;6357503;QUILLOTA;HIJUELAS;R;QUILLOTA; 15,0 ;4792600;CASILLA 19-D, QUILLOTA;chualcapo@gmail.com;
VALPARAISO;;Fo;O;;05-355;15-12-2008;LAS MADRESELVAS;OLGA ;AMPUERO;RIQUELME;F;AGAPANTO;FUCSIA;LIGUSTRINA;C;HUALLILEMU N° 900, SITIO 2;19;250712;6300105;SAN ANTONIO;EL QUISCO;U;SAN ANTONIO; 0,1 ;;HUALLILEMU N° 900, SITIO 2;;
VALPARAISO;Ft;;O;;05-356;08-01-2009;JARDIN INGLES;CLARKE HERMANOS LTDA;NO APLICA;NO APLICA;PJ;CORONA DEL INCA;CRISANTEMO;KALANCHOE;C;AV. SAN JUAN N° 5651;19;261861;6274868;SAN ANTONIO;SAN ANTONIO;U;SAN ANTONIO; 1,2 ;280016;AV. SAN JUAN N° 5651;ale_clarke@hotmail.com;
VALPARAISO;;;;V;05-357;08-01-2009;LAS GAVIOTAS;AGRICOLA SANTA MACARENA;;;PJ;VID;;;C;BRISAS DEL MAR, FUNDO LAS GAVIOTA;19;257848;6266752;SAN ANTONIO;SANTO DOMINGO;R;SAN ANTONIO; 2,0 ;;BRISAS DEL MAR, FUNDO LAS GAVIOTAS;sovalle@terra.cl;
VALPARAISO;Ft;Fo;;;05-358;23-01-2009;VIVERO SAN JOAQUIN;JUAN;MARTINEZ;HERNANDEZ;M;ORNAMENTALES;;;C;PARCELA 69-B SANTA TERESA;19;321099;6363525;SAN FELIPE DE ACONCAGUA;LLAY LLAY;R;SAN FELIPE; 1,0 ;;PARCELA 69 B SANTA TERESA LLAY LLAY;;
VALPARAISO;;;O;;05-360;13-02-2009;JARDÍN DOÑA ISIDORA;ALVARO GONZALO;MONCADA;FARÍAS;M;PORCELANA;PETUNIA;OREJA DE OSO;C;PARCELA N°17-C . SECTOR LAS ACACIAS;19;280849;6340487;MARGA MARGA;VILLA ALEMANA;U;VALPARAÍSO; 0,7 ;;NO TIENE;viverodonaisidora@gmail.com;
VALPARAISO;;;O;;05-362;12-02-2009;JAIME MARCOS ASTETE;JAIME MARCOS ;ASTETE;;M;GERBERA;CYCLAMEN;;C;CAUPOLICAN S/N° - PUEBLO INDIO;19;292133;6357440;QUILLOTA;QUILLOTA;R;QUILLOTA; 3,0 ;33-352300;CASILLA 5, QUILLOTA;viverosjmastete@yahoo.com;33-352300
VALPARAISO;Ft;Fo;O;;05-363;12-02-2009;PAPIRAL;AGRICOLA E INVERSIONES PAPIRAL LTDA;;;PJ;DURAZNERO;PAPAYO;QUILLAY,AGAPANTO;C;ANGAMOS N° 701;19;290216;6342928;MARGA MARGA;LIMACHE;R;QUILLOTA; 0,7 ;;CASILLA 584, LIMACHE;papiral@gmail.com;
VALPARAISO;;;O;;05-364;12-02-2009;EDEN;MIGUEL ANGEL ;GODOY;BASAEZ;M;SCHEFFLERA;FICUS;;C;POBLACION  BOLONIA CASA 2;19;291885;6367569;QUILLOTA;LA CRUZ;U;QUILLOTA; 0,3 ;33-356925;POBLACION BOLONIA CASA N° 2, PARADERO 21,  LA CRUZ;;
VALPARAISO;Ft;;;;05-366;18-03-2009;VIVEROS FALL CREEK CHILE LTDA;VIVEROS FALL CREEK CHILE LTDA;;;PJ;ARÁNDANO;;;C;RUTA 5 NORTE KM. 101, LA VEGA Y LO GAETE;19;301917;6364551;QUILLOTA;HIJUELAS;R;QUILLOTA; 2,5 ;33-272725;CASILLA 19-D, QUILLOTA;;33-272799
VALPARAISO;;;;V;05-367;18-03-2009;SAN RAFAEL;JOSE CONSIGLIERE Y OTRO;;;PJ;VID;;;C;PANQUEHUE S/N;19;328204;6373210;SAN FELIPE DE ACONCAGUA;PANQUEHUE;R;SAN FELIPE; 1,0 ;531131;CASILLA 269 LOS ANDES;jose.consigliere@gmail.com;
VALPARAISO;;Fo;O;;05-368;08-01-2009;SANTA GLORIA;MOISES ;AMPUERO;CORNEJO;M;PHYSALIS;PENSAMIENTO;ROSAL;C;AV. SAN JUAN N°6024;19;262268;6275019;SAN ANTONIO;SAN ANTONIO;U;SAN ANTONIO; 0,2 ;;AV. SAN JUAN N°6024;;
VALPARAISO;Ft;Fo;O;;05-369;18-03-2009;PRO DE PLANT VIVERO NACIONAL;ONIAS GABRIEL;FARIAS;FARIAS;M;FRUTAL;;;A/C;PARCELA 62 SAN JOSE;19;321831;6370596;SAN FELIPE DE ACONCAGUA;CATEMU;R;SAN FELIPE; 0,5 ;;PARCELA 62 SAN JOSE CATEMU;;
VALPARAISO;;Fo;O;;05-370;27-03-2009;VIVERO SAN FRANCISCO;MARIA CRISTINA;PEREZ;VIVANCO;F;PALMERA;SCHEFFLERA;;C;HUELLACANAL N° 530;19;292359;6376125;QUILLOTA;NOGALES;R;QUILLOTA; 0,1 ;33-263979;CALLE HUELLACANAL N° 530, NOGALES;;
VALPARAISO;Ft;Fo;O;;05-371;14-04-2009;JUAN WENKE;JUAN CRISTOBAL;WENKE;HARNECKER;M;NOGAL;PALTO;GRANADO;C;HIJUELA S/N, MANUEL MONTT;19;305607;6421449;PETORCA;PETORCA;R;PETORCA; 0,3 ;33-763102;CASILLA 4D, CORREO CABILDO;MBEATRIZ176@GMAIL.COM;
VALPARAISO;Ft;Fo;O;;05-372;20-04-2009;"VIVERO ""FLORES DEL VALLE""";JIMENA ANTONIA;MATURANA;CORREA;F;OREJA DE OSO;RANUNCULO;HELECHO,PRIMULA, STENOCARPUS;C;LOTE N° 3 - ENLACE ROMERAL;19;302242;6364134;QUILLOTA;HIJUELAS;R;QUILLOTA; 2,1 ;;MANUEL RODRIGUEZ N° 6075, HIJUELAS;;
VALPARAISO;Ft;;;;05-373;27-04-2009;SANTA ISABEL;RICARDO JORGE;GONZALEZ;CORTES;M;PALTO;LUCUMO;OLIVO;C;FUNDO SAN PANCRACIO HIJUELA B;19;277841;6368196;VALPARAÍSO;PUCHUNCAVI;R;QUILLOTA; 0,1 ;;JOSE ANTONIO SOFIA 2747, OFICINA 302, PROVIDENCIA, SANTIAGO;;
VALPARAISO;;;O;;05-376;28-05-2009;SOCIEDAD AGRICOLA Y COMERCIAL PETALIMPORT LTDA;SOCIEDAD AGRICOLA Y COMERCIAL PETALIMPORT LTDA;;;PJ;CLAVEL;;;C;PARCELA LOS AROMOS,CAUPOLICAN S/N°;19;291662;6357640;QUILLOTA;QUILLOTA;R;QUILLOTA; 0,5 ;33-265183;CASILLA 14, QUILLOTA;petalimport@entelchile.net;
VALPARAISO;;;O;;05-377;28-05-2009;VIVERO LA VICTORIA;JOSE RUBEN ;UTILLANO;VICENCIO;M;OREJA DE OSO;PENSAMIENTO;CLAVELINA;C;PARCELA N° 16 LA VICTORIA, CAMINO INTERNACIONAL;19;273035;6353930;MARGA MARGA;LIMACHE;R;QUILLOTA; 0,5 ;33-267305;CALLE BULNES N° 1331, QUILLOTA;iamare@123mail.cl;
VALPARAISO;Ft;;O;;05-378;16-06-2014; ALTO LA MORRIÑA  LTDA;AGRICOLA ALTO LA MORRIÑA LTDA;;;PJ;PALTO;ROSAL;LAVANDA;A;EL LITRE S/N° BOCO;19;289022;6362775;QUILLOTA;QUILLOTA;R;QUILLOTA; 1,5 ;;CASILLA 51, QUILLOTA;AGRICOLA@ELLIMONAR.CL;
VALPARAISO;Ft;Fo;;;05-379;16-06-2009;RENE BLANCO;ARMANDO RENE;BLANCO;BLANCO;M;PALTO;NOGAL;;C;PARCELA N° 48 - LOS CALEOS;19;293171;6384290;QUILLOTA;NOGALES;R;QUILLOTA; 0,1 ;;CORREO EL MELON;;
VALPARAISO;;Fo;O;;05-381;17-11-2014;LOS LITRES;RODRIGO JAVIER;TAPIA ;OJEDA;M;AZALEA;HORTENSIA;POINSETIAS;C;PARCELA N° 10 EL TRANQUE;19;294852;6373460;QUILLOTA;NOGALES;R;QUILLOTA; 2,0 ;33-2221444;CARRERA 2042, LA CALERA;MEOJEDAR@YAHOO.COM;
VALPARAISO;;;O;;05-382;16-06-2009;VIVERO HUALCAPO;WILFREDO ENRIQUE;FERNANDEZ;LIRA;M;LAVANDA;PAPIRO;JAZMIN, ACHIRA;C;PARCELA N° 19-B HUALCAPO;19;303845;6358031;QUILLOTA;HIJUELAS;R;QUILLOTA; 1,0 ;;CASILLA 118, LA CALERA;;
VALPARAISO;;;O;;05-385;26-06-2009;JARDIN OCOA;SERGIO ELIAS ;MONDACA;OYANEDEL;M;PRIMULA;GAZANIA;ROSAS, PETUNIA;C;SITIO 67 - 68 CALLE PRINCIPAL OCOA;19;304410;6363796;QUILLOTA;HIJUELAS;R;QUILLOTA; 0,5 ;;CASILLA 13, HIJUELAS;;
VALPARAISO; ;;O;;05-386;08-07-2009;LOS ALMENDROS;JOSE MARIO;GARCIA;CASTILLO;M;SCHEFFLERA;;;C;PARCELA LOS ALMENDROS CALLE VERGARA N°500;19;301036;6366997;QUILLOTA;HIJUELAS;R;QUILLOTA; 0,3 ;;CALLEJON VERGARA N° 500, HIJUELAS;;
VALPARAISO;;;O;;05-387;08-07-2009;VIVEROS M.A.F.;MARCOS ANTONIO ;SALINAS;FREZ;M;HELECHO;AMARANTA;SINGONIO, HIPOESTE;C;MANUEL RODRIGUEZ N° 1436;19;299224;6369210;QUILLOTA;HIJUELAS;U;QUILLOTA; 0,1 ;;MANUEL RODRIGUEZ N° 1436, HIJUELAS;;
VALPARAISO;Ft;Fo;O;V;05-388;08-07-2009;JARDIN YUFRAN;YURI;CANEO;ARAYA;F  ;INTERIOR;EXTERIOR;;C;CALLE JAHUEL 456;19;345015;6375964;SAN FELIPE DE ACONCAGUA;SANTA MARIA;U;SAN FELIPE; 0,5 ;;CALLE JAHUEL 456 SANTA MARIA;;
VALPARAISO;;;O;;05-389;08-07-2009;VIVERO LA ESTRELLA;HECTOR TOMAS;FARIAS;CAMPO;M;GAZANIA;ROSAL;DRACENA, AJI ORNAMENTAL, LAVANDA;C;PRINCIPAL S/N° SITIO 21 LOS MAITENES, OCOA;19;302952;6363521;QUILLOTA;HIJUELAS;R;QUILLOTA; 0,4 ;;CASILLA 232, LA CALERA;;
VALPARAISO;;;O;;05-391;10-07-2009;JARDIN SAN DANIEL;DAVID ANTONIO;ARAYA;LOPEZ;M;HELECHO;CYCLAMEN;SCHEFFLERA, OREJA DE OSO, FUCSIA;C;MANUEL RODRIGUEZ 3802 ;19;300126;6366833;QUILLOTA;HIJUELAS;R;QUILLOTA; 0,1 ;;MANUEL RODRIGUEZ N° 3806, HIJUELAS;;
VALPARAISO;;;O;;05-392;10-07-2009;VIVERO SAN EDUARDO;SUC. EVARISTO DEL CARMEN AGUILERA AGUILERA;;;PJ;CLAVELINA;PENSAMIENTO;AGERANTEMO;C;PARCELA N° 19 - LOS AROMOS;19;300307;6366997;QUILLOTA;HIJUELAS;R;QUILLOTA; 0,3 ;33-272289;MANUEL RODRIGUEZ N° 3931, HIJUELAS;;
VALPARAISO;Ft;Fo;O;;05-393;08-08-2011;VIVERO ALAMEDA;JOSE FLORENCIO;VILCHES;DIAZ;M;RAYITO DE SOL;PAQUERETTE;PAPIRO, CINERARIA;C;AVENIDA LAS PALMAS N° 100;19;344870;6223426;QUILLOTA;HIJUELAS;R;QUILLOTA; 0,1 ;;SITIO N° 100  AV LAS PALMAS ,RABUCO, HIJUELAS;santa.beatriz@gmail.com;33-272359
VALPARAISO;Ft;;;;05-394;10-07-2009;OLIVOS DE CARTAGO;SUEÑOS DE CARTAGO S.A;;;PJ;OLIVO;;;C;PARCELA N° 247 - LOTE A;19;293583;6378502;QUILLOTA;NOGALES;R;QUILLOTA; 0,5 ;33-262645;CASILLA 30, NOGALES;sueñosdecartago@gmail.com;
VALPARAISO;;Fo;O;;05-395;20-12-2009;LAS AÑAÑUCAS;AGRICOLA SOLIS LTDA;;;PJ;HORTENSIA;FILODENDRO;COPO DE NIEVE, FUCSIA;C;PARCELA N° 29 Y SITIO 3 OCOA;19;306641;6363061;QUILLOTA;HIJUELAS;R;QUILLOTA; 0,3 ;;SITIO N° 3 LA FEBRE, OCOA;;
VALPARAISO;;;O;;05-396;14-07-2009;SUC. VISTA HERMOSA;ROBERTO IGNACIO;MONDACA;OYANEDEL;M;ROSAL;COLA DE ZORRO;CALA, RANUNCULO, OREAJ DE OSO;C;SITIO 82 - OCOA;19;305108;6364021;QUILLOTA;HIJUELAS;R;QUILLOTA; 0,4 ;33-271039;CASILLA 13, HIJUELAS;;
VALPARAISO;;;O;;05-397;14-07-2009;VIVERO LOS FICUS;JOSE ALFONSO ;GODOY;BASAEZ;M;FICUS;SCHEFFLERA;PALMERA;C;PARCELA N° 88-A VISTA HERMOSA OCOA;19;305608;6364486;QUILLOTA;HIJUELAS;R;QUILLOTA; 2,5 ;;POB BOLONIA CASA N° 2, PARADERO 21, LA CRUZ;;
VALPARAISO;;;O;;05-398;14-07-2009;PLANTAS KM 102;MARIA CECILIA ;BERARDI;CORREA;F;OREJA DE OSO;PENSAMIENTO;PRIMULA, CINERARIA;C;PANAMERICANA NORTE KM. 103 ;19;300564;6365712;QUILLOTA;HIJUELAS;R;QUILLOTA; 2,5 ;33-272759;PANAMERICANA NORTE KM 102 CASILLA 13 , HIJUELAS;ciberardi@jardincolonial.cl;
VALPARAISO;;;O;;05-400;14-07-2009;VISTA HERMOSA;ROBERTO IGNACIO;MONDACA;OYANEDEL;M;OREJA DE OSO;CYCLAMEN;PERRITO, PENSAMIENTO, RANUNCULO;C;VISTA HERMOSA SITIO N° 86;19;305124;6363792;QUILLOTA;HIJUELAS;R;QUILLOTA; 0,6 ;33-271039;CASILLA 13, HIJUELAS;;
VALPARAISO;;;O;;05-401;15-07-2009;EL EDEN;MIGUEL ANGEL ;GODOY;BASAEZ;M;FICUS;PALMERA;SCHEFFLERA, DRACENA;C;PARCELA N° 12 D;19;293701;6363644;QUILLOTA;LA CRUZ;R;QUILLOTA; 0,9 ;;POBLACION BOLONIA CASA N° 2, PARADERO 21,  LA CRUZ;;
VALPARAISO;Ft;Fo;O;;05-402;25-10-2010;VIVERO EL PORVENIR LTDA;SOCIEDAD AGRICOLA EL PORVENIR DEL VALLE DE QUILLOTA LTDA;;;PJ;PALTO;NARANJO;MANDARINO;C;PARCELA N° 5  EX FUNDO MIRAFLORES;19;291456;6361536;QUILLOTA;QUILLOTA;R;QUILLOTA; 1,0 ;;CASILLA 80, LA CALERA;juangaticazamora@hotmail.com;33-376323
VALPARAISO;;;O;;05-404;15-07-2009;SUCURSAL JARDIN LA FEBRE;JORGE DEL TRANSITO;GAMBOA;AYALA;M;ALEGRÍA DEL HOGAR;RAYITO DE SOL;BEGONIA, GAZANIA;C;SITIO N° 88- C;19;305896;6364570;QUILLOTA;HIJUELAS;R;QUILLOTA; 0,5 ;;SITIO N° 128 LA FEBRE,HIJUELAS;cosite.beatriz@gmail.com;
VALPARAISO;;;O;;05-405;07-12-2010;VIVERO LOS MAITENES  ;JESSICA ALEJANDRA;SUAREZ;GATICA;F;OREJA DE OSO;PRIMULA;CIPRES;C;SITIO N° 4 LOS MAITENES;19;304012;6363888;QUILLOTA;HIJUELAS;U;QUILLOTA; 0,6 ;33-272516;CASILLA 232, LA CALERA;amaggio@vtr.net;
VALPARAISO;;;O;;05-406;20-07-2009;AGRODISTRIBUIDORES LTDA./AGR. LIMON VERDE;AGRODISTRIBUIDORES LTDA;;;PJ;LECHUGA;FICUS;REPOLLO, COLIFLOR, BROCOLI, CEBOLLA;C;FUNDO LIMON VERDE;19;300921;6365709;QUILLOTA;HIJUELAS;R;QUILLOTA; 2,5 ;33-272271;CASILLA 80, LA CALERA;limonverde@tie.cl;
VALPARAISO;Ft;;;;05-408;20-07-2009;AGRICOLA CEGEDE LTDA;AGRICOLA CEGEDE LTDA;;;PJ;PALTO;LIMONERO;NARANJO,MANDARINO;C;FUNDO SAN LUIS,M.RODRIGUEZ N° 4633;19;300568;6366017;QUILLOTA;HIJUELAS;U;QUILLOTA; 5,0 ;33-272868;MANUEL RODRIGUEZ N° 4633, HIJUELAS;pfurniss@gmail.com;
VALPARAISO;;;O;;05-409;20-07-2009;VIVERO SAN DIEGO;PEDRO JUAN;ORELLANA;AHUMADA;M;SCHEFFLERA;LIGUSTRINA;PAQUERETTE;C;MANUEL RODRIGUEZ N° 958;19;298872;6369372;QUILLOTA;HIJUELAS;U;QUILLOTA; 0,1 ;33-272791;MANUEL RODRIGUEZ N° 958, HIJUELAS;;
VALPARAISO;;;O;;05-410;20-07-2009;TOMAS GALLARDO SALAZAR;TOMAS ANDRES;GALLARDO;SALAZAR;M;SCHEFFLERA;FICUS;;C;PARCELA N° 5 LOTE B EL CAQUI;19;296232;6371490;QUILLOTA;LA CALERA;R;QUILLOTA; 0,5 ;33-272771;CASILLA 62 LA CALERA;german@floriterra.cl;
VALPARAISO;;;O;;05-411;20-07-2009;VIVERO ACQUAFLORA;VIVERO ACQUAFLORA LTDA;;;PJ;AGAPANTO;PAPIRO;PAQUERETTE, HIEDRA;C;SITIO N° 5, LOTE E, PANAMERICANA NORTE KM. 107;19;298079;6369083;QUILLOTA;HIJUELAS;R;QUILLOTA; 0,5 ;33-272771;CASILLA 62, LA CALERA;kathy@acquaflora.cl;33-272771
VALPARAISO;;;O;;05-412;20-07-2009;LA ESPERANZA;MARCO ANTONIO;MARTINEZ;PEREZ;M;RAYITO DE SOL;FUCSIA;MUSGO, QUILLAY;C;SITIO N° 61, VISTA HERMOSA;19;304811;6363944;QUILLOTA;HIJUELAS;R;QUILLOTA; 0,1 ;;CORREO, HIJUELAS;;
VALPARAISO;;;O;;05-416;21-07-2009;JARDIN LAS ROSAS;RAUL JESUS ;MONTINO;PUEBLA;M;PENSAMIENTO;ROSAL;GAZANIA, VERONICA;C;VISTA HERMOSA, SITIO N° 78 - OCOA;19;304936;6363918;QUILLOTA;HIJUELAS;R;QUILLOTA; 0,3 ;;SITIO N° 78 VISTA HERMOSA, OCOA;;
VALPARAISO;;;O;;05-417;21-07-2009;LOS AROMOS;RODOLFO SEGUNDO;ORELLANA;AHUMADA;M;FILODENDRO;SCHEFFLERA;ARALIA;C;CONCHALI PARCELA N° 46;19;298013;6369891;QUILLOTA;HIJUELAS;R;QUILLOTA; 1,2 ;;CALLE CONCHALI S/N° PARCELA 46 PARADERO 3, HIJUELAS ;;
VALPARAISO;;;O;;05-418;21-07-2009;JARDIN LUCERO;CLAUDIO CESAR;JARA;MARTINEZ;M;GAZANIA;DIMORFOTECA;ALEGRIA DEL HOGAR;C;PARCELA N° 17 - POCOCHAY;19;292706;6363568;QUILLOTA;LA CRUZ;R;QUILLOTA; 0,9 ;;CORREO LA CRUZ;;
VALPARAISO;;;O;;05-419;21-07-2009;JARDIN SANTA ELIZABETH SUCURSAL;ISRAEL SEGUNDO ;PAZ;GALLARDO;M;FICUS;SCHEFFLERA;ARALIA;C;PARCELA N° 5 B - POCOCHAY;19;293671;6363275;QUILLOTA;LA CRUZ;R;QUILLOTA; 1,0 ;;CAMINO TRONCAL N° 7430, LA CRUZ;;33-320845
VALPARAISO;;;O;;05-421;22-07-2009;JARDIN BARRACITA;MARCOS CARMELO;CISTERNAS;ROJAS;M;PRIMULA;OREJA DE OSO;PETUNIA, ALEGRIA DEL HOGAR, CYCLAMEN;C;MANUEL RODRIGUEZ 4111;19;300379;6366604;QUILLOTA;HIJUELAS;U;QUILLOTA; 0,4 ;33-271409;MANUEL RODRIGUEZ N° 4111, HIJUELAS;;
VALPARAISO;;Fo;O;;05-422;22-07-2009;LAS ARAUCARIAS;ADRIAN ANIBAL ;ZARATE;CAMPOS;M;PALMERA;EUCALYPTUS;PALMA;C;AVENIDA CENTENARIO N° 111;19;294358;6368749;QUILLOTA;LA CALERA;R;QUILLOTA; 0,2 ;;CENTENARIO N° 111 LA CALERA;a.anizar@yahoo.com;
VALPARAISO;;;O;;05-423;22-07-2009;JARDIN SANTA ELIZABETH  ;ISRAEL SEGUNDO ;PAZ;GALLARDO;M;SCHEFFLERA;FICUS;PALMERA, HELECHO;C;CAMINO TRONCAL 7430;19;291994;6367779;QUILLOTA;LA CRUZ;U;QUILLOTA; 0,1 ;33-320845;CAMINO TRONCAL N° 7430, LA CRUZ;;
VALPARAISO;;;O;;05-424;22-07-2009;ALEJANDRA;ELBA ROSA;GALLARDO;QUIJANES;F;SCHEFFLERA;FICUS;COLCHON DE NOVIA;C;TRONCAL N° 7568;19;292003;6367856;QUILLOTA;LA CRUZ;U;QUILLOTA; 0,2 ;33-252804;CAMINO TRONCAL N° 7568, LA CRUZ;e_gallardoQ@hotmail.com;
VALPARAISO;Ft;;;;05-425;22-07-2009;EL GRILLO;AGRICOLA LA QUEBRADA DE AJI LTDA;;;PJ;PALTO;;;C;FUNDO QUEBRADA DEL AJI, JULIO PIZARRO N° 1099;19;286295;6361906;QUILLOTA;QUILLOTA;R;QUILLOTA; 0,5 ;33-313397;CASILLA 314 O JULIO PIZARRO N°1099 ,QUILLOTA;quebradadelaji1099@yahoo.com;33-319500
VALPARAISO;;;O;;05-426;22-07-2009;JARDIN OCOA;SERGIO ELIAS;MONDACA;OYANEDEL;M;PORCELANA;PRIMULA;;C;PRINCIPAL S/N° SITIO N° 82, VISTA HERMOSA, OCOA;19;305023;6363979;QUILLOTA;HIJUELAS;R;QUILLOTA; 0,2 ;33-272338;CASILLA 13 , HIJUELAS;;
VALPARAISO;  ;;O;;05-427;23-07-2009;LOS SUSPIROS;SUSPIRO  DE LAS ROSAS;SEREY;CORREA;F;ROSAL;JAZMIN;BOUGAINVILLEA;C;PARCELA N° 6 LOTE 2 - POCOCHAY;19;293787;6363273;QUILLOTA;LA CRUZ;R;QUILLOTA; 1,0 ;33-321270;CORREO LA CRUZ;;
VALPARAISO;;;O;;05-428;23-07-2009;JARDIN LOS INSIGNIUS;SOLANGE ANDREA ;MOLINELLI;MONDACA;F;FUCSIA;HORTENSIA;AGERANTEMO, LIGUSTRINO;C;VISTA HERMOSA SITIO N° 101;19;305332;6363019;QUILLOTA;HIJUELAS;R;QUILLOTA; 0,3 ;;AVENIDA PADRE HURTADO N° 878, MAIPU, SANTIAGO;smolinelli@viverosaconcagua.cl;
VALPARAISO;Ft;Fo;O;;05-429;23-07-2009;VIVERO SANTA MARGARITA LTDA;VICTOR HUGO ;ARELLANO;CASTILLO;M;DURAZNERO;CIRUELO;DAMASCO, ALMENDRO, ALISSUM, VINCA;C;PARCELA N° 3 - POCOCHAY;19;293334;6363489;QUILLOTA;LA CRUZ;R;QUILLOTA; 2,0 ;;PARCELA 3,POCOCHAY;victoralgarrobo@yahoo.cl;
VALPARAISO;;Fo;O;;05-430;23-07-2009;SUC. LAS AÑAÑUCAS;AGRICOLA SOLIS LTDA;;;PJ;OREJA DE OSO;FILODENDRO;HELECHO,FUCSIA;C;SITIO N° 3 - LA FEBRE - OCOA;19;306776;6364060;QUILLOTA;HIJUELAS;R;QUILLOTA; 0,2 ;;SITIO N° 3 LA FEBRE, OCOA;;
VALPARAISO;;Fo;O;;05-431;05-08-2014;JARDIN CHANITO;CLAUDIO ;FERNANDEZ;MENA;M;HELECHO;LIGUSTRINA;PILEA;C;PARCELACION SAN PEDRO , PARCELA 3;19;297259;6372977;QUILLOTA;NOGALES;R;QUILLOTA; 0,2 ;;CASILLA N° 175 -LA CALERA;TORITOBALLO@HOTMAIL.COM;
VALPARAISO;;;O;;05-432;23-07-2009;PAMELA;PAMELA ALEJANDRA ;TAPIA ;VERGARA;F;OREJA DE OSO;CINERARIA;RAYITO DE SOL, PENSAMIENTO;C;PARCELA N° 24 - LA FEBRE;19;307053;6364178;QUILLOTA;HIJUELAS;R;QUILLOTA; 0,5 ;33-269591;CASILLA 29, LA CALERA;ptapiav_8@yahoo.es;33-272584
VALPARAISO;;Fo;O;;05-433;16-02-2011;SAN RAFAEL;CARLOS RAFAEL;MESSINA;CRUZ;M;STRELITZIA;;;C;VISTA HERMOSA 68 - OCOA;19;305270;6364318;QUILLOTA;HIJUELAS;R;QUILLOTA; 0,5 ;;VISTA HERMOSA N° 68, HIJUELAS;;
VALPARAISO;;;O;;05-436;10-08-2009;LAS PALMERAS;SARA DEL ROSARIO;ARANCIBIA;ARANCIBIA;F;PETUNIA;CRISANTEMO;PRIMULA;C;CALLE PRINCIPAL N° 87 RABUCO;19;302195;6364403;QUILLOTA;HIJUELAS;R;QUILLOTA; 0,5 ;;CALLE PRINCIPAL N° 87, RABUCO,HIJUELAS;;
VALPARAISO;;;O;;05-438;10-08-2009;VIVERO AURORA;SUC. AURORA AGUILERA Y OTRO;;;PJ;RUDA;SCHEFFLERA;SINGONIO, HELECHO;C;MANUEL RODRIGUEZ N° 3601 PARCELA 18;19;300286;6366762;QUILLOTA;HIJUELAS;U;QUILLOTA; 0,3 ;;MANUEL RODRIGUEZ N° 3601,HIJUELAS;;
VALPARAISO;;;O;;05-439;10-08-2009;GERMAN GALLARDO;GERMAN LORENZO;GALLARDO;MODINGER;M;ALEGRIA NUEVA GUINEA;GOMERO;SPATHIPHYLLUM, FICUS;C;PARC. C, PANAMERICANA NORTE KM. 107;19;297961;6368848;QUILLOTA;HIJUELAS;R;QUILLOTA; 3,0 ;33-272771;CASILLA N° 62, LA CALERA;german@floriterra.cl;33-272771
VALPARAISO;;;O;;05-442;18-08-2009;EL DIAMELO;FRANCISCO ROBERTO;MARTINEZ;MACHUCA;M;SCHEFFLERA;YUCA;HELECHO;C;CALLEJON VERGARA S/N°;19;300925;6366872;QUILLOTA;HIJUELAS;R;QUILLOTA; 1,0 ;;CALLEJON VERGARA S/N°,  CORREO HIJUELAS;;
VALPARAISO;;Fo;O;;05-443;07-10-2014;LOS LIRIOS;SILVIA TERESA;ORDENES ;BRIONES;F;FICUS;HELECHO;;C;LOTE 1 Y 2 EX FUNDO PORVENIR TRONCAL N° 7806;19;292119;6368198;QUILLOTA;LA CRUZ;R;QUILLOTA; 1,0 ;33-2320874;CALLE TRONCAL N° 7806, LA CRUZ;;
VALPARAISO;;;O;;05-445;20-08-2009;SUC. JARDIN CORDILLERA;LUIS ALBERTO ;ESTAY;VALENZUELA;M;PITOSPORO;JUNIPERO;LAVANDA, VERONICA;C;PARCELA 61 VISTA HERMOSA;19;304992;6362371;QUILLOTA;HIJUELAS;R;QUILLOTA; 2,5 ;;CORREO, LA CALERA;j.cordillera@hotmail.com;
VALPARAISO;;;O;;05-446;20-08-2009;VIVERO EL JAZMIN;VALERIANA XIMENA ALICIA;MANQUEZ;PINTO;F;VERONICA;PAQUERETTE;ACHIRA;C;AUGUSTO BEST N° 14 (COLONIAS  ALEMANAS);19;293279;6364265;QUILLOTA;LA CRUZ;R;QUILLOTA; 0,1 ;;AUGUSTO BEST N° 14, COLONIA ALEMANA, LA CRUZ;;
VALPARAISO;;;O;;05-447;20-08-2009;JARDIN BOLONIA;CARLOS MANUEL;FERNANDEZ;MENA;M;SCHEFFLERA;FICUS;HELECHO;C;POBLACION BOLONIA N° 220;19;290540;6368140;QUILLOTA;LA CRUZ;U;QUILLOTA; 0,1 ;33-322001;POBLACION BOLONIA CALLE 2, CASA N° 220, LA CRUZ;piayflo@live.com;
VALPARAISO;;;O;;05-448;20-08-2009;EL REFUGIO;RAQUEL GLADYS;ESPINOZA;TAPIA;F;CACTUS;AMARANTA;JAZMIN;C;PARCELA EL SAUCE EX FUNDO EL PORVENIR N° 6;19;291524;6369166;QUILLOTA;LA CRUZ;U;QUILLOTA; 2,5 ;33-222370;PASAJE SAN CARLOS, PARCELA N°6, LA CRUZ;la_perla_007@hotmail.com;
VALPARAISO;Ft;Fo;O;;05-449;20-08-2009;"EL TREMENDO ""C""";FREDDIE FERNANDO;CISTERNAS;HERNANDEZ;M;PALTO;NARANJO;;C;POBLACION BOLONIA CALLE 3 N° 238;19;290464;6368288;QUILLOTA;LA CRUZ;U;QUILLOTA; 0,5 ;;CALLE 5, SITIO N° 124, POBLACION BOLONIA, LA CRUZ;freddie_eltremendo@hotmail.com;33-320510
VALPARAISO;Ft;;;;05-450;21-08-2009;"EL TREMENDO ""F""";FREDDIE FERNANDO;CISTERNAS;HERNANDEZ;M;PALTO;NARANJO;MANDARINO;C;PARCELA N° 4 PARADERO 20 Y 1/2 CAMINO TRONCAL;19;291725;6367083;QUILLOTA;LA CRUZ;R;QUILLOTA; 1,1 ;;CALLE 5, SITIO N° 124, POBLACION BOLONIA, LA CRUZ;freddie_eltremendo@hotmail.com;33-320510
VALPARAISO;Ft;;;;05-451;21-08-2009;"AGR. VIVERO EL TREMENDO ""E""";FREDDIE FERNANDO;CISTERNAS;HERNANDEZ;M;PALTO;MANDARINO;NARANJO;C;POBLACION BOLONIA CALLE UNO N° 235;19;290417;6368106;QUILLOTA;LA CRUZ;U;QUILLOTA; 0,5 ;;CALLE 5, SITIO N° 124, POBLACION BOLONIA, LA CRUZ;freddie_eltremendo@hotmail.com;33-320510
VALPARAISO;Ft;;;;05-452;21-08-2009;"EL TREMENDO ""G""";FREDDIE FERNANDO;CISTERNAS;HERNANDEZ;M;PALTO;LIMONERO;MANDARINO;C;PARCELA N° 40 LOS CALEOS  EL MELON;19;293725;6385039;QUILLOTA;NOGALES;R;QUILLOTA; 2,5 ;;CALLE 5, SITIO N° 124, POBLACION BOLONIA, LA CRUZ;freddie_eltremendo@hotmail.com;
VALPARAISO;;;O;;05-454;21-08-2009;"VIVERO ""SUANGEL""";ANGELINA DEL CARMEN;OLMOS;FIERRO;F;CINERARIA;OREJA DE OSO;VIOLAS;C;PARCELA N° 29 DON BOSCO;19;293782;6362704;QUILLOTA;LA CRUZ;R;QUILLOTA; 2,3 ;33-314759;PARCELA  29, DON BOSCO, POCOCHAY;;33-314759
VALPARAISO;;;O;;05-456;21-08-2009;JARDIN GABRIEL;GABRIEL FRANCISCO;NUÑEZ;REYES;M;VERONICA;LIGUSTRINA;HELECHO;C;PARCELA N° 61 SITIO 121 VISTA HERMOSA;19;305098;6362378;QUILLOTA;HIJUELAS;R;QUILLOTA; 0,8 ;2-2458873;CALLE ALVAREZ N° 1387, LO BARNECHEA, SANTIAGO;jardingabriel@hotmail.com;2-2458873
VALPARAISO;;;O;;05-457;31-08-2009;BELEN;ARMANDO DEL CARMEN;CALDERON;PONCE;M;RAYITO DE SOL;HELECHO;HIEDRA, PITOSPORO;C;TUDESCA S/N°;19;300602;6366830;QUILLOTA;HIJUELAS;U;QUILLOTA; 0,5 ;;MANUEL RODRIGUEZ N° 4092, HIJUELAS;;
VALPARAISO;;;;V;05-458;31-08-2009;AGUA DEL LEÓN;CARLOS ERNESTO;HOLZMANN;KINTNER;M;VID;;;A;HIJUELA AGUA DEL LEÓN. TAPIHUE;19;290717;6315839;VALPARAÍSO;CASABLANCA;R;VALPARAÍSO; 1,5 ;;CASILLA 34. CASABLANCA;cholzmannk@hotmail.com;
VALPARAISO;;;O;;05-459;07-07-2009;EL PINO;HECTOR HERNAN;BRIONES;LOPEZ;M;RAYITO DE SOL;RUDA;GAZANIA;C;SITIO N° 83 ;19;304870;6363999;QUILLOTA;HIJUELAS;R;QUILLOTA; 0,2 ;;CALLE PRINCIPAL , SITIO N° 83, VISTA HERMOSA, OCOA, HIJUELAS;;
VALPARAISO;;Fo;O;;05-461;11-07-2011;"VIVERO ""MARIA ISABEL""";MARIA ISABEL ;OLIVARES;ACEVEDO;F;ROSAL;EUCALYPTUS;CIPRES;C;AVENIDA PEDRO AGUIRRE CERDA PARCELA N° 5 POCOCHAY;19;293646;6363427;QUILLOTA;LA CRUZ;R;QUILLOTA; 0,1 ;;PARCELA N° 67, DOS BOSCO, POCOCHAY;nuevavictori@123mail.cl;
VALPARAISO;;Fo;O;;05-463;12-05-2014;SAN JOSE;JOSE MANUEL;ARAVENA;COFRE;M;CACTUS;ALOE VERA;SCHEFFLERA;C;SITIO N° 73 - VISTA HERMOSA;19;304873;6364210;QUILLOTA;HIJUELAS;R;QUILLOTA; 0,3 ;;CAMINO PRINCIPAL SITIO N° 73 VISTA HERMOSA, OCOA;;
VALPARAISO;;;O;;05-464;07-07-2009;JARDIN CORDILLERA;LUIS ALBERTO ;ESTAY;VALENZUELA;M;LAUREL DE FLOR;VERONICA;CANELO, NANDINA;C;PARCELA N° 87 - RABUCO;19;301499;6362255;QUILLOTA;HIJUELAS;R;QUILLOTA; 4,0 ;;CAMINO LA VIÑA N° 15, LAS CONDES , SANTIAGO;j.cordillera@hotmail.com;
VALPARAISO;Ft;Fo;O;;05-466;06-10-2014;EL CULTIVADOR;MIGUEL ANGEL ;TAPIA ;CISTERNAS;M;PALTO;CITRICOS;LIGUSTRINO;C;LORCA PRIETO, LOTE 9 A,  PARCELA N° 8;19;291703;6362289;QUILLOTA;LA CRUZ;R;QUILLOTA; 1,0 ;;AVENIDA 21 DE MAYO N°1090, QUILLOTA;migueltapiacisternas@elcultivador.cl;
VALPARAISO;Ft;;;;05-467;15-09-2009;EL CULTIVADOR;MIGUEL ANGEL ;TAPIA ;CISTERNAS;M;PALTO;NARANJO;LIMONERO;C;EX FUNDO EL PROGRESO LOTE A;19;292178;6362098;QUILLOTA;QUILLOTA;R;QUILLOTA; 1,0 ;33-314784;AVENIDA 21 MAYO N° 1090 PARADERO 7, QUILLOTA.;;
VALPARAISO;Ft;;;;05-468;15-09-2009;VIVERO LA PUNTILLA 2;JAIME HUMBERTO ;TAPIA ;CISTERNAS;M;PALTO;NARANJO;;C;EX FUNDO EL PROGRESO LOTE B;19;292254;6362024;QUILLOTA;QUILLOTA;R;QUILLOTA; 2,0 ;33-310890;VICKUÑA MACKENNA N° 14, QUILLOTA;;
VALPARAISO;Ft;Fo;O;;05-469;15-09-2009;VIVERO RUCARAY;GLORIA DEL TRANSITO;ROJAS;CERDA;F;LIMONERO;DAMASCO;DURAZNERO,CIRUELO;C;EL MIRADOR N° 14;19;266450;6356962;VALPARAÍSO;QUINTERO;R;QUILLOTA; 0,5 ;32-2815856;CASILLA 7092, CON-CON;vivrucaray@hotmail.com;32-2815856
VALPARAISO;;;O;;05-470;15-09-2009;JARDIN YAMADA;TERUKO ;SUZUKI;ISHIHARA;M;BROMELIA;HELECHO;CYSUS;C;CAUPOLICAN S/N° - PUEBLO INDIO;19;292173;6357497;QUILLOTA;QUILLOTA;R;QUILLOTA; 0,5 ;33-352300;CASILLA 5, QUILLOTA;;
VALPARAISO;;Fo;O;;05-471;16-06-2014;VIVERO SAN MANUEL;ANA DE LAS MERCEDES;MUÑIZ;ALVARADO;F;OREJA DE OSO;VIOLAS;CINERARIA;C;RUTA 60 HUERTO LAYQUEN KM. 18;19;289034;6356984;QUILLOTA;QUILLOTA;R;QUILLOTA; 1,0 ;33-2314372;CASILLA 79, QUILLOTA;;
VALPARAISO;;;O;;05-472;22-09-2009;VIVERO E.J.A.L.;ELIAS JOSUE ;ARAYA;LOPEZ;M;ORNAMENTALES;;;C;PARCELA N° 1 EX FUNDO SAN CARLOS;19;293705;6372377;QUILLOTA;NOGALES;R;QUILLOTA; 3,0 ;;AVENIDA 21 DE MAYO N° 2750, LA CRUZ;viverosejal@gmail.com;
VALPARAISO;;;O;;05-473;28-09-2009;EL CANELO;ROSA ERMINDA;BUGUEÑO;BARRAZA;F;BOUGAINVILLEA;JAZMIN;FLOR DE LA PLUMA;C;CAMINO LAS ROMASAS LOTE 2;19;292915;6377359;QUILLOTA;NOGALES;R;QUILLOTA; 1,0 ;;CALLE TRONCAL N° 7720, LA CRUZ;rosabugue@yahoo.com;
VALPARAISO;Ft;Fo;O;;05-474;28-09-2009;VIVERO RUCARAY;GLORIA DEL TRANSITO;ROJAS;CERDA;F;MEMBRILLO;MANZANO;OLIVO,PERAL;C;PARCELA N° 7 EL CAJON;19;288416;6352805;QUILLOTA;QUILLOTA;R;QUILLOTA; 1,0 ;2815856;PARCELA N° 7, EL CAJON, QUILLOTA;vivrucaray@hotmail.com;2815856
VALPARAISO;;;O;;05-475;28-09-2009;JARDIN TROPICAL ;OMAR PATRICIO;SAAVEDRA;LARRAIN;M;ASPLENIUM;FICUS;FILODENDRO, SCHEFFLERA;C;POCOCHAY S/N° PARCELAS B7 B4;19;293752;6365742;QUILLOTA;LA CRUZ;R;QUILLOTA; 3,5 ;33-315440;CASILLA 90, QUILLOTA;jardintropical.pocochay@gmail.com;33-315440
VALPARAISO;;;O;;05-476;15-09-2011;JARDIN BARRACITA SUCURSAL;MARCOS CARMELO;CISTERNAS;ROJAS;M;PELARGONIO;CLAVELINA;CYCLAMEN, CALA;C;MANUEL RODRIGUEZ N° 4118;19;300344;6366579;QUILLOTA;HIJUELAS;U;QUILLOTA; 0,3 ;;MANUEL RODRIGUEZ N° 4111 HIJUELAS;;
VALPARAISO;Ft;;;;05-478;01-10-2009;AGRICOLA VIVERO EL TREMENDO B;FREDDIE FERNANDO;CISTERNAS;HERNANDEZ;M;PALTO;MANDARINO;NARANJO;C;PARCELA N° 40 LOS CALEOS  EL MELON;19;293584;6385307;QUILLOTA;NOGALES;R;QUILLOTA; 3,0 ;;CALLE 5, SITIO N° 124, POBLACION BOLONIA, LA CRUZ;freddie_eltremendo@hotmail.com;
VALPARAISO;Ft;Fo;O;;05-480;01-10-2009;VIVERO SAN FRANCISCO SUCURSAL;BERTA ELENA ;VALDERRAMA;VERGARA;F;PETUNIA;LAVANDA;;C;PARCELA N° 7 EL CAJON DE SAN PEDRO;19;288447;6352819;QUILLOTA;QUILLOTA;R;QUILLOTA; 1,0 ;;CONDELL N° 1344, QUILLOTA;berta.valderrama@hotmail.com;
VALPARAISO;Ft;;;;05-481;01-10-2009;SOCIEDAD AGRICOLA VIVERO EL TREMENDO A;FREDDIE FERNANDO;CISTERNAS;HERNANDEZ;M;PALTO;LIMONERO;;C;PARCELA N° 40 LOS CALEOS  EL MELON;19;293755;6384915;QUILLOTA;NOGALES;R;QUILLOTA; 1,0 ;;CALLE 5, SITIO N° 124, POBLACIÓN BOLONIA, LA CRUZ;freddie_eltremendo@hotmail.com;33-320510
VALPARAISO;Ft;;O;V;05-482;01-10-2009;ESTERO VERDE;CESAR;URTUBIA;HENRIQUEZ;M;FRUTAL;ROSAL;LAVANDA;C;CARRETERA SAN MARTIN KM 63 S/N;19;343221;6357051;LOS ANDES;RINCONADA;R;LOS ANDES; 0,2 ;461265;CARRETERA SAN MARTIN KM 63;ch.esteroverde@gmail.com;
VALPARAISO;Ft;Fo;O;;05-483;01-10-2009;VIVERO EL RAYITO;GLADY DEL TRANSITO;MOLINA;JAMETT;F;YUCA;LAVANDA;STIPA, EUCALIPTUS, HIEDRA;C;CALLE AMTHOR N° 1854;19;292117;6369928;QUILLOTA;LA CALERA;R;QUILLOTA; 0,4 ;;CALLE AMTHOR N° 1854 LA CALERA;;
VALPARAISO;;;O;;05-485;01-10-2009;VIVERO OCOA LA CAPILLA;PEDRO ENRIQUE;ZAMORA;CEA;M;PAQUERETTE;DIMORFOTECA;GAZANIA, RUDA;C;SITIO N° 81 VISTA HERMOSA;19;304961;6364053;QUILLOTA;HIJUELAS;R;QUILLOTA; 0,2 ;;CALLE BELLAVISTA SITIO N°81  VISTA HERMOSA,HIJUELAS;;
VALPARAISO;;;O;;05-486;01-10-2009;FLORA ARIDA;LILLIAN ROSA;BUNSTER;REYES;M;PALMERA;QUILLAY;CACTUS;C;PARCELA N° 1 , LOTES 5 Y 6, LO LOPEZ, SAN ISIDRO;19;289647;6356830;QUILLOTA;QUILLOTA;R;QUILLOTA; 0,3 ;;CASILLA 544, QUILLOTA;lbunster@floraanda.cl   ;
VALPARAISO;Ft;Fo;O;;05-489;06-06-2014;VIVERO LA PALMA;UNIVERSIDAD  CATOLICA DE VALPARAISO;;;PJ;CITRICOS;PALTO;CEREZO;C;SAN FRANCISCO S/N° LA PALMA;19;293580;6358928;QUILLOTA;QUILLOTA;R;QUILLOTA; 3.6 ;32-2274542;CASILLA 4 D, QUILLOTA;alberto.cortez@ucv.cl;
VALPARAISO;;;O;;05-490;11-06-2012;VIVERO VIOPLANT V.M.N.;TAKESHI JENARO;KATO;CARDEMIL;M;GERBERA;VIOLETAS;PITOSPORO;C;PARCELA N° 24-A LOS LITRES;19;295553;6373936;QUILLOTA;NOGALES;R;QUILLOTA; 1,5 ; ;CASILLA 30, NOGALES;takekato17@gmail.com;
VALPARAISO;;;O;;05-491;01-10-2009;JARDIN SAN ENRIQUE;FERNANDO ADOLFO;TOLEDO;VALENZUELA;M;VERONICA;LAVANDA;LAURENTINA;C;PARCELA N° 82-A RABUCO;19;301946;6362621;QUILLOTA;HIJUELAS;R;QUILLOTA; 0,8 ;;VICENTE VALDES N° 383 LA FLORIDA, SANTIAGO;jardinsanenrique@entelchile.net;2-2867776
VALPARAISO;Ft;Fo;O;;05-492;18-05-2010;MULTIPLANT LTDA;MULTIPLANT LTDA;;;PJ;PETUNIA;FOSFORITO;VERONICA;C;FUNDO OJOS BUENOS, AVDA. LO NARVAEZ N° 6949;19;297880;6344787;MARGA MARGA;OLMUE;R;QUILLOTA; 18,0 ;33-442236;CASILLA N°20, OLMUE;juancarlos@multiplant.cl;33-442236
VALPARAISO;Ft;;O;;05-493;01-10-2009;VIVEROS HIJUELAS;VIVEROS HIJUELAS S.A;;;PJ;DRACENA;KUMCQUAT;YUCA, AZALEAS, POINSETTIA, PALO DE AGUA;C;RUTA 5 NORTE KM. 102;19;300844;6365539;QUILLOTA;HIJUELAS;R;QUILLOTA; 13,7 ;33-272725;CASILLA 19-D, QUILLOTA;ggooycolea@viveroshijuelas.cl;33-272799
VALPARAISO;Ft;;;;05-494;01-10-2009;EL LIBERTADOR;MANUEL BASILIO;SAAVEDRA;BALBONTIN;M;PALTO;NARANJO;LIMONERO;C;AVENIDA COLON S/N° BOCO;19;288645;6362584;QUILLOTA;QUILLOTA;R;QUILLOTA; 0,0 ;;PUDETO N° 824, QUILLOTA;;
VALPARAISO;Ft;Fo;O;V;05-495;01-10-2009;CITRUPAL;MIGUEL MARIO;ZAMORA;NAVIA;M;PALTO;NOGAL;LIGUSTRINO;C;AVENIDA ADRIAN N° 492 ARTIFICIO;19;294580;6372175;QUILLOTA;LA CALERA;U;QUILLOTA; 0,1 ;;VILLA RAPANUI, PASAJE TAMURE N° 1182 QUILLOTA;;
VALPARAISO;Ft;;O;;05-497;01-10-2009;LAS MARIANAS;MARIANA MAGALY;OSORIO;BEAS;F;SCHEFFLERA;;;C;MANUEL RODRIGUEZ S/N° CALLEJON EL NOGAL;19;301878;6365017;QUILLOTA;HIJUELAS;R;QUILLOTA; 0,1 ;;MANUEL RODRIGUEZ S/N°, PUNTA DE TORREJON CORREO HIJUELAS;;
VALPARAISO;;;O;;05-498;01-10-2009;PERLA DEL NORTE;FRANCISCO JAVIER;DURAN;MEZA;M;CACTUS Y SUCULENTAS;DRACENA;HIEDRA;C;AVENIDA ADRIAN N° 520 ARTIFICIO;19;294546;6372364;QUILLOTA;LA CALERA;U;QUILLOTA; 0,0 ;;AVENIDA ADRIAN N° 520 ARTIFICIO LA CALERA;;
VALPARAISO;;;O;;05-499;01-10-2009;EL PEUMO;AMALIA  DE LAS MERCEDES;TORRES ;MEZA;F;PAQUERETTE;CALA;CAREX;C;PARCELA N° 2 CASAS DE PUCALAN;19;292536;6376766;QUILLOTA;NOGALES;R;QUILLOTA; 0,5 ;;CALLE ARAUCANIA N°432, PASAJE PLAZA, POB LOS ALMENDROS, NOGALES;;
VALPARAISO;;;O;;05-502;01-10-2009;JARDIN LOS SOILING;YASNA ELIZABETH;CABRERA;GONZALEZ;F;PAPIRO;AGATEA;MUSGOS, MENTA;C;CALLEJON LOS SOILING;19;305278;6362728;QUILLOTA;HIJUELAS;R;QUILLOTA; 0,1 ;;CORREO HIJUELAS;conta.beatriz@gmail.com;33-272359
VALPARAISO;Ft;Fo;O;;05-503;22-09-2010;ARSI;JORGE LUIS ;FIGUEROA;ISAMIT;M;ROSAL;MIOSPORO;LIGUSTRINO;C;PARCELA N° 64 AVENIDA LOS LAURELES;19;282495;6350380;MARGA MARGA;LIMACHE;R;QUILLOTA; 0,0 ;;CALLE LOS TILOS N° 1978, QUILPUE;;
VALPARAISO;Ft;Fo;O;;05-504;22-10-2009;JARDIN LOS 3 HERMANOS;LUIS EDUARDO ;PACHECO;CHACANA;M;PALTO;FRUTILLA;LIMONERO,ROSAS;C;LA VICTORIA N° 12;19;272894;6354259;MARGA MARGA;LIMACHE;R;QUILLOTA; 0,2 ;;RUTA 60,PARQUE LA VICTORIA N° 12, LIMACHE;;
VALPARAISO;;;O;;05-506;14-01-2011;SAN EDUARDO;EDUARDO ANDRES;TORO;PEREZ;M;CARDENAL ;ALEGRIA DEL HOGAR;GAZANIA;C;PARCELA N° 7, LOTE 13, SECTOR LA VICTORIA;19;273200;6354304;MARGA MARGA;LIMACHE;R;QUILLOTA; 0,5 ;;CALLE GENERAL VELASQUEZ N° 1284, RENCA, SANTIAGO;eduardo76@live.cl;
VALPARAISO;;;O;;05-507;23-10-2009;SOMA;ERNESTO RENATO;MAFUCCI;SOLIMANO;M;MIOSPORO;;;C;PARCELA 32 -  LLIU LLIU;19;292953;6340742;MARGA MARGA;LIMACHE;R;QUILLOTA; 0,1 ;33-449162;PARCELA 32-34, LLIU-LLIU, LIMACHE;drmafu@hotmail.com;33-449162
VALPARAISO;;;O;;05-508;23-10-2009;VIVERO LOS ARBUSTOS;DANIEL RICARDO ANTONIO;OLMOS;OLIVARES;M;SCHEFFLERA;LAVANDA;ROSAL;C;PEDRO AGUIERRE CERDA LOTE 3 - 4;19;293850;6363359;QUILLOTA;LA CRUZ;R;QUILLOTA; 0,5 ;;SITIO N°20, SECTOR DON BOSCO, POCOCHAY, LA CRUZ;;
VALPARAISO;;;O;;05-510;15-12-2009;VIVERO DE PLANTAS ORNAMENTALES SAN JOSE;MARIA LORETO ;MONTENEGRO;GUILLON;F;STIPA;LAUREL DE FLOR;AGAPANTO, CAREX;C;CHACRA SAN JOSE, TUCAPEL N° 152;19;291417;6365130;QUILLOTA;LA CRUZ;R;QUILLOTA; 0,8 ;;AVENIDA 21 DE MAYO 4695, LA CRUZ;;
VALPARAISO;Ft;Fo;O;;05-511;15-12-2009;VIVERO MARIEL;HECTOR MARIEL ;RAMOS;LEIVA;M;CALA;AGAPANTO;STIPA,TUJA;C;RUTA 5 NORTE  KM. 120 PARC. 205 SITIO 2;19;293148;6380065;QUILLOTA;NOGALES;R;QUILLOTA; 0,1 ;;CORREO NOGALES;;
VALPARAISO;Ft;Fo;O;;05-512;15-12-2009;JARDIN AURI;AURISTELA DEL CARMEN;CASTILLO;AVILA;F;FRUTILLA;LIRIOS;AGATEA;C;SECTOR LOS LEONES SITO N° 1;19;290393;6342831;MARGA MARGA;LIMACHE;R;QUILLOTA; 0,3 ;;CASILLA 514, LIMACHE;;
VALPARAISO;;;O;;05-513;15-12-2009;RUNGUE;JAIME ANDRES;TAPIA ;CISTERNAS;M;PELARGONIO;;;C;CARRETERA F30 RUNGUE S/N°;19;274480;6379166;VALPARAÍSO;PUCHUNCAVI;R;QUILLOTA; 0,0 ;32-2771092;AVENIDA DEL MAR N° 1815, PUCHUNCAVI;chachua@chile.com;
VALPARAISO;;;O;;05-515;16-12-2009;VIVERO ALENJANDRA;OSVALDO ENRIQUE;MUÑOZ;LAGOS;M;SINGONIO;PELARGONIO;RAYITO DE SOL;C;PARCELA N° 57 - LOS LAURELES;19;283421;6349862;MARGA MARGA;LIMACHE;R;QUILLOTA; 0,8 ;;PARCELA N° 57, POSTE 86, SECTOR LOS LAURELES, LIMACHE;;
VALPARAISO;;;O;;05-516;16-12-2009;LOS HERMANOS;PATRICIA CAROLINA;GODOY;VARGAS;F;RAYITO DE SOL;VIOLAS;RUDA;C;PARCELA N° 52 A 1 LOS LAURELES;19;283767;6349643;MARGA MARGA;LIMACHE;R;QUILLOTA; 0,0 ;;CORREO LIMACHE;;
VALPARAISO;;;;V;05-518;08-01-2010;SAN NICOLAS;AURELIO;SAN NICOLAS;ROSIQUE;M;VID;;;A;PARCELA  28 EL CASTILLO;19;345170;6359801;LOS ANDES;CALLE LARGA;R;LOS ANDES; 1,0 ;462767;EL CASTILLO S/N PARCELA 35;;
VALPARAISO;;;O;;05-520;14-07-2010;AGROFAM;SOCIEDAD AGRICOLA Y COMERCIAL LA FAMILIA LTDA;;;PJ;ROSAL;;;C;HUERTO LOS NOGALES - LOS LAURELES;19;286791;6348306;MARGA MARGA;LIMACHE;R;QUILLOTA; 0,8 ;;CALLE 5 ORIENTE N° 428, VIÑA DEL MAR;;
VALPARAISO;;Fo;O;;05-521;15-01-2010;EL ROBLE;EL ROBLE PRODUCCION Y COMERCIALIZACION DE ARBOLES Y PLANTAS Y FLORES WALTR PEREZ E.I.R.L;;;PJ;QUILLAY;ALGARROBO;QUILO, COLLIGUAY, HUINGAN, BOLLEN, PALMA ;C;AVENIDA PRINCIPAL  S/N° PACHACAMITA;19;296811;6367382;QUILLOTA;LA CALERA;R;QUILLOTA; 0,3 ;;CORREO LA CALERA;;
VALPARAISO;;;O;;05-522;15-01-2010;NUEVO AMANECER;MAURICIO ANDRES;COLLAO;ARREDONDO;M;DIMORFOTECA;HORTENSIA;PAQUERETTE;C;CHEPICA S/N°;19;297374;6368201;QUILLOTA;HIJUELAS;R;QUILLOTA; 0,1 ;;CALLEJON 4 ESQUINAS N° 376,HIJUELAS;macollao12@yahoo.es;
VALPARAISO;;;O;;05-523;05-03-2010;CACTUS-ALVARALTO;INGRID CARMEN;SCHAUB;ALBERTZ;F;CACTUS;;;C;LOS POTRERILLOS / LAS PALMAS;19;307988;6346311;MARGA MARGA;OLMUE;R;QUILLOTA; 0,5 ;33-441867;AVENIDA KENNEDY 5428/73, VITACURA, SANTIAGO;info@cactusalvaralto.cl;
VALPARAISO;Ft;Fo;O;;05-524;17-03-2010;BELFLORA;GONZALO RICARDO;BELTRAN;REPETTO;M;RAYITO DE SOL;HIEDRA;LIGUSTRINO;C;PARCELA Nº 28, LAS GAVIOTAS;19;270670;6355530;VALPARAÍSO;QUINTERO;R;QUILLOTA; 0,5 ;32-2810810;CASILLA 5117, REÑACA. AV .BORGOÑO N° 13955, LOCAL 4, REÑACA, VIÑA DEL MAR;;
VALPARAISO;Ft;Fo;O;;05-525;17-03-2010;LEYLANDII;EDITH DEL CARMEN ;COVARRUBIAS;TORO;F;HELECHO;CALA;CACTUS;C;LOS CERCOS N° 1 LA PALMA;19;293645;6359884;QUILLOTA;QUILLOTA;R;QUILLOTA; 0,5 ;;LOS CERCOS N° 1, LA PALMA,QUILLOTA;pato.roga@gmail.com;
VALPARAISO;Ft;;O;;05-527;18-03-2010;GARDEN POINT;MARÍA PAZ;MAGGI;FERNÁNDEZ;F;ROSAL;VERONICA;CIPRES;C;FUNDO COLMITO S/N. CONCÓN;19;268966;6353677;VALPARAÍSO;CONCÓN;R;VALPARAÍSO; 0,4 ;2811215;NO TIENE;maggipaisajismo@gmail.com;2811215
VALPARAISO;Ft;;;;05-528;18-03-2010;VIVERO FALL CREEK CHILE LTDA;VIVEROS HIJUELAS S.A;;;PJ;ARÁNDANO;;;C;MANUEL RODRIGUEZ N° 5300;19;301815;6364386;QUILLOTA;HIJUELAS;R;QUILLOTA; 3,7 ;33-272725;CASILLA 19-D, QUILLOTA;;
VALPARAISO;Ft;Fo;O;V;05-529;06-06-2014;VIVERO LOS ALAMOS;VIOLETA GLADYS;QUIROZ;CARRASCO;F;VID;PALTO;DRACENA;C;CARRETERA F30/E EL RUNGUE - MAITENCILLO;19;274349;6380275;VALPARAÍSO;PUCHUNCAVI;R;QUILLOTA; 0,3 ;;RUTA F -30, LOTE 10, EL RUNGUE, PUCHUNCAVI;any.1899@gmail.com ;
VALPARAISO;;;O;;05-531;26-03-2010;VIVEROS HIJUELAS S.A;VIVEROS HIJUELAS S.A;;;PJ;DRACENA;HIBISCO;LEPTOSPERMO, STIPA;C;PREDIO LA VEGA Y LOS GAETES RUTA 5 KM. 101;19;301896;6364526;QUILLOTA;HIJUELAS;R;QUILLOTA; 6,0 ;33-272725;CASILLA 19-D, QUILLOTA;ggooycolea@viveroshijuelas.cl;33-272799
VALPARAISO;Ft;;O;;05-534;16-04-2010;EL QUEBRACHO;ROBERTO ERNESTO ;TRUCCO;RAGGI;M;CHIRIMOYO;;;A;FUNDO EL BELLOTO;19;295626;6363022;QUILLOTA;LA CRUZ;R;QUILLOTA; 0,0 ;33-316556;CALLE EL BELLOTO N° 132, POCOCHAY, LA CRUZ;robertotrucco@hotmail.com;
VALPARAISO;;;O;;05-535;29-04-2010;AGRICOLA GALEOTTI;LEONARDO LUIS;OFFREDI;GALEOTTI;M;CLAVEL;;;A;PARCELA N° 43, PULLALLY;19;279790;6408852;PETORCA;PAPUDO;R;PETORCA; 0,5 ;33-714047;PARCELA 43, PULLALLY, PAPUDO;AGRICOLAGALEOTTILTDA@GMAIL.COM;33-711269
VALPARAISO;Ft;Fo;O;;05-536;14-05-2010;JIRO PLANTAS;EDUARDO JIRO ;SONE;CISTERNAS;M;FRUTILLA;GAZANIA;CLAVELINA;C;PARCELA 281, VILLA LA PEÑA;19;296781;6375048;QUILLOTA;NOGALES;R;QUILLOTA; 3,5 ;;CORREO , LA CALERA;jirosone@gmail.com;
VALPARAISO;Ft;Fo;O;;05-539;08-06-2010;SOL NACIENTE;JORGE EDUARDO ;BARRERA;AROS;M;LIMONERO;ALMENDRO;DURAZNERO;C;CARRETERA F-30-E;19;274164;6380861;VALPARAÍSO;PUCHUNCAVI;R;QUILLOTA; 1,0 ;32-2772371;CALLE CARLOS LEON BRICEÑO Nº 600, LAGUNA, PUCHUNCAVI;eduardobarrera14@gmail.com;
VALPARAISO;;Fo;O;;05-540;22-06-2010;LA PORTADA;CLAUDIA MARIANA;CASTILLO;SANCHEZ;F;CACTÁCEAS;CRASAS;;C;LA PORTADA N° 201 EL QUISCO NORTE;19;249813;6303861;SAN ANTONIO;EL QUISCO;U;SAN ANTONIO; 0,1 ;;LA PORTADA N° 201 EL QUISCO NORTE;miss.castillo@hotmail.com;
VALPARAISO;Ft;Fo;O;V;05-542;29-06-2012;VIVERO FLORAVELZ;MARJORIE SILVANA ;VELIZ;MUÑOZ;F;CINERARIA;CRATEGUS;AGERANTEMO, OSTEOSPERMO, LAVANDA;C;PARCELA 16 PARCELACION LA FORTUNA POCOCHAY;19;292574;6363590;QUILLOTA;LA CRUZ;R;QUILLOTA; 2,6 ;33-320954;CASILLA 33 LA CRUZ;marjoveliz@hotmail.com;33-320954
VALPARAISO;Ft;;;V;05-543;24-06-2010;SANTA KARINA;FLORINDO MARCELO;GONZALEZ;BASUALDO;M;VID;;;C;PARCELA 5 EL LUCERO SEVERO VARGAS;19;350685;6370360;LOS ANDES;SAN ESTEBAN;R;LOS ANDES; 2,0 ;;TOCORNAL LAS CADENAS S/N;;
VALPARAISO;;Fo;O;;05-544;16-06-2014;JARDIN LOS AROMOS( SUCURSAL QUILLOTA);MANUEL JESUS BUSTOS VELIS;BUSTOS;VELIS;M;PAPIRO;PITOSPORO ;NIGRIGAN;C;HUERTO LLAYQUEN LOTE 1;19;288643;6356867;QUILLOTA;QUILLOTA;R;QUILLOTA; 3,0 ;;CASILLA 5172 CON CON;mbustoslosaromos@gmail.com;
VALPARAISO;Ft;;;;05-546;15-07-2010;VIVEROS NEFUEN;HAZELNUT MARKETING CO;;;PJ;AVELLANO;;;C;PNAMERICANA NORTE KM 102;19;301251;6365674;QUILLOTA;HIJUELAS;R;QUILLOTA; 4,3 ;33-272725;CASILLA 19-D,QUILLOTA;ggooycolea@viveroshijuelas.cl;33-272799
VALPARAISO;Ft;Fo;O;;05-548;27-07-2010;VIVERO SAN FRANCISCO;BERTA ELENA ;VALDERRAMA;VERGARA;F;PENSAMIENTO; OSTEOSPERMO;AGERANTEMO;C;PARCELA 12 B POCOCHAY;19;293693;6363535;QUILLOTA;LA CRUZ;R;QUILLOTA; 0,5 ;33-252632;PARCELA 12 B POCOCHAY;berta.valderrama@hotmail.com;
VALPARAISO;;Fo;O;;05-549;02-08-2010;CACTARIO MARCELO ANTONIO;AMELIA;VELASQUEZ;URRA;F;CACTÁCEAS;;;C;LAS ROSAS N° 94 LO ABARCA;19;263782;6287930;SAN ANTONIO;CARTAGENA;R;SAN ANTONIO; 0,1 ;;LAS ROSAS N° 94 LO ABARCA;;
VALPARAISO;;;O;;05-552;22-09-2010;CRIADERO DE PLANTAS EL TALHUEN LTDA.;AGRICOLA EL TALHUEN LTDA;;;PJ;JAZMIN;BOUGAINVILLEA;FLOR DE LA PLUMA;C;TRONCAL N° 7710;19;292041;6367981;QUILLOTA;LA CRUZ;R;QUILLOTA; 0,7 ;33-321592;CAMINO TRONCAL Nº 7710;superyoyita@gmail.com;33-228121
VALPARAISO;Ft;Fo;;V;05-553;19-10-2010;VIVERO SANTA MARIA;VIVERO SANTA MARIA LIMITADA;;;PJ;VID;NOGAL;;C;AUTONOMIA 502;19;343898;6374434;SAN FELIPE DE ACONCAGUA;SANTA MARIA;U;SAN FELIPE; 2,0 ;582235;AUTONOMIA 502;;
VALPARAISO;Ft;Fo;O;V;05-554;19-10-2010;SONE MERICROM&RESEARCH LABORATORY S.A;SONE MERICROM&RESEARCH LABORATORY S.A;;;PJ;AVELLANO;ARÁNDANO;CALA;C;RUTA 5 NORTE KM. 102 CHACRA EL CARMEN LOTE B;19;301036;6365667;QUILLOTA;HIJUELAS;R;QUILLOTA; 1,0 ;33-273035;CASILLA 19-D, QUILLOTA;psone@smrl.cl;33-273034
VALPARAISO;Ft;;O;V;05-555;22-10-2010;VIVERO LAS CAMELIAS;GLADYS DEL CARMEN;FAJARDO;CADIZ;F;FRUTAL;CAMELIA;FICUS;C;REYES  981;19;353281;6370124;LOS ANDES;SAN ESTEBAN;R;LOS ANDES; 0,5 ;484155;REYES N° 981, SAN ESTEBAN;;
VALPARAISO;;;O;;05-556;22-10-2010;AGRO PLANT;TRIDAY LTDA;;;PJ;CLAVEL;GERBERA;;C;PARCELA Nº 5 POCOCHAY;19;293622;6363363;QUILLOTA;LA CRUZ;R;QUILLOTA; 0,5 ;33-312479;CASILLA Nº 87 LA CRUZ;jtriday@vtr.net;
VALPARAISO;Ft;Fo;O;;05-557;07-11-2014;VIVERO LAS PALMAS;JUAN ANTONIO ;BERNALES;VICENCIO;M;PALTO;LIMONERO;QUILLAY;C;LAS PALMAS, LA OLLA S/N;19;305499;6344714;MARGA MARGA;OLMUE;R;QUILLOTA; 0,1 ;;LAS PALMAS, EL LLANO S/N°;juanantonio.bernales@hotmail.com;
VALPARAISO;;Fo;O;;05-558;05-11-2010;ALTO LAS FLORES;ENRIQUE ERNESTO ;ACOSTA;GEORGES;M;BOJ;LAVANDA;MELISSA;C;PARCELA N° 16- LOS LAURELES;19;282919;6350260;MARGA MARGA;LIMACHE;R;QUILLOTA; 1,2 ;;LOS LAURELES  PARCELA 16 POSTE 95;;
VALPARAISO;;Fo;O;;05-559;08-11-2010;PARQUE MUNICIPAL ACONCAGUA;ILUSTRE MUNICIPALIDAD DE QUILLOTA;;;PJ;QUILLAY;PALMERA;BELLOTO;C;LA CONCEPCION N° 1600;19;288501;6359926;QUILLOTA;QUILLOTA;U;QUILLOTA; 0,5 ;33-291279;LA CONCEPCION N° 1600, QUILLOTA;aseoyornato@quillota.cl;33-291279
VALPARAISO;Ft;;;V;05-562;11-11-2010;AGRICOLA EL RETORNO;AGRICOLA EL RETORNO S.A.;;;PJ;VID;;;A/C;FUNDO SAN JULIO, JAHUEL S/N;19;346980;6379084;SAN FELIPE DE ACONCAGUA;SANTA MARIA;R;SAN FELIPE; 1,0 ;343048;FUNDO SAN JULIO, JAHUEL S/N;;
VALPARAISO;;;O;;05-563;16-11-2010;SAN SEBASTIÁN;MARCOS ANTONIO;TAPIA;ALVARADO;M;ALEGRÍA DEL HOGAR;RAYITO DE SOL;PETUNIA;C;BELLAVISTA N° 700. QUEBRADA ESCOBARES;19;283763;6340651;MARGA MARGA;VILLA ALEMANA;R;VALPARAÍSO; 0,4 ;;NO TIENE;mako6922@hotmail.com;
VALPARAISO;;;O;;05-564;16-11-2010;TAVAS;GONZALO SEBASTIÁN;TAPIA;ALVARADO;M;CALA;HORTENSIA;RAYITO DE SOL;C;BELLAVISTA N° 730. QUEBRADA ESCOBARES;19;283787;6340577;MARGA MARGA;VILLA ALEMANA;R;VALPARAÍSO; 0,4 ;;NO TIENE;gonzalo.tapia.a@hotmail,com;
VALPARAISO;Ft;Fo;O;;05-565;07-12-2010;VIVERO CAMPERO;GARY ABDÓN ;PALMA;PALMA;M;LIMONERO;NARANJO;TIPANIE;C;MANUKENA S/N;12;654610;6994785;ISLA DE PASCUA;ISLA DE PASCUA;U;RAPA NUI; 0,0 ;2100466;MANUKENA S/N;gary.app@hotmail.com;
VALPARAISO;;;O;;05-567;07-12-2010;VIVEROS MAPU-KARÜ;PEDRO JUAN ;DONOSO;FABRES;M;ALEGRÍA DEL HOGAR;PENSAMIENTO;SCHEFFLERA;C;PARCELA N° 18 LOS AROMOS A;19;300526;6367053;QUILLOTA;HIJUELAS;U;QUILLOTA; 0,5 ;;MANUEL RODRIGUEZ 3601, HIJUELAS;;
VALPARAISO;;;O;;05-568;07-12-2010;VIVERO MAPU KARÜ 2;PEDRO JUAN ;DONOSO;FABRES;M;SCHEFFLERA;;;C;CALLEJON EL CULTO N° 217;19;300787;6367168;QUILLOTA;HIJUELAS;U;QUILLOTA; 0,1 ;;MANUEL RODRIGUEZ 3601, HIJUELAS;;
VALPARAISO;;;O;;05-569;10-12-2010;VIVERO SONE;SONE S.A;;;PJ;PANSY;GERBERA;;C;PANAMERICANA NORTE KM. 107- PARCELA N° 40 PROYECTO PARCELACION LOS AROMOS;19;298071;6369500;QUILLOTA;HIJUELAS;R;QUILLOTA; 1,0 ;33-271169;CASILLA 8-D, QUILLOTA;info@sone.cl;
VALPARAISO;;;O;;05-571;20-12-2010;LA PALMERA;JORGE ANTONIO ;VIAL;DIAZ;M;HELECHO;SCHEFFLERA;;C;PEDRO AGUIERRE CERDA PARCELA 6A LOTE 1;19;293759;6363264;QUILLOTA;LA CRUZ;R;QUILLOTA; 0,4 ;;PEDRO AGUIERRE CERDA PARCELA 6A LOTE 1;;
VALPARAISO;;;O;;05-572;20-12-2010;JARDIN FUCSIAS;PATRICIO EXEQUIEL;BERNALES;CUEVAS;M;FUCSIA;BROMELIA;CALA;C;EXCHACRA ACONCAGUA, SANTA ROSA S/N°;19;292148;6370128;QUILLOTA;LA CALERA;R;QUILLOTA; 0,2 ;;SANTA ROSA S/N, LA CALERA;;
VALPARAISO;Ft;;O;;05-573;14-01-2011;SOCIEDAD AGRICOLA CATAPILCO LIMITADA;SOCIEDAD AGRICOLA CATAPILCO LIMITADA;;;PJ;ARÁNDANO;;;C;PARCELA N° 20, LOS TILOS DE HUALCAPO;19;304255;6357873;QUILLOTA;HIJUELAS;R;QUILLOTA; 20,5 ;33-272725;CASILLA 13-D, QUILLOTA;catapilco@gmail.com;
VALPARAISO;;Fo;O;;05-574;14-01-2011;ACUATICAS;ROSEMARIE INGRID ;ULRICH;BUGGE;F;PLANTAS ACUATICAS;PAPIRO;CAREX;C;JULIO PIZARRO S/N°, BOCO;19;286027;6362405;QUILLOTA;QUILLOTA;R;QUILLOTA; 1,0 ;;LA GLORIA 27 DEPARTAMENTO 38, LAS CONDES, SANTIAGO;rubugge@yahoo.com;
VALPARAISO;;;O;;05-575;14-01-2011;DISYS;MARIA LUISA ;TORRES ;BULNES;F;CACTUS;;;C;AVENIDA ANGAMOS N° 587;19;289915;6343482;MARGA MARGA;LIMACHE;R;QUILLOTA; 0,1 ;33-414849;AVENIDA ANGAMOS 587, LIMAVHE;originallanga@hotmail.com;33-414849
VALPARAISO;;;O;;05-577;17-01-2011;EL TREBOL;LAUREANO ENRIQUE ;SALAZAR;MANZO;M;HORTENSIA;LAVATERA;COPROSMA;C;CAMINO ANTIGUO S/N LA LAGUNA;19;272575;6385849;VALPARAÍSO;PUCHUNCAVI;R;QUILLOTA; 0,1 ;2771264;CORREO,PUCHUNCAVI;;
VALPARAISO;Ft;;O;;05-578;19-01-2011;SANTA ADRIANA;ADRIANA FLORENTINA;SAGREDO;CASTILLO;F;PALTO;LIMONERO;FRAMBUESO;C;PDREDIO LA CASA-HIJUELA A;19;303817;6341275;MARGA MARGA;OLMUE;R;QUILLOTA; 0,0 ;;PEDRO DE ALVARADO 50;saas@vtr.net;
VALPARAISO;;Fo;;;05-579;19-01-2011;LA PALMA CHILENA;ROBERTO ALBERTO JOAQUIN ;CAMPOS;CAMPOS;M;PALMA CHILENA;;;C;EL LLANO S/N°- SECTOR LAS PALMAS;19;305224;6345015;MARGA MARGA;OLMUE;R;QUILLOTA; 0,1 ;;CORREO, LIMACHE;;
VALPARAISO;;;O;;05-580;20-01-2011;LOS GEMELOS;RENE WASHINGTON;VILCHES;RODRIGUEZ;M;VERONICA;AGERANTEMO;TAGETE;C;SITIO 33 - EL CAJON DE SAN PEDRO;19;287823;6352554;QUILLOTA;QUILLOTA;R;QUILLOTA; 0,6 ;;SITIO 33- EL CAJON DE SAN PEDRO, QUILLOTA;;
VALPARAISO;Ft;;;;05-581;31-01-2011;SAN LUCAS;AGRICOLA LOS PALTOS LIMITADA;;;PJ;GRANADO;;;C;HIJUELA 4 LOTE 25 B, SANTA JULIA;19;300859;6426063;PETORCA;PETORCA;R;PETORCA; 0,4 ;98216007;PRESIDENTE RIESCO 3493, SANTIAGO;RPRIETO@TEMPREZA.CL;
VALPARAISO;;;O;;05-583;10-01-2014;EL REMOLINO;NANCY DE LAS MERCEDES;BRIONES;FARFAN;F;LAVANDA;;;C;CALLE PRINCIPAL  SITIO 95 LOTE G;19;302312;6363346;QUILLOTA;HIJUELAS;R;QUILLOTA; 0,1 ;;V.C ALVAREZ N° 209 RABUCO, HIJUELAS;BRIONES.NANCYF@GMAIL.COM;
VALPARAISO;;Fo;O;;05-584;16-02-2011;ALMACIGUERA QUILLOTA;SERGIO GABRIEL ;VILLARROEL;CRUZ;M;LISIANTHUS;GERBERA;AGERANTEMO;C;PARCELA EL CEIBO A, CAMINO TRONCAL 4145;19;286500;6355044;QUILLOTA;QUILLOTA;R;QUILLOTA; 0,5 ;;PUDETO N° 119, QUILLOTA;svillarroel@almaciguera.cl;
VALPARAISO;;Fo;O;;05-585;16-02-2011;JARDIN SAN ENRIQUE;SOC. TOLEDO LEIVA LTDA;;;PJ;ROBLE;PEUMO;LIQUIDAMBAR, LAVANDA;C;CALLEJON EL MOLINO;19;301490;6363207;QUILLOTA;HIJUELAS;R;QUILLOTA; 2,0 ;2-2854475;V.VALDES 383, LA FLORIDA, SANTIAGO;jardinsanenrique@entelchile.net;2-2867776
VALPARAISO;Ft;Fo;O;;05-586;02-03-2011;RODRIGO;RODRIGO ANDRES;SAAVEDRA;LOPEZ;M;FRUTILLA;CACTUS;LIGUSTRINO, ACACIO;C;MANUEL RODRIGUEZ N° 6997;19;302610;6364767;QUILLOTA;HIJUELAS;R;QUILLOTA; 0,3 ;;CALLE MANUEL RODRIGUEZ N° 6997, HIJUELAS;;
VALPARAISO;Ft;;;V;05-589;10-03-2011;SAN CARLOS DE LAS MASAS;AGRIFRUT COMERCIAL LTDA;;;PJ;VID;;;A/C;FUNDO SAN CARLOS, LAS PEÑAS;19;320332;6358422;SAN FELIPE DE ACONCAGUA;LLAY LLAY;R;SAN FELIPE; 1,0 ;611239;ISIDORA GOYNECHEA, LAS CONDES;;
VALPARAISO;;;O;;05-590;11-03-2011;KOEN;SOCIEDAD VIVEROS KOEN LTDA;;;PJ;OREJA DE OSO;BEGONIA;GAZANIA, PENSAMIENTO;C;PARCELA N° 20- LOS TILOS;19;304255;6357873;QUILLOTA;HIJUELAS;R;QUILLOTA; 1,3 ;33-272725;CASILLA 8-D, QUILLOTA;jirosone@gmail.com;33-272729
VALPARAISO;Ft;;;;05-591;31-03-2011;VIVERO HUERTO CALIFORNIA;SOCIEDAD AGRICOLA LAS VERTIENTES LTDA;;;PJ;PALTO;MANDARINO;LIMONERO,NARANJO;C;PARCELA EL TRANQUE;19;292885;6356583;QUILLOTA;QUILLOTA;R;QUILLOTA; 5,0 ;;MIRAFLORES 489, VIÑA DEL MAR;carloswilhelmy@123.cl;
VALPARAISO;Ft;Fo;O;;05-592;01-07-2010;AFLORALUZ;GUADALUPE DE LAS MERCEDES;HERNANDEZ ;PEREZ;F;VIOLETA DE PERSIA;PAQUERETTE;PENSAMIENTO;C;AV. PABLO ROMERO S/N LO ABARCA;19;263723;6287971;SAN ANTONIO;CARTAGENA;R;SAN ANTONIO; 0,1 ;;AV. PABLO ROMERO S/N LO ABARCA;afloraluz@hotmail.com;
VALPARAISO;Ft;Fo;O;;05-593;18-04-2011;VIVERO LOS GRANEROS;SOC. AGRICOLA LOS GRANEROS LTDA;;;PJ;PALTO;MACROPHILLA;ROMERO;A;FUNDO LOS GRANEROS, LOS MOLINOS S/N;19;308179;6413364;PETORCA;CABILDO;R;PETORCA; 0,8 ;33-761152;FUNDO LOS GRANEROS, LOS MOLINOS S/N;AGRICOLALOSGRANEROS@GMAIL.COM;33-761152
VALPARAISO;;;O;;05-594;18-04-2011;ANDREA GALLARDO;ANDREA DE LOS ANGELES;GALLARDO;SALAZAR;F;AZALEA;FICUS;SPATHIPHYLLUM;C;PARCELA D, CHEPICA S/N°;19;297630;6368785;QUILLOTA;HIJUELAS;R;QUILLOTA; 1,0 ;33-272771;CASILLA 62, LA CALERA;floriterra@floriterra.cl;
VALPARAISO;Ft;Fo;O;;05-595;27-04-2011;INVERNACACTUS;ROBERTO MAURICIO ;LEON;CORTES;M;CACTUS Y SUCULENTAS;LIGUSTRINA;DIMORFOTECA, PAQUERETTE;C;SITIO N° 47, LA FEBRE, OCOA;19;305763;6364176;QUILLOTA;HIJUELAS;R;QUILLOTA; 0,1 ;;CALLE SALVADOR N° 1372, LA CALERA;rmauricio3@hotmail.com;
VALPARAISO;;;O;;05-596;27-04-2011;VIVERO EL LAUREL;LUISA DEL CARMEN ;SANCHEZ;DURAN;F;MENTA;HIEDRA;LAVANDA, LAUREL DE FLOR;C;LOS PERALES SITIO 21-H;19;301845;6361909;QUILLOTA;HIJUELAS;R;QUILLOTA; 0,0 ;;CORREO , LA CALERA;;
VALPARAISO;Ft;;O;V;05-597;27-04-2011;JARDIN ROSITA;ADELA;CORTEZ;CORTEZ;F  ;ORNAMENTALES;;;C;SAN ROQUE S/N, CAMINO TRONCAL;19;324160;6369934;SAN FELIPE DE ACONCAGUA;PANQUEHUE;R;SAN FELIPE; 0,5 ;;SAN ROQUE S/N   ;;
VALPARAISO;Ft;;O;V;05-599;20-06-2011;SONE RANCHO 7;SONE S.A.;;;PJ;ORNAMENTALES;;;C;PARCELA 9 SAN CAYETANO;19;316227;6363702;SAN FELIPE DE ACONCAGUA;LLAY LLAY;R;SAN FELIPE; 1,0 ;33-271169;CASILLA 13-D HIJUELAS;;
VALPARAISO;Ft;;;;05-600;20-06-2011;AGRICOLA PURUTUN;AGRICOLA PURUTUN LTDA;;;PJ;KIWI;TOMATE;PIMENTON;A;FUNDO EL LITRE PANAMERICANA NORTE KM. 114;19;294323;6374077;QUILLOTA;NOGALES;R;QUILLOTA; 0,5 ;33-281127;CASILLA 8;alvarobascunan@bhnchile.cl;33-281952
VALPARAISO;Ft;Fo;O;;05-601;08-07-2001;DANGI;JORGE FEDERICO;VASQUEZ;SOTOMAYOR;M;BOUGAINVILLEA;LAVANDA;THUMBERGIA;C;PARCELA 196-A - LA PEÑA;19;295085;6372726;QUILLOTA;NOGALES;R;QUILLOTA; 0,2 ;;CALLE LARGA 196-A LA PEÑA;;
VALPARAISO;;;O;;05-602;08-07-2011;SANTA TERESITA;SOCIEDAD SANTA TERESITA LIMITADA;;;PJ;OREJA DE OSO;VIOLAS;RANUNCULO, PRIMULA;A;PARCELA 90 BARRIO ALTO - RABUCO - OCOA;19;300958;6362637;QUILLOTA;HIJUELAS;R;QUILLOTA; 0,5 ;33-222198;CAUPOLICAN N° 1098 - LA CALERA;;
VALPARAISO;;Fo;O;;05-603;15-07-2011;LAS ROSAS;ROSA ANGELINA;COLLAO;OLMOS;F;FILODENDRO;ROSAL;GERBERA, CALA;A/C;PARCELA 62 DON BOSCO - POCOCHAY;19;293905;6362873;QUILLOTA;LA CRUZ;R;QUILLOTA; 1,5 ;33-214759;CASILLA 82 - CORREO LA CRUZ;;33-314759
VALPARAISO;;Fo;O;;05-605;04-08-2011;AGRICOLA VITAFLOR;AGRICOLA MARIA CATALINA BARROS MARIN EIRL;;;PJ;SEDUM;QUILLAY;PROTEAS, LAVANDA;C;PARCELA 16 LT 2 CAMINO ROMERAL 1800, HIJUELAS;19;303960;6365468;QUILLOTA;HIJUELAS;R;QUILLOTA; 1,0 ;33-271380;CASILLA 22 , HIJUELAS;a.vitaflor@gmail.com;
VALPARAISO;;Fo;O;V;05-606;04-08-2011;V. LLAY LLAY;CORPOR NACIONAL FORESTAL;;;PJ;FORESTAL;;;A/C;CALLE EL SALITRE S/N;19;317655;6363968;SAN FELIPE DE ACONCAGUA;LLAY LLAY;U;SAN FELIPE; 0,5 ;509966;TOCORNAL 48 SAN FELIPE;;
VALPARAISO;;;O;;05-608;08-08-2011;"VIVERO ""EL CHINCOL""";JOSE JESUS;JELDES;CAMPILLAY;M;OREJA DE OSO;RAYITO DE SOL;GAZANIA, PENSAMIENTO, RUDA;C;VIA LOCAL S/N° V 5, ENLACE EL ROMERAL, PUNTA DE TORREJON;19;302017;6363946;QUILLOTA;HIJUELAS;R;QUILLOTA; 0,3 ;;MANUEL RODRIGUEZ N° 3040 - HIJUELAS;josejeldes@hotmail.com;
VALPARAISO;;;O;;05-611;17-08-2011;LAS ACACIAS;SOCIEDAD AGRICOLA LAS ACACIAS LTDA;;;PJ;CLAVEL;;;C;PARCELA 3, EX FUNDO SANTA HERMINIA;19;296241;6371891;QUILLOTA;LA CALERA;R;QUILLOTA; 5,0 ;;CASILLA 110 LA CALERA;agrolasacacias@gmail.com;
VALPARAISO;;;O;;05-612;12-08-2011;DON LEO;HAROLDO ENRIQUE ;CENA;LEON;M;OREJA DE OSO;DRACENA;LIGUSTRINO, DIMORFOTECA;C;SITIO N° 25 - MAITENES DE OCOA;19;303255;6363679;QUILLOTA;HIJUELAS;R;QUILLOTA; 0,0 ;;DOLORES ECHEVERRÍA N° 25 VILLA SAN FERNAN N° 24, HIJUELAS;;
VALPARAISO;Ft;Fo;O;V;05-613;16-08-2011;J YUGRAN 1;ALAMIRO;HERRERA;CALDERON;M;FRUTAL;;;C;TOCORNAL 9122;19;342585;6373506;SAN FELIPE DE ACONCAGUA;SANTA MARIA;R;SAN FELIPE; 0,8 ;583249;TOCORNAL 9122 SANTA MARIA;;
VALPARAISO;;;;V;05-614;16-08-2011;V MONCURI;INVERSIONES MONCURI S.A.;;;PJ;FRUTAL;VID;;A;CAMINO DEL INCA S/N;19;341936;6371588;SAN FELIPE DE ACONCAGUA;SAN FELIPE;U;SAN FELIPE; 1,0 ;531002;CASILLA 31 SAN FELIPE;fundolascasas@moncuri.cl;
VALPARAISO; ;Fo;O;;05-616;25-08-2011;VIVERO DE PLANTAS ORNAMENTALES SAN JOSE;MARIA LORETO ;MONTENEGRO;GUILLON;F;PATAGUA;BOUGAINVILLEA;RUTH;C;LOTE B1 Y B2A DE PARCELA 3 DE LA COLONIA, POCOCHAY;19;293270;6363492;QUILLOTA;LA CRUZ;R;QUILLOTA; 4,5 ;33-356600;CASILLA 235, LA CALERA;;33-356061
VALPARAISO;Ft;;;;05-617;01-03-2013;DOÑA LAURA;LAURA ;YAÑEZ;BARRERA;F;NOGAL;;;C;CALLE REYES 1358 LOTE 2;19;352810;6368248;LOS ANDES;SAN ESTEBAN;U;LOS ANDES; 0,5 ;34-421831;ALGARROBO 1319 V. EL BERMETO - LOS ANDES;laurayanezb@gmail.com;
VALPARAISO;Ft;Fo;O;;05-618;26-10-2011;SIEMPRE VERDE;MIRTHA ALEJANDRA ;OLIVARES;REBOLLEDO;F;PALTO;NARANJO;CRATEGUS, DRACENA, PALMERA;C;LA PUNTILLA N° 510, LOTE 1-B, LA CRUZ;19;292537;6362162;QUILLOTA;LA CRUZ;R;QUILLOTA; 0,5 ;;CORREO LA CRUZ;;
VALPARAISO;;Fo;O;;05-620;29-11-2011;SAN JUAN;ANA LUISA ;MARTINEZ;CARREÑO;F;PAQUERETTE;IRESINE;PENSAMIENTO;C;AV. SAN JUAN N°3749;19;260072;6275167;SAN ANTONIO;SAN ANTONIO;R;SAN ANTONIO; 0,1 ;;AV. SAN JUAN N°3749;;
VALPARAISO;Ft;Fo;O;V;05-621;28-11-2011;RODRY FRUT;RODRIGO;GALDAMEZ;LOPEZ;M;FRUTAL;DURAZNERO;;C;CALLE IRARRAZABAL S/N;19;344254;6374232;SAN FELIPE DE ACONCAGUA;SANTA MARIA;R;SAN FELIPE; 1,5 ;;NO TIENE;rodrigo.arbolesfrutales@hotmail.com;
VALPARAISO;Ft;Fo;O;V;05-622;12-12-2011;VI - DE- PLAN;PONCE SIERRALTA BÉLGICA ROSA Y OTRO;;;PJ;PALTO;LIMONERO;NOGAL;C;PARCELA SANTA AMALIA - LA PALMA;19;292110;6360780;QUILLOTA;QUILLOTA;R;QUILLOTA; 0,5 ;;POBLACION REYES CATOLICOS ASTURIAS 1000, QUILLOTA;;
VALPARAISO;Ft;Fo;O;V;05-623;13-12-2011;EL CHIQUITITO;JUAN PASCUAL ;ALFARO;;M;PALTO;NARANJO;LIMONERO, OLIVO;C;BOLONIA, CALLE 3, SITIO 8 Y 12;19;291922;6367725;QUILLOTA;LA CRUZ;U;QUILLOTA; 0,2 ;33-320456;BOLONIA, CALLE 3, SITIO N° 8, LA CRUZ;;
VALPARAISO;Ft;Fo;O;;05-624;03-01-2012;LA RETUCA;ERNESTO CHAMORRO GONZÁLEZ  E.I.R.L;;;PJ;PEUMO;QUILLAY;CIPRES;C;PARCELA B. FUNDO LA RETUCA;19;281441;6330745;MARGA MARGA;QUILPUÉ;R;VALPARAÍSO; 0,5 ;;NO TIENE;ernesto@viverolaretuca.cl;
VALPARAISO;Ft;;O;;05-625;16-01-2012;AGRICOLA NEUQUEN;ANALINA ANDREA;SAGREDO;SAGREDO;F;PHYSALIS;;;C;HIJUELA 7, SECTOR EL TEBAL, RUTA F-106, KM 27, CUESTA LA DORMIDA, OLMUE;19;302643;6341072;MARGA MARGA;OLMUE;R;QUILLOTA; 0,0 ;;CAMINO PUBLICO, QUEBRADA ALVARADO, KM 27, CUESTA LA DORMIDA, OLMUE;agricolaneuquen@gmail.com;
VALPARAISO;Ft;Fo;O;V;05-626;23-01-2012;LAS PALMAS;JORGE SCHMIDT Y CIA.LTD;;;PJ;FRUTAL;PALTO;;A;CONJUNTO HONDONADAS LAS PALMAS;19;313166;6363035;SAN FELIPE DE ACONCAGUA;LLAY LLAY;R;SAN FELIPE; 3,5 ;591090;CASILLA 2 CORREO PANQUEHUE;;592023
VALPARAISO;;;;V;05-627;10-02-2012;ARS;AGRÍCOLA ARS LTDA;;;PJ;VID;;;C;FUNDO EL CUADRO. PARCELA LOS ACACIOS;19;288020;6316090;VALPARAÍSO;CASABLANCA;R;VALPARAÍSO; 4,0 ;;NO TIENE;arencoret@ars.cl;
VALPARAISO;Ft;;;;05-629;20-08-2014;SANDRA JAQUES PINO;SANDRA;JAQUES;PINO;F;NOGAL CHANDIER;;;C;EL ARENAL S/N°;19;354811;6370119;LOS ANDES;SAN ESTEBAN;R;LOS ANDES; 0,7 ;34 2484308;CASILLA 406, LOS ANDES;JBIANCHINI@FRUNUT.CL;
VALPARAISO;;;O;;05-630;27-02-2012;CESPED DEL VALLE;AGRICOLA CESPED LIMACHE LTDA;;;PJ;CESPED;;;C;AVENIDA EASTMAN Nº 1151, LIMACHE;19;290798;6346996;MARGA MARGA;LIMACHE;R;QUILLOTA; 10,0 ;33-418530;AVENIDA EASTMAN Nº 1151, LIMACHE;cespedelvalle@cespedelvalle.cl / carlosfarias@cespedelvalle.cl;
VALPARAISO;Ft;;O;;05-631;27-02-2012;SOC AGRICOLA SOLIS & BORQUEZ LTDA;SOCIEDAD AGRICOLA SOLIS & BORQUEZ LIMITADA;;;PJ;CAMELIA;GAZANIA;PRIMULA, TAGETE;C;CHACRA LA HIGUERA,LA PALMILLA Nº 395, LA CRUZ;19;292299;6366821;QUILLOTA;LA CRUZ;R;QUILLOTA; 0,4 ;33-310727;LA PALMILLA Nº 395, LA CRUZ;texiab@gmail.com;
VALPARAISO;;Fo;O;;05-632;29-02-2012;SANTA BARBARA;LORENA ANDREA ;ZAMORA;LEON;F;MATICO;RUDA;STEVIA, MELISSA;C;EX ESTACION OCOA, RETAZO 2, VISTA HERMOSA;19;304706;6364036;QUILLOTA;HIJUELAS;R;QUILLOTA; 0,0 ;;EX ESTACION OCOA, RETAZO 2, VISTA HERMOSA, HIJUELAS;lzviloba@gmail.com;
VALPARAISO;Ft;;;;05-633;07-03-2012;VIVEROS NEFUEN;HAZELNUT MARKETING COMPANY LTDA;;;PJ;AVELLANO;;;C;PARCELA LA VEGA, KM 101, PANAMERICANA NORTE, HIJUELAS;19;301881;6364495;QUILLOTA;HIJUELAS;R;QUILLOTA; 0,7 ;33-272725;CASILLA 19-D, QUILLOTA;jvmohr@nefuen.com;
VALPARAISO;;;O;;05-634;14-03-2012;TERRANOVA;RAUL ANTONIO;MONTINO;ORTIZ;M;SCHEFFLERA;HELECHO;MIOSPORO;C;MANUEL RIDRIGUEZ Nº 3601, HIJUELAS;19;300299;6366633;QUILLOTA;HIJUELAS;R;QUILLOTA; 1,0 ;33-273743;MANUEL RODRIGUEZ Nº 3601, HIJUELAS;raul_montino@hotmail.com;
VALPARAISO;Ft;;O;;05-635;14-03-2012;ROGAPLANT;ROGAPLANT LTDA;;;PJ;LISIANTHUS;OREJA DE OSO;PRIMULA;C;LOS CERCOS Nº 1, SANTA OLIVIA, LA PALMA;19;293653;6359882;QUILLOTA;QUILLOTA;R;QUILLOTA; 0,1 ;;CASILLA 454 QUILLOTA;rogaplant@gmail.com;
VALPARAISO;;;O;;05-636;30-03-2012;AGRICOLA FRANCO;PAULINA DEL CARMEN;GOMEZ;VILLALOBOS;F;CLAVEL;;;C;CALLE LOS MAGNOLIOS, LOTE 2 A-5, SECTOR LA PALMA;19;292266;6360854;QUILLOTA;QUILLOTA;R;QUILLOTA; 0,0 ;33-260825;DIEGO PORTALES Nº 801, SANTA TERESITA, QUILLOTA;franco.agricola@gmail.com;
VALPARAISO;;Fo;O;;05-637;26-03-2012;CENTRO DE DIFUSION HAMB.;OBRACON HUARTE LAIN S.A.;;;PJ;FORESTAL;QUILLAY;;A;EMBALCE CHACRILLA SECTOR LOS PATOS;19;352880;6403126;SAN FELIPE DE ACONCAGUA;PUTAENDO;R;SAN FELIPE; 0,3 ;;CASILLA 92 SAN FELIPE;;
VALPARAISO;Ft;Fo;O;;05-638;13-04-2012;VIVERO LA FORTUNA;AGRICOLA LUIS ALFREDO VELIZ MUÑOZ E.I.R.L;;;PJ;FUCSIA;VIOLAS;OREJA DE OSO, CINERARIA, MIOSPORO,ACACIO;C;PARCELA Nº 15 PARCELACION LA FORTUNA, POCOCHAY, LA CRUZ;19;292450;6363623;QUILLOTA;LA CRUZ;R;QUILLOTA; 1,5 ;;CASILLA Nº 33 LA CRUZ;;
VALPARAISO;Ft;;;;05-640;08-05-2012;EL PATAGUAL;RAFAEL;PRADO;CASTRO;M;FRUTAL;NOGAL;;C;EL CUPIDO PARCELA 2;19;346104;6369171;SAN FELIPE DE ACONCAGUA;SAN FELIPE;R;SAN FELIPE; 0,5 ;;CASILLA 32 LOS ANDES;rafaelpc@123mail.cl;
VALPARAISO;Ft;;;V;05-644;26-06-2012;SANTA MONICA;JORGE   ;CAICEO;ESCUDERO;M;FRUTAL;VID;;C;CALLE NUEVA FONCEA ESQ. COLORADA;19;349018;6371550;SAN FELIPE DE ACONCAGUA;SANTA MARIA;R;SAN FELIPE; 1,0 ;582382;CASILLA 15;;
VALPARAISO;Ft;Fo;O;V;05-645;26-06-2012;SAN MARTIN;JUAN;SANCHEZ;HENRIQUEZ;M;FRUTAL;DURAZNERO;;C;EJERCITO LIBERTADOR 130;19;338827;6386546;SAN FELIPE DE ACONCAGUA;PUTAENDO;R;SAN FELIPE; 0,5 ;;CALLE EJERCITO LIBERTADOR 130;;
VALPARAISO;Ft;Fo;O;V;05-646;26-06-2012;SAN FERNANDO;HUGO;GALDAMEZ;LEIVA;M;FRUTAL;CITRICOS;;C;SAN FERNANDO 171;19;346102;6374778;SAN FELIPE DE ACONCAGUA;SANTA MARIA;R;SAN FELIPE; 1,0 ;;SAN FERNANDO 171 STA MARIA;;
VALPARAISO;;;O;;05-647;27-06-2012;TODOFLOR;AGRICOLA CLAUDIO OLMOS E.I.R.L;;;PJ;COPROSMA;OSTEOSPERMO;AGERANTEMO, CLEMATIS;C;PARCELA Nº 15 LA FORTUNA, POCOCHAY;19;292540;6363629;QUILLOTA;LA CRUZ;R;QUILLOTA; 1,0 ;33-321692;CASILLA Nº 33 LA CRUZ;multifloral@hotmail.com;33-321692
VALPARAISO;;Fo;O;;05-648;26-03-2014;VIVERO MONICA;MONICA CRISTINA;CABRERA;GONZALEZ;F;PINO;EUCALYPTUS;ARAUCARIA;C;POBLACION BOLONIA CALLE DOS Nº 26;19;291744;6367658;QUILLOTA;LA CRUZ;R;QUILLOTA; 0,1 ;;POBLACION BOLONIA LOTE N° 26;CONTABILIDADLACRUZ@GMAIL.COM;
VALPARAISO;Ft;;O;;05-650;31-07-2012;VIVERO LO VICUÑA;FEDORA DEL CARMEN;ANDRADE;NASER;F;ARÁNDANO;GERBERA;;C;PARCELA 47 LOTE B 2 LO VICUÑA;19;338942;6392678;SAN FELIPE DE ACONCAGUA;PUTAENDO;R;SAN FELIPE;1,30;34-535629;CARMONA N° 731 SAN FELIPE;fedoraandrade@adsl.tie.cl;34-535629
VALPARAISO;Ft;Fo;O;;05-651;31-07-2012;DOS CORDILLERAS;AGRICOLA Y COMERCIAL DOS CORDILLERAS LTDA.;;;PJ;VIOLAS;GRANADO;PETUNIA;C;CHACRA EL TRANSITO, CAMINO INTERNACIONAL KM. 20;19;287419;6355545;QUILLOTA;QUILLOTA;R;QUILLOTA;1,00;33-260059;CASILLA 33, QUILLOTA;dickhouter@doscordilleras.cl;33-260059
VALPARAISO;Ft;Fo;O;V;05-652;02-08-2012;MULTIFLORA CASABLANCA;MULTIFLORA CASABLANCA S.A.;;;PJ;LILIUM;CEREZO;NOGAL;C;PARCELA 18 - 19 LA VINILLA NORTE;19;283010;6306984;VALPARAÍSO;CASABLANCA;R;VALPARAÍSO;MATERIAL IN VITRO;32-2741617;CASILLA 21, CASABLANCA;PRIESCO@MULTIFLORA.CL;32-2741617
VALPARAISO;Ft;;;;05-653;03-08-2012;VIVERO DON MATIAS;AGRICOLA PRODUCTOS SILVESTRES LTDA.;;;PJ;NOGAL;;;A/C;FUNDO SANTA RITA;19;340334;6369058;SAN FELIPE DE ACONCAGUA;SAN FELIPE;R;SAN FELIPE;1,20;;NO TIENE;;
VALPARAISO;Ft;Fo;O;;05-654;03-08-2012;JARDIN LOS 3 COPIHUES;CATALINA DE LAS MERCEDES;IRACHETA;NARANJO;F;COPIHUE;CACTUS;ARBOLES NATIVOS;C;LAS ROSAS  N° 617;19;260926;6342229;VALPARAÍSO;VIÑA DEL MAR;U;VALPARAÍSO;0,05;32-2479597;LAS ROSAS N° 617 C° LAS SALINAS;CATIRANAY@GMAIL.COM;
VALPARAISO;Ft;Fo;O;V;05-655;13-08-2012;JARDIN LAS PALMERAS  ;VIVEROS Y ANTIGUEDADES HIDROPLANT LTDA.;;;pj;ORNAMENTALES;;;C;LOTE A, RUTA F-30E  N° 4200;19;272578;6384700;QUILLOTA;PUCHUNCAVI;R;QUILLOTA; 0,7 ;;FUNDO SAN CARLOS, BOCO, CASILLA 408 QUILLOTA;RGPC34@GMAIL.COM;
VALPARAISO;Ft;Fo;O;V;05-656;22-08-2012;GLORIA ARSENIA;GLORIA DEL TRANSITO;GAUNA;FIGUEROA;F;PALTO;VID;CITRICOS;C;EL BOSQUE - SAN RAFAEL N° 960;19;345162;6369178;SAN FELIPE DE ACONCAGUA;SAN FELIPE;R;SAN FELIPE; 0,4 ;34-531733;CORREO CURIMON  ;;
VALPARAISO;Ft;Fo;O;V;05-657;22-08-2012;"JARDIN ""MATIAS""";MARGARITA ESTEFANIA;ARANDA;TAPIA;F;ROSAL;HORTENSIA;;C;LAS COIMAS N° 450;19;337306;6380313;SAN FELIPE DE ACONCAGUA;PUTAENDO;R;SAN FELIPE; 0,4 ;;LAS COIMAS N° 450, PUTAENDO;;
VALPARAISO;Ft;Fo;O;V;05-658;27-08-2012;AGRICOLA ELELWEISS;MARIA CRISTINA;WENT;GLENA;F;FRUTILLA;FRAMBUESO;PAPAYO;C;SITIO N° 3  SAN JOSE;19;320738;6371704;SAN FELIPE DE ACONCAGUA;CATEMU;R;SAN FELIPE; 0,5 ;;CORREO CATEMU;;
VALPARAISO;;;O;;05-659;30-08-2012;VIVERO LA PAZ I;ENIO ENRIQUE ;CATALAN;VIDAL;M;ARALIA;FILODENDRO;OREJA DE OSO;C;PARCELA 12-A POCOCHAY;19;293634;6363335;QUILLOTA;LA CRUZ;R;QUILLOTA; 0,4 ;;CASILLA 145- CORREO LA CRUZ;ENIOCATALAN@HOTMAIL.COM;
VALPARAISO;;;O;;05-660;27-09-2012;VIVERO LA PAZ II;ENIO ENRIQUE ;CATALAN;VIDAL;M;FILODENDRO;DRACENA;ARALIA;C;PEDRO AGUIRRE CERDA , LOTE 1B-4 CHACRA MARIA ISABEL;19;294296;6363295;QUILLOTA;LA CRUZ;R;QUILLOTA; 0,5 ;;CASILLA 145- CORREO LA CRUZ;ENIOCATALAN@HOTMAIL.COM;
VALPARAISO;;;O;;05-661;27-09-2012;VIVERO SAN SEBASTIAN;ROBERTO FRANCISCO;GAJARDO;ARAYA;M;OSLAR;HELECHO;;C;EL CULTO 149;19;300432;6366689;QUILLOTA;HIJUELAS;U;QUILLOTA; 0,1 ;;CALLEJON EL CULTO 149 HIJUELAS;SUSANC133@HOTMAIL.COM;
VALPARAISO;;;O;;05-662;27-09-2012;AGRICOLA FRANCO;PAULINA DEL CARMEN;GOMEZ;VILLALOBOS;F;CLAVEL;;;C;LOTE 2B LOS MAGNOLIOS LA PALMA;19;292337;6360755;QUILLOTA;QUILLOTA;R;QUILLOTA; 0,8 ;;DIEGO PORTALES Nº 801, SANTA TERESITA, QUILLOTA;FRANCO.AGRICOLA@GMAIL.COM;
VALPARAISO;Ft;Fo;O;;05-663;09-10-2012;MARIA ANGELICA;MARIA ANGELICA ;HERRERA;VALLE;F;GOMERO;FICUS;MARANTA;C;CALLE NUEVA S/N°;19;342723;6365510;LOS ANDES;RINCONADA;U;LOS ANDES; 0,1 ;;VILLA LAS FLORES, LAS DALIAS N° 19;M.HERRERA.VALLE@HOTMAIL.COM;
VALPARAISO;Ft;;;V;05-664;12-10-2012;VIVERO BELLAVISTA;CORPORA AGRICOLA S.A.;;;PJ;VID DE MESA;;;A/C;BELLAVISTA S/N°;19;331023;6377354;SAN FELIPE DE ACONCAGUA;SAN FELIPE;R;SAN FELIPE; 1,0 ;34-498800;CASILLA 246 - PANQUEHUE;RFERNANDEZ@CORPORAFRUIT.COM;
VALPARAISO;Ft;;;;05-665;12-10-2012;D y M;WILDO ANTONIO;VERGARA;LOBOS;M;NOGAL;;;C;SITIO N° 77 EL TARTARO;19;340516;6395392;SAN FELIPE DE ACONCAGUA;PUTAENDO;R;SAN FELIPE; 0,2 ;;SITIO N° 77  LOTE B PUTAENDO;;
VALPARAISO;Ft;Fo;O;;05-666;09-11-2012;VIVERO DON YEMO;GUILLERMO ENRIQUE;CARDENAS;CARDENAS;M;FICUS;SCHEFFLERA;LAUREL DE FLOR;C;SITIO N° 9 S/N° MZ7, LOTE 11;19;316542;6370560;SAN FELIPE DE ACONCAGUA;CATEMU;R;SAN FELIPE; 0,1 ;;CALLE AUSTRAL N° 455, CATEMU;;
VALPARAISO;Ft;Fo;O;;05-667;09-11-2012;VIVERO LAS FUCSIAS;KALIM DEMIAN;LANGER;SCHAETZEL;M;STENOCARPUS;FUCSIA;PROTEA;C;RUTA F-30-E S/N°;19;272663;6386038;QUILLOTA;PUCHUNCAVI;R;QUILLOTA; 0,5 ;;RUTA F30-E S/S°  PUCHUNCAVI;LASFUCSIAS@GMAIL.COM;
VALPARAISO;Ft;Fo;O;;05-668;05-12-2012;EURO PLANT CHILE S.A.;EURO PLANT CHILE S.A.;;;PJ;OLIVO;ALAMO;;C;CHEPICA 7;19;298066;6368706;QUILLOTA;HIJUELAS;R;QUILLOTA; 4,5 ;33-271188;CASILLA 24 - LA CALERA;CONTACTO@EUROPLANT.CL;
VALPARAISO;;Fo;O;;05-669;05-12-2012;LOS AROMOS;MARIA CRISTINA;BASAURE;GUZMAN;F;HORTENSIA;HIBISCO;AROMO;C;PARCELA N° 5 , LOS AROMOS;19;286150;6393923;PETORCA;ZAPALLAR;R;PETORCA; 0,5 ;;PARCELA 5 EL MAITEN , CATAPILCO;CRISTYBASAURE0@GMAIL.COM;
VALPARAISO;Ft;;;;05-670;27-12-2012;AGRICOLA DECOPLANT LIMITADA;AGRICOLA DECOPLANT LIMITADA;;;PJ;PALTO;;;A;LA PUNTILLA, FUNDO SANTA OLIVIA  6 LA CRUZ;19;295054;6361674;QUILLOTA;LA CRUZ;R;QUILLOTA; 2,6 ;33-310719;CASILLA 168  CORREO QUILLOTA;LAPUNTILLA@123.CL    ALEJANDRO.DECOMBE@GMAIL.COM;33-310719
VALPARAISO;;Fo;O;;05-671;03-01-2013;VIVERO EXPERIMENTAL;GRACIELA SILVERIA;BUSTAMANTE;VINET;F;GERANIO;CALENDULAS;MOLLE;C;PARCELA N° 73 - SAN CARLOS;19;258344;6288506;SAN ANTONIO;EL TABO;U;SAN ANTONIO; 0,2 ;35-431876;PARCELA 73 SAN CARLOS, EL TABO;TELAVINIT@GMAIL.COM;
VALPARAISO;;;O;;05-673;11-03-2013;EL SALVADOR;PATRICIO EDUARDO;OSSES;REINOSO;M;ESQUEJES CLAVEL;;;A/C;PARCELA N° 32, LAS PARCELAS LONGOTOMA;19;276129;6413838;PETORCA;LA LIGUA;R;PETORCA; 0,1 ;;CONDELL N° 117, LA LIGUA;ISCHICHO@HOTMAIL.COM;
VALPARAISO;Ft;;O;;05-674;04-04-2013;EL PURUTUN;DANIEL ANTONIO;CACERES;CISTERNAS;M;PALTO;CITRICOS;OLIVO;C;JOSE SANTOS MOLINA N° 47;19;291749;6368319;QUILLOTA;LA CRUZ;R;QUILLOTA; 0,3 ;;JOSE SANTOS MOLINA N° 47 LA CRUZ;OCACERES@YAHOO.COM;
VALPARAISO;Ft;;;V;05-675;04-04-2013;LOS LAURELES 1;PEDRO;QUEZADA;CARRILLO;M;DURAZNERO;NOGAL;VID;C;AVDA. SANTA TERESA S/N°;19;353071;6371281;LOS ANDES;SAN ESTEBAN;R;LOS ANDES; 0,5 ;;ARTURO PRAT N° 146 LOS ANDES;quezadacarri@hotmail.com;
VALPARAISO;Ft;;;V;05-676;04-04-2013;LA FLORIDA 1;GUILLERMO ALBERTO;REINOSO;MUÑOZ;M;VID;NOGAL;;C;SAN BELISARIO, PARCELA 5;19;352897;6371321;LOS ANDES;SAN ESTEBAN;R;LOS ANDES; 1,5 ;34-582678;ARTURO PRAT N° 146 LOS ANDES;JUANMV.63@HOTMAIL.COM;
VALPARAISO;;;O;;05-677;24-04-2013;LAVANDAS ACONCAGUA;EUGENIO  ;URZUA;DONOSO;M;PLANTAS MEDICINALES;AROMATICAS;;TRANSFERENCIA;PARCELA 39 LOTE 1 C1 ;19;290581;6356055;QUILLOTA;QUILLOTA;R;QUILLOTA; 0,5 ;;PARCELA 39, SAN ISIDRO , QUILLOTA;ULMOMIEL@GMAIL.COM;
VALPARAISO;;;O;;05-678;29-07-2014;LA PONDEROSA;JOSE ALFONSO ;ZAMORA;MIÑO;M;ALEGRÍA DEL HOGAR;OREJA DE OSO;LIPUESTE;C;PARCELA 59, LOS LAURELES;19;283356;6349616;MARGA MARGA;LIMACHE;R;QUILLOTA; 0,3 ;;PARCELA 59, LOS LAURELES, LIMACHE;;
VALPARAISO;Ft;Fo;O;;05-679;08-05-2013;VIVERO LOS CLARINES;MARIA ANGELICA ;HERRERA;URBINA;F;ORNAMENTALES;FRUTAL;;C;PLACILLA S/N°, EL LLANO;19;347332;6371794;SAN FELIPE DE ACONCAGUA;SANTA MARIA;R;SAN FELIPE; 0,5 ;34-583468;PLACILLA S/N°, EL LLANO, SANTA MARIA;MARY.ANGELA53@HOTMAIL.COM;
VALPARAISO;;Fo;O;;05-680;08-05-2013;JARDIN EL QUISCO;ZLATKO STJEPAN;LEBEDINA;ROMO;M;CACTÁCEAS;FLORES ESTACION;ORNAMENTAL;C;AV. I. DUBORNAIS N° 1115;19;249458;6300348;SAN ANTONIO;EL QUISCO;U;SAN ANTONIO; 0,1 ;;AV. I. DUBORNAIS N° 1115, EL QUISCO;IGNACIA-RA@HOTMAIL.COM;
VALPARAISO;Ft;Fo;O;V;05-681;08-05-2013;VIVEROS SAN JOSE;COMERCIAL VIVERO SAN JOSE LIMITADA;;;PJ;FRUTAL;ORNAMENTAL;;C;PARCELA 19 LOTE B, LA CRUZ;19;291612;6365447;QUILLOTA;LA CRUZ;R;QUILLOTA; 3,9 ;33-356600;CASILLA 231, LA CALERA;VENTASPOCOCHAY@VIVEROSANJOSE.CL;33-356061
VALPARAISO;Ft;;;;05-682;20-05-2013;EL CASTILLO;AGRICOLA EL CASTILLO LIMITADA;;;PJ;NOGAL;;;A/C;FUNDO EL CASTILLO S/N°;19;345331;6360586;LOS ANDES;CALLE LARGA;R;LOS ANDES; 1,0 ;34-461801;CASILLA 507, LOS ANDES;CRIVACOR@GMAIL.COM;
VALPARAISO;;;O;;05-683;11-06-2013;VIVERO LA ROSITA;KATHERINE MACARENA;ACOSTA;QUICHEL;F;;;;;CALLE BELLAVISTA, PARTE  SITIO 81, PARCELACION VISTA HERMOSA;19;304904;6364056;QUILLOTA;HIJUELAS;R;QUILLOTA;;;NO TIENE;;
VALPARAISO;;;O;;05-684;11-06-2013;MIGUEL ANGEL;MIGUEL ANGEL ;ZAMORA;PORRA;M;CLAVEL DE CORTE;;;A/C;EL LLANO N° 20;19;291684;6363261;QUILLOTA;LA CRUZ;R;QUILLOTA; 0,3 ;;EL LLANO N° 20, LA CRUZ;;
VALPARAISO;;;O;;05-685;12-06-2013;CACTUS ROMEO;LISETTE CAROLINA;SABATTINI;WYSS;F;CACTUS;EUPHORBIAS;SUCULENTAS;;REPUBLICA N° 5 RINCONADA;19;290535;6361484;QUILLOTA;QUILLOTA;U;QUILLOTA;;33-2311882;REPUBLICA N° 5, PARADERO 5, QUILLOTA;LSABATTINIW@GMAIL.COM;
VALPARAISO;Ft;Fo;O;;05-686;12-06-2013;ALTO LOS LAURELES;FRANCISCO ARTURO;MONDACA;VARGAS;M;PLANTAS ORNAMENTALES;PLANTAS DE JARDIN;;C;LOS LAURELES PARCELA 61;19;282782;6350245;MARGA MARGA;LIMACHE;R;QUILLOTA; 0,1 ;;LOS LAURELES PARCELA 61 LOTE 1, LIMACHE;;
VALPARAISO;;;O;;05-687;26-06-2013;PLANTS AND LIFE S.P.A.;PLANTS AND LIFE S.P.A.;;;PJ;PETUNIA;PERRITO;ALEGRIA DEL HOGAR;;PARCELA 281 - LA PEÑA;19;296801;6374996;QUILLOTA;NOGALES;R;QUILLOTA; 1,0 ;;CONDELL 26, VIÑA DEL MAR;GERENCIA.P.LIFE@AMBERGRIS.CL;
VALPARAISO;;;O;;05-688;03-07-2013;LA ROSA;ROSA ITALIA ;OLGUIN;RODRIGUEZ;F;ROSAL;HORTENSIA;GERBERA;C;SITIO F-3 SANTA MARGARITA;19;319298;6371415;SAN FELIPE DE ACONCAGUA;CATEMU;R;SAN FELIPE; 0.035 ;;CORREO CATEMU;;
VALPARAISO;Ft;;;;05-689;04-07-2013;VIVERO ANDINO;RICHARD HECTOR;HERRERA;VERA;M;NOGAL;;;C;PARCELA 13 Y 17 CARRETERA SAN MARTIN S/N°;19;340944;6368766;SAN FELIPE DE ACONCAGUA;SAN FELIPE;R;SAN FELIPE; 12,0 ;;PASAJE LIDIA ROJAS 1631 SEÑORIAL, SAN FELIPE;HERRERAVERA@GMAIL.COM;
VALPARAISO;Ft;;;;05-690;12-07-2013;SAN JAVIER DE OCOA;ENRIQUE ROBERTO;MALFANTI;VIDAL;M;NOGAL;;;A/C/T;PARCELA 50 RABUCO OCOA;19;302917;6358134;QUILLOTA;HIJUELAS;R;QUILLOTA; 0,9 ;;DOMINGO BONDI 960, DEPTO. 603, LAS CONDES, SANTIAGO;ENRIQUEMALFANTI@GMAIL.COM;
VALPARAISO;Ft;Fo;O;;05-691;19-07-2013;VIVEROS EL RECUERDO;EDECIO;TAPIA;GONZALEZ;M;PALTO;NARANJO;LIMONERO;C;CHACRA SANTA LIDIA RESTO LOTE 2;19;294097;6372877;QUILLOTA;NOGALES;R;QUILLOTA; 0,2 ;;PRINCIPE DE GALES, PASAJE PRINCIPE EDUARDO N° 743, LA CALERA;;
VALPARAISO;Ft;Fo;O;;05-692;19-07-2013;VIVERO AMULEN;IRMA DE LAS MERCEDES;HERNANDEZ ;NAVIA;F;PLANTAS MEDICINALES;AROMATICAS;ORNAMENTAL;C;EL OLIVO N° 5;19;297115;6370623;QUILLOTA;HIJUELAS;R;QUILLOTA;;;CORREO LA CALERA;IRMA09@HOTMAIL.ES;
VALPARAISO;;Fo;O;;05-693;06-09-2013;VIVERO PEUMAYEN;DANIELA ANDREA;LIRA;PARRAGUEZ;F;VINAGRILLO;LUPINO;ALISUM;C;CAMINO SAN ISIDRO PARCELA N° 21, LOTE 1-J;19;290286;6356594;QUILLOTA;QUILLOTA;R;QUILLOTA; 1,0 ;;CAMINO SAN ISIDRO PARCELA N° 21, LOTE 1-J;DXILEMA@YAHOO.ES;
VALPARAISO;Ft;;;V;05-694;16-09-2013;VIVEROS HIJUELAS S.A;VIVEROS HIJUELAS S.A;;;PJ;CEREZO;DURAZNERO;VID;C;HIJUELAS MONTECARLO LOTE 5;19;301281;6365576;QUILLOTA;HIJUELAS;R;QUILLOTA; 1.59 ;33-272725;CASILLA 19-D QUILLOTA;GGOYCOLEA@VIVEROSHIJUELAS.CL;33-272799
VALPARAISO;;Fo;O;;05-695;10-10-2013;VIVERO TUNQUEN;VERONICA ALEJANDRA ;CEA;MORA;M;LAVANDA;GERANIO;ESTENOCARPUS;C;PARCELA N° 1 EL DIEZMO SAN JOSE;19;256889;6312889;SAN ANTONIO;ALGARROBO;R;SAN ANTONIO; 0,5 ;;NO TIENE;VERONICA@VIVEROTUNQUEN.CL;
VALPARAISO;Ft;Fo;O;V;05-697;05-11-2013;VIVERO ANASAC;ANASAC AMBIENTAL S.A.;;;PJ;CACTUS;PLANTAS TROPICALES;;C;PARCELA N° 1, PROYECTO NUEVO PUCALAN B;19;293743;6372438;QUILLOTA;NOGALES;R;QUILLOTA; 2,0 ;4706900;ALM. PASTENE 300, PROVIDENCIA;FERNANDOG@ANASAC.CL;
VALPARAISO;;;O;;05-698;06-11-2013;DAY ROS;DANIEL SEGUNDO ;AGUILERA;NUÑEZ;M;PLANTAS ORNAMENTALES;;;C;PEDRO AGUIRRE CERDA PARCELA 2, POCOCHAY;19;293001;6363519;QUILLOTA;LA CRUZ;R;QUILLOTA; 0,5 ;;PEDRO AGUIRE CERDA, PARCELA 2, POCOCHAY;;
VALPARAISO;Ft;Fo;O;V;05-699;27-11-2013;VIVERO ANASAC;ANASAC AMBIENTAL S.A.;;;PJ;FRUTAL;ORNAMENTAL;FORESTAL;C;PARCELA CAÑADA HERMOSA KM. 120;19;293012;6379988;QUILLOTA;NOGALES;R;QUILLOTA; 6,0 ;4706900;ALM. PASTENE 300, PROVIDENCIA;FERNANDOG@ANASAC.CL;
VALPARAISO;Ft;Fo;;;05-700;27-11-2013;SOCIEDAD DE LAS NIEVES;SOCIEDAD AGRICOLA E INVERSIONES LAS NIEVES LTDA.;;;PJ;NOGAL;MAITEN;QUILLAY ;C;PREDIO LAS PERDICES ;19;370149;6364409;LOS ANDES;SAN ESTEBAN;R;LOS ANDES; 1,0 ;;PRIMERA QUEBRADA S/N°, KM. 15, SAN ESTEBAN;;
VALPARAISO;Ft;;;;05-701;27-11-2013;MARCOTTI;OSVALDO FERNANDO;ANSALDI;FAUNES;M;NOGAL;PALTO;;C;PARCELA 10, LOS PERALES;19;284371;6329845;VALPARAÍSO;QUILPUE;R;VALPARAÍSO; 0,5 ;;NO TIENE;VERONICA.MARCOTTI@QUATTROCASTELLO.COM;
VALPARAISO;Ft;Fo;O;V;05-702;11-12-2013;VIVERO ELIZABETH;JUAN LADISLADO;LOPEZ;COROCEO;M;PALTO;CITRICOS;NOGAL;C;PARCELA LA LONJA -  LOTE 2 A;19;293768;6374960;QUILLOTA;NOGALES;R;QUILLOTA; 2,0 ;;PARCELA LA LONJA  - LOTE 2 A;JUAN.LOPEZ.COROSEO@HOTMAIL.COM;
VALPARAISO;;Fo;O;;05-704;19-12-2013;VIVERO NATIVA;JEANNETTE DEL CARMEN;BARRA ;HERNANDEZ;F;MOLLE;QUILLAY;PIMIENTO;C;PEDRO FELIZ VICUÑA N° 830 ;19;294169;6374103;QUILLOTA;NOGALES;R;QUILLOTA; 0,5 ;;PEDRO FELIZ VICUÑA N° 830 INTERIOR, NOGALES;JEANNETTEBARRAH@GMAIL.COM;
VALPARAISO;;;O;;05-705;07-02-2014;VIVERO EL CONDOR DE LA PALMA;EDUARDO DEL CARMEN;IBACETA;ZAMORA;M;GALLARDIA;FUCSIA;FESTUCA;C;PARCELA EL CONDOR N° 10 LT. 1A  LT. A2;19;291471;6360535;QUILLOTA;QUILLOTA;R;QUILLOTA;0,25;;PARCELA EL CONDOR N° 10 LT. 1A  LT. A2;;
VALPARAISO;Ft;Fo;O;V;05-706;07-02-2014;VIVERO CHIRUTITA;LUIS ALBERTO ;VERGARA;ZAMORA;M;ROSAL;CACTUS;CRATEGUS;C;LAS MERCEDES PARCELA n° 10 LOTE B;19;319132;6378211;SAN FELIPE DE ACONCAGUA;CATEMU;R;SAN FELIPE;0,08;;LAS MERCEDES, PARCELA N° 10, LOTE B, CATEMU;;
VALPARAISO;;Fo;O;;05-707;20-02-2014;IN GREEN;AGRICOLA Y COMERCIAL IN GREEN LIMITADA;;;PJ;GELOMEN;GERBERA;CRISANTEMO;C;HIJUELA LOS CAÑONES LOTE 3 LA PEÑA;19;294924;6372695;QUILLOTA;NOGALES;R;QUILLOTA;> a Ha.;;CASILLA 33 - QUILLOTA;DICKHOUTER@IN-GREEN.CL;
VALPARAISO;;Fo;O;;05-708;21-02-2014;XICAXI;SOCIEDAD AGRICOLA Y COMERCIAL XICAXI LIMITADA;;;PJ;LILIUM;GLADIOLO;;C;LA PRINCESA LOTE H-19 / H-20;19;259622;6270925;SAN ANTONIO;SANTO DOMINGO;R;SAN ANTONIO;0,50;;LA PRINCESA LOTE H-19 - H-20;SOCIEDADAGRICOLAXICAXI@GMAIL.COM ;
VALPARAISO;;Fo;O;;05-709;26-03-2014;TOQUE MAGICO;MIGUEL ANGEL ;HURTADO;ROJAS;M;RUDA; LAVANDA;LIGUSTRINA;C;PARCELA N° 11 Y 12 CHACRA SAN MARTIN , POCOCHAY;19;291898;6362224;QUILLOTA;LA CRUZ;R;QUILLOTA; 0,6 ;;VILLA LAS ESCUELAS  C. ARANCIBIA 1520, LA CRUZ;;
VALPARAISO;;;O;;05-710;26-03-2014;VETIVER KIM;JUAN ANTONIO ;AHUMADA;CABALLERO;M;VETIVER;;;C;HIJUELA SANTA MARIA S/N°;19;294452;6359527;QUILLOTA;QUILLOTA;R;QUILLOTA; 0,2 ;33-2314969;NO TIENE;ANTONIO.AHUMADAC@GMAIL.COM;
VALPARAISO;;Fo;O;;05-711;26-03-2014;ESPERANZA;MARIA ALEJANDRA;ROGA;AHUMADA;F;PHYSALIS;;;C;PARCELA H-13 LA PRINCESA;19;259744;6271022;SAN ANTONIO;SANTO DOMINGO;U;SAN ANTONIO;0,01;;NO TIENE;MARUPRODUCTOS@GMAIL.COM;
VALPARAISO;;;O;;05-712;07-04-2014;VIVERO DON REUCI;PEDRO ANTONIO;LOPEZ;CAMPOS;M;STEVIA;MORINGA;;A/C;CALLE COLO COLO n° 303;19;295253;6371546;QUILLOTA;LA CALERA;U;QUILLOTA; 0.005 ;33-2222352;NO TIENE;PEDROANTONIO.LOPEZCAMPOS@YAHOO.COM;
VALPARAISO;;Fo;O;;05-713;07-04-2014;VIVERO EL ROCIO;BERNARDA ISABEL;TAPIA;PINILLA;F;ARBUSTOS ORNAMENTALES;PLANTAS DE FLOR;;C;MANUEL CORDOVA N° 20;19;292230;6369648;QUILLOTA;LA CALERA;U;QUILLOTA;0.25;;MANUEL CORDOVA N° 20 - LA CALERA;BERNARDOTAPIA.P@GMAIL.COM;
VALPARAISO;Ft;;;;05-714;07-04-2014;DON CARLOS;FRUTICOLA NOGALES LTDA;;;PJ;NOGAL;;;A/C;HIJUELA NUEVA EL CERRILLO LOTE B-3;19;292261;6377589;QUILLOTA;NOGALES;R;QUILLOTA;1,20;33-2262857;CAMINO LAS ROMAZAS S/n°  CASILLA 13 NOGALES;CARLOS@FRUTICOLANOGALES.CL;
VALPARAISO;;Fo;O;;05-715;08-05-2014;VERONICA;CLAUDIO ALEJANDRO;CARREÑO;VILCHES;M;ORNAMENTALES;NATIVAS;;;EL LITRE N° 161;19;256787;6273650;SAN ANTONIO;SANTO DOMINGO;U;SAN ANTONIO; 0,1 ;;NO TIENE;CLAUDIOALEJANDROCA@GMAIL.COM;
VALPARAISO;;Fo;O;;05-716;08-05-2014;EL SOL;DEYNI TATIANA;FARIAS ;URZUA;F;ALMACIGOS DE HORTENSIAS;ORNAMENTAL;;C;AVDA. DIVINA PROVIDENCIA 1390;19;257400;6277378;SAN ANTONIO;SAN ANTONIO;U;SAN ANTONIO; 0,1 ;;NO TIENE;DEYNNI1717@GMAIL.COM;
VALPARAISO;Ft;;;;05-717;08-05-2014;LLIU LLIU;SOC.AGROINGENIERIA LTDA.;;;PJ;NOGAL;CEREZO;;C;CAMINO TRINIDAD KM 3,5;19;292312;6343519;MARGA MARGA;LIMACHE;R;QUILLOTA;2,00;;REPUBLICA N° 564, LIMACHE;AGROINGENIERIA@AINGLTDA.CL;
VALPARAISO;;Fo;O;;05-718;09-05-2014;JARDIN LOS LAGOS;INVERSIONES LOS LAGOS LIMITADA;;;PJ;PROTEAS;;;;CARRETERA DE LA FRUTA KM. 13;19;259295;6272145;SAN ANTONIO;SANTO DOMINGO;U;SAN ANTONIO; 0,4 ;;CARRETERA DE LA FRUTA KM 3, SANTO DOMINGO;JUANCARLOS.LAGOSLAZO@GMAIL.COM;
VALPARAISO;Ft;;;V;05-719;13-05-2014;SERGAL;AGRICOLA SERGIO ENRIQUE GARCIA LEON EIRL;;;PJ;VID;DURAZNERO;DAMASCO;C;CALLE ANCHA S/N°;19;341147;6375579;SAN FELIPE DE ACONCAGUA;SAN FELIPE;U;SAN FELIPE; 1,0 ;;CALLE CONVENTO S/N° ALMENDRAL, SAN FELIPE;VIVEROELCONVENTO@HOTMAIL.COM;
VALPARAISO;;;O;;05-720;15-05-2014;VIVERO JUANITA;LUISA DEL CARMEN ;VALENCIA;FERNANDEZ;F;PENSAMIENTO;GAZANIA;RUDA;C;PEDRO FELIX VICUÑA n° 580;19;294236;6373949;QUILLOTA;NOGALES;U;QUILLOTA;0,01;;PEDRO FELIX VICUÑA n° 580, NOGALES;JORGESAAGA@YAHOOO.ES;
VALPARAISO;;;;V;05-721;03-06-2014;VIVEROS ANDES;AGRICOLA PIHUE S.A.;;;PJ;VID VINIFERA;;;C;LOTE 2 DE LAS CASAS;19;345308;6361290;LOS ANDES;CALLE LARGA;R;LOS ANDES; 5,0 ;34-2461888;CALLE LARGA N° 2390;IGORMAS@BROWNGROUP.CL;34-2461383
VALPARAISO;;;O;;05-722;05-06-2014;S.B. TRADING;SOUTHERN BULBS TRADING LTDA.;;;PJ;DIANTHUS SP.;GERBERA SPP;GYPSOPHILA;C;PARCELA 44, PROYECTO PARCELACION LAS PATAGUA A;19;292544;6358323;QUILLOTA;QUILLOTA;R;QUILLOTA;1,49;33-2258197;AV. CONDELL 420, DEPTO. 2 , QUILLOTA;MJI@SBCHILE.CL;33-2319173
VALPARAISO;;;O;;05-723;05-06-2014;BELLA NATURA;PATRICIA DEL CARMEN;ARCOS;GRIFFITHS;F;TULIPAN;PEONIAS;ASTILBES;C;CAUPOLICAN N° 75;19;291004;6364551;QUILLOTA;LA CRUZ;U;QUILLOTA;0,50;33-2321209;CAUPOLICAN N° 75, LA CRUZ;PATYGRI2004@YAHOO.ES;
VALPARAISO;;Fo;O;;05-724;11-06-2014;VIVERO ALMATIA;ALMATIA LTDA.;;;PJ;VERONICA;CRESPON;VIBURNOS;C;PARCELA A FUNDO EL CARMEN, SECTOR PELUMPEN, LO NARVAEZ;19;296987;6344879;MARGA MARGA;OLMUE;R;QUILLOTA; 2,8 ;;NO TIENE;JUANCARLOS@MULTIPLANT.CL;
VALPARAISO;;Fo;O;;05-725;24-07-2014;VIVERO PAPACHALE;RODRIGO EDUARDO;DACAL;BARLOW;M;CACTUS;SUCULENTAS;ORNAMENTAL;C;ANDRES TOLEDO S/N, QUEBRADA ALVARADO;19;303890;6341485;MARGA MARGA;OLMUE;R;QUILLOTA;0,02;;PLAZA LATORRE N° 60 DEPTO. 63;RDACAL257@HOTMAIL.COM;
VALPARAISO;;Fo;O;;05-726;24-07-2014;PLANTAS ORNAMENTALES DON VICENTE;DANIELA ALEJANDRA;ACOSTA;CALDERON;F;ORNAMENTALES;FORESTAL;;;VISTA HERMOSA SITIO 81 OCOA;19;304902;6363970;QUILLOTA;HIJUELAS;R;QUILLOTA;0,30;;;;
VALPARAISO;;;O;;05-727;31-07-2014;SOCIEDAD PINO AJENJO LIMITADA;;;;PJ;PRIMULA;PANSY;CYCLAMEN;C;LAS ACACIAS 01399 PARCELA 21-C;19;281089;6340413;MARGA MARGA;VILLA ALEMANA;U;VALPARAÍSO; 0,7 ;32-2821233;LAS ACACIAS 01399 PARCELA 21-C;ANDALUZVIVERO@GMAIL.COM;
VALPARAISO;;;O;;05-728;20-08-2014;JARDIN ESPACIO VERDE;GERMAN EDUARDO;ZAMORA;CARDENAS;M;BACOPAS;VINCA MINOR;MIOSPORO;C;PARCELA LA HORNILLA, SANTA OLIVIA, LA PALMA;19;294060;6361197;QUILLOTA;QUILLOTA;R;QUILLOTA; 0,3 ;;PARCELA LA HORNILLA, SANTA OLIVIA, LA PALMA;JARDINESPACIOVERDE@GMAIL.COM;
VALPARAISO;Ft;;;V;05-729;21-08-2014;SAN CRISTOBAL;VILMA SILVANA;VALENZUELA;MILLAN;F;PALTO;CITRICOS;VID;C;VILLA SAG SITIO LOTE B, CASA 2, LA HIGUERA;19;295271;6404197;PETORCA;LA LIGUA;R;PETORCA; 0,1 ;33-2715190;PORTALES 427 2° PISO, LA LIGUA;;
VALPARAISO;;Fo;O;;05-730;29-08-2014;HIDRO JARDIN;CRISTIAN HERBERT;GONZALEZ;GUZMAN;M;HORTENSIA;ESTENOCARPO;MIOSPORO;C;LUIS CRUZ MARTINEZ N° 141;19;256771;6273420;SAN ANTONIO;SANTO DOMINGO;U;SAN ANTONIO; 0,1 ;35-2293820;NO TIENE;CRISTIANGONZALEZ708@GMAIL.COM;
VALPARAISO;Ft;;;;05-731;09-09-2014;DON ANTONIO;FRUTICOLA NOGALES LTDA;;;PJ;NOGAL;;;A/C;HIJUELA B3 EL CERRILLO;19;292121;6377630;QUILLOTA;NOGALES;R;QUILLOTA; 1,0 ;33-2262857;CAMINO LAS ROMAZAS S/N° CASILLA 13 NOGALES;FRUTICOLANOGALES@GMAIL.COM;
VALPARAISO;;;O;;05-732;09-09-2014;VIVERO ACONCAGUA;ELIAS RICARDO;LEIVA;OYANEDEL;M;PETUNIA;ALEGRIA  ;GAZANIA;C;PARCELA 88-A, VISTA HERMOSA;19;305561;6364436;QUILLOTA;HIJUELAS;R;QUILLOTA; 0,4 ;;LA FEBRE 27, OCOA, HIJUELAS;;
VALPARAISO;;Fo;O;;05-733;22-09-2014;EL TESORO;AGRICOLA LOS MOLLES LIMITADA;;;PJ;AZARA CELASTRINA;BEILSCHMIEDIA MIERSI;CRYPTOCARYA ALBA;A/C;PARCELA 66, SITIO 55, HUAQUEN;19;273039;6428652;PETORCA;LA LIGUA;R;PETORCA;0,21;2-26564055;BARROS BORGOÑO 236 OF. 1303;INFO@AGRICOLALOSMOLLES.CL;
VALPARAISO;Ft;;;;05-734;06-10-2014;LA CAMPANA;AGRICOLA LA CAMPANA LIMITADA;;;PJ;PALTO;MANDARINO;NARANJO;C;PARCELA EL TRANQUE, SAN ISIDRO;19;292775;6356731;QUILLOTA;QUILLOTA;R;QUILLOTA;2,00;;PARCELA EL TRANQUE S/N° SAN ISIDRO;CARLOS@HUERTO-CALIFORNIA.CL;
VALPARAISO;Ft;;;;05-735;06-10-2014;LOS PALTOS;AGRÍCOLA LOS PALTOS LIMITA DA;;;PJ;PALTO;MANDARINO;NARANJO;C;PARCELA 3b-3, SAN ISIDRO;19;289866;6354773;QUILLOTA;QUILLOTA;R;QUILLOTA;2,00;;LOTE 1, SUBDIVISION FUNDO EL RODADERO;CARLOS@HUERTO-CALIFORNIA.CL;
VALPARAISO;;Fo;O;;05-736;07-10-2014;AGRICOLA MATSUBARA E.I.R.L.;SHIGERU MATSUBARA, PRODUCCION Y COMERCIALIZACION DE SEMILLAS, FLORES Y PLANTAS E.I.R.L.;;;PJ;MOLLE;LITRE;GUAYACARI;C;PARCELA 87 A 2;19;293598;6382290;QUILLOTA;NOGALES;R;QUILLOTA; 0,5 ;33-2280268;PARCELA 87 A 2, NOGALES;C.G.FUJI@TIE.CL;
VALPARAISO;Ft;Fo;O;V;05-737;09-12-2014;DESARROLLO AGRARIO S.A.;DESARROLLO AGRARIO S.A.;;;PJ;VID;PALTO;CITRICOS;C;LOTE 2 PARCELA 38, LAS PEÑAS S/N°;19;320063;6359481;SAN FELIPE DE ACONCAGUA;LLAY LLAY;R;SAN FELIPE;1,00;34-2611921;CASILLA N° 96 -  LLAY LLAY;SECRETARIA.DASA.CL;
VALPARAISO;;;O;;05-738;09-12-2014;AGRICOLA INDEPENDENCIA;AGRICOLA INDEPENDENCIA LTDA.;;;PJ;PETUNIA;VIOLAS;DINORFOTECAS;C;INDEPENDENCIA N° 28;19;271202;6353740;VALPARAÍSO;CONCÓN;R;VALPARAÍSO;0,29;32-3149000;5 ORIENTE 340 - VIÑA DEL MAR;SVERDE@SIGLOVERDE.CL;32-3149000
VALPARAISO;Ft;Fo;O;V;05-739;09-12-2014;VIVERO ENCON;ALFONSO HAUVA CUADRA;;;PJ;NOGAL;;;A/C;CHACRA MARIA TERESA, ENCON 1811;19;336861;6378026;SAN FELIPE DE ACONCAGUA;SAN FELIPE;R;SAN FELIPE;0,07;;CASILLA N° 305 - SAN FELIPE;                                                     ;
VALPARAISO;;Fo;O;;05-740;18-12-2014;VIVERO DOS CORDILLERA;MARCOS;ESTAY;REYES;M;PITOSPORO;LAVANDA;MIRTO;C;LOTE 1 PARCELA 97 VISTA HERMOSA;19;305571;6364304;QUILLOTA;HIJUELAS;R;QUILLOTA;2,70;;LA POSADA 11900 - LAS CONDES, SANTIAGO;MARESTAY4@GMAIL.COM;
VALPARAISO;;;O;;05-741;18-12-2014;UNIVERSO ARTE;MIGUEL ANGEL ;MORALES ;BARRAZA;M;CACTUS;SUCULENTAS;;C;CAMINO LAS PALMAS SITIO 4 RABUCO;19;302660;6359906;QUILLOTA;HIJUELAS;R;QUILLOTA;0,50;;RICARDO MATTE PEREZ 0381 SANTIAGO;XUL.ESCULTOR@GMAIL.COM;
VALPARAISO;;;O;;05-742;18-12-2014;JARDÍN TROPICAL;BERNABE ;CISTERNAS;JERIA;M;ORNAMENTALES;;;C;SITIO 2 SAN MANUEL ;19;278402;6414999;PETORCA;LA LIGUA;R;PETORCA;0,45;;ILLALOLEN S/N° LA LIGUA;RHONYCISTERNAS@GMAIL.COM;
REGION DEL LIBERTADOR GRAL. BERNARDO O´HIGGINS;;;O;;06-0347;08-06-2009;EL EDEN;JOSÉ MANUEL ;CASTRO;;M;ORNAMENTALES;;;C;LONGITUDINAL SUR KM 117;19;326781;6188871;CACHAPOAL;RENGO;R;RANCAGUA;0,5;0722-384070;PANAMERICA SUR KM 120;viveroseden@chile.com;
REGION DEL LIBERTADOR GRAL. BERNARDO O´HIGGINS;Ft;;;;06-0350;10-04-1980;RANCAGUA;SOC. VIVERO RANCAGUA;;;PJ;CEREZO;;;C;EL PORVENIR KM 82;19;340798;6222216;CACHAPOAL;RANCAGUA;R;RANCAGUA;10;251825;EL PORVENIR KM 82;vivero@viverorancagua.cl;
REGION DEL LIBERTADOR GRAL. BERNARDO O´HIGGINS;;Fo;O;;06-0351;10-08-1994;EL PANDAL;AGRICHILE;;;PJ;ORNAMENTALES;;;C;LOTE 9 A SAN GREGORIA CAMINO ANTIGO GRANEROS;19;340443;6229923;CACHAPOAL;GRANEROS;U;RANCAGUA;1;474177;LOTE 9 A SAN GREGORIA CAMINO ANTIGO GRANEROS;miguelperezpandal@gmail.com;
REGION DEL LIBERTADOR GRAL. BERNARDO O´HIGGINS;Ft;;;;06-0352;20-08-1987;REQUINOA;JUAN ;CONCHA;URETA;M;CEREZO;NECTARIN;VID;C;FUNDO EL SAUCE RINCON DEL ABRA S/N;19;328696;6208941;CACHAPOAL;REQUINOA;R;RANCAGUA;0,5;551916;FUNDO EL SAUCE RINCON DEL ABRA S/N;jpoblete@viverosrequinoa.cl;
REGION DEL LIBERTADOR GRAL. BERNARDO O´HIGGINS;Ft;;;;06-0353;27-08-1987;LA MAGDALENA;JUAN ;HENRIQUEZ;MARICH;M;NOGAL;;;C;PARCELA 12 ESMERALDA;19;325070;6197007;CACHAPOAL;RENGO;R;RANCAGUA;0,5;521758;PARCELA 5, 7 Y 33;melica@123.cl;
REGION DEL LIBERTADOR GRAL. BERNARDO O´HIGGINS;;Fo;;;06-0354;13-06-1996;VIVERO CAUQUENES;CODELCO CHILE;;;M;FORESTAL;;;A;HACIENDA LAGUNA DE CAUQUENES;19;344513;6210517;CACHAPOAL;REQUINOA;R;RANCAGUA;0,5;;HACIENDA LAGUNA DE CAUQUENES;cgutierrez@ntambiente.cl;
REGION DEL LIBERTADOR GRAL. BERNARDO O´HIGGINS;;;O;;06-0357;01-09-1987;JARDIN EL CARMEN;MANUEL ;SANDOVAL;;M;ORNAMENTALES;;;C;LAS ENCINAS 525;19;342342;6239421;CACHAPOAL;MOSTAZAL;U;RANCAGUA;0,025;4970897;LAS ENCINAS 525;;
REGION DEL LIBERTADOR GRAL. BERNARDO O´HIGGINS;Ft;;;;06-0360;03-03-1988;STA MARIA RANCAGUA;JOSÉ A. ;SOZA;;M;CEREZO;VID;;C;PARCELA 65 LOS SILOS DE TUNCA;19;344470;6223243;CACHAPOAL;GRANEROS;R;RANCAGUA;0,5;           02-2420448;PARCELA 65 LOS SILOS DE TUNCA;jpoblete@viverosrequinoa.cl;
REGION DEL LIBERTADOR GRAL. BERNARDO O´HIGGINS;Ft;;;;06-0361;03-09-2009;VIVERO EL AMANECER;SOC. AGR. EL AMANECER;;;PJ;CEREZO;CIRUELO;NECTARIN;C;FUNDO SANTA MARGARITA S/N;19;343821;6236876;CACHAPOAL;MOSTAZAL;R;RANCAGUA;0,5;444436;FUNDO SANTA MARGARITA S/N;jcastro@sfg.cl;
REGION DEL LIBERTADOR GRAL. BERNARDO O´HIGGINS;Ft;;;;06-0365;30-08-1990;EL CARMEN;PEDRO ;PINO;PINO;M;DURAZNERO;CEREZO;ALMENDRO;C;CASAS DEL CARMEN Nº 578;19;348183;6227237;CACHAPOAL;CODEGUA;R;RANCAGUA;0,2;;FCO. CORREA Nº 354 VILLA FIAT GRANEROS;;
REGION DEL LIBERTADOR GRAL. BERNARDO O´HIGGINS;;Fo;O;;06-0370;25-05-1993;MUNICIPAL;ILUSTRE MUNICIPALIDAD RANCAGUA;;;PJ;ORNAMENTALES;FORESTAL;;A;PARQUE COMUNAL S/N;19;340900;6217678;CACHAPOAL;RANCAGUA;U;RANCAGUA;0,35;228755;ILUSTRE MUNICIPALIDAD RANCAGUA;;
REGION DEL LIBERTADOR GRAL. BERNARDO O´HIGGINS;Ft;;;;06-0371;19-07-1994;LA ESTACION;SAMUEL ;BUDINICH;;M;CEREZO;CIRUELO;DURAZNERO;A;EL ALAMO LOTE C;19;342198;6238858;CACHAPOAL;MOSTAZAL;R;RANCAGUA;0,5;491076;EL ALAMO LOTE C;aliromiranda@gmail.com;
REGION DEL LIBERTADOR GRAL. BERNARDO O´HIGGINS;Ft;;;;06-0376;29-11-1995;LORETO-COLTAUCO;COSME ;ABARCA ;VERGARA;M;;DURAZNERO;NECTARIN;C;FUNDO QUIMAVIDA;19;316133;6211791;CACHAPOAL;COLTAUCO;R;RANCAGUA;1;;MANUEL ROMAN S/N;viverosloreto@hotmail,com;
REGION DEL LIBERTADOR GRAL. BERNARDO O´HIGGINS;Ft;;;;06-0377;27-11-1995;SANTA ANA;MAX ;MARTINEZ;;M;MANZANO;;;C;CERRILLOS SECTOR NUEVO;19;318458;6209997;CACHAPOAL;DOÑIHUE;R;RANCAGUA;5;462262;EL CERQUILLO /SAN JUAN / B. BASTIAS;viverosantaana@hotmail.com;
REGION DEL LIBERTADOR GRAL. BERNARDO O´HIGGINS;Ft;;;;06-0377;27-11-1995;SANTA ANA;MAX ;MARTINEZ;;M;MANZANO;;;C; V. CARTER;19;318878;6210822;CACHAPOAL;DOÑIHUE;R;RANCAGUA;5;462262;EL CERQUILLO /SAN JUAN / B. BASTIAS;viverosantaana@hotmail.com;
REGION DEL LIBERTADOR GRAL. BERNARDO O´HIGGINS;Ft;;;;06-0377;27-11-1995;SANTA ANA;MAX ;MARTINEZ;;M;MANZANO;;;C; EL CERRILLO;19;318468;6209594;CACHAPOAL;DOÑIHUE;R;RANCAGUA;5;462262;EL CERQUILLO /SAN JUAN / B. BASTIAS;viverosantaana@hotmail.com;
REGION DEL LIBERTADOR GRAL. BERNARDO O´HIGGINS;Ft;;;;06-0388;12-03-1997;EL CRUCERO;ALEJANDRO ;URQUIZA;;M;MANZANO;PERAL;;C;HIJUELA 1 EL CRUCERO CAMINO A TUNICHE;19;337897;6222749;CACHAPOAL;RANCAGUA;R;RANCAGUA;1;250817;HIJUELA 1 EL CRUCERO CAMINO A TUNICHE;viveroelcrucero@gmail.com;
REGION DEL LIBERTADOR GRAL. BERNARDO O´HIGGINS;Ft;;;;06-0389;11-04-1997;ARBOLES DE CHILE;ANIBAL ;HENRIQUEZ;;M;ORNAMENTALES;FORESTAL;;C;19-A PARCELA 19 ESMERALDA;19;324800;6198069;CACHAPOAL;RENGO;R;RANCAGUA;0,2;680087;19-A PARCELA 19 ESMERALDA;miariana@gmail.com;
REGION DEL LIBERTADOR GRAL. BERNARDO O´HIGGINS;Ft;;;;06-0390;03-05-1997;COPEQUEN;VIVERO COPEQUEN LTDA.;;;PJ;CEREZO;MANZANO;;C;CAMINO PUBLICO S/N COPEQUEN -SECTOR D;19;322119;6208567;CACHAPOAL;COINCO;R;RANCAGUA;24;441606;CASILLA Nº 34 CORREO COPEQUEN;v.copequen@prediosddc.cl;
REGION DEL LIBERTADOR GRAL. BERNARDO O´HIGGINS;Ft;;;;06-0390;03-05-1997;COPEQUEN;VIVERO COPEQUEN LTDA.;;;PJ;CEREZO;MANZANO;;C;CAMINO PUBLICO S/N COPEQUEN - SECTOR E;19;323761;6208483;CACHAPOAL;COINCO;R;RANCAGUA;24;441606;CASILLA Nº 34 CORREO COPEQUEN;v.copequen@prediosddc.cl;
REGION DEL LIBERTADOR GRAL. BERNARDO O´HIGGINS;Ft;;;;06-0391;24-07-1997;A P C;IGNACIO ;ALLIENDE;;M;PERAL;;;A;KOKALY, PUNTA DE CORTEZ;19;331011;6216148;CACHAPOAL;RANCAGUA;R;RANCAGUA;0,01;231455;KOKALY, PUNTA DE CORTEZ;puntacortez@123.cl;
REGION DEL LIBERTADOR GRAL. BERNARDO O´HIGGINS;;Fo;;;06-0392;11-06-1997;LOS ROBLES;ALEJANDRO ;MELLA;;M;FORESTAL;;;C;PARCELA SANTA RAQUEL LO DE LOBOS;19;332824;6194510;CACHAPOAL;RENGO;R;RANCAGUA;0,1;685223;PARCELA SANTA RAQUEL LO DE LOBOS;viveros.losrobles@hotmail.com;
REGION DEL LIBERTADOR GRAL. BERNARDO O´HIGGINS;Ft;;;;06-0393;17-06-1997;El  MANZANO;AGRICOLA EL MANZANO LTDA;;;PJ;MANZANO;DURAZNERO;;C;SANTA ISIDORA DE TUNCA Nº 11;19;342645;6223730;CACHAPOAL;CODEGUA;R;RANCAGUA;8;551916;SANTA ISIDORA DE TUNCA Nº 11;produccion@viverosrequinoa.cl;
REGION DEL LIBERTADOR GRAL. BERNARDO O´HIGGINS;Ft;;;;06-0394;17-06-1997;LOS GUINDOS;AGRÍCOLA LOS GUINDOS S.A.;;;PJ;MANZANO;DURAZNERO;;C;POTRERO SAN JOSÉ, RINCON DEL ABRA;19;328947;6208850;CACHAPOAL;REQUINOA;R;RANCAGUA;1,9;551916;SANTA ISIDORA DE TUNCA Nº 11;produccion@viverosrequinoa.cl;
REGION DEL LIBERTADOR GRAL. BERNARDO O´HIGGINS;Ft;;;;06-0396;02-09-1997;LA VEGA;RICARDO ;VALENZUELA;VARGAS;M;NECTARIN;;;C;PREDIO EL NARANJO, SECTOR CALIFORNIA S/N;19;321948;6211894;CACHAPOAL;DOÑIHUE;R;RANCAGUA;0,3;466160;SITIO S/N AVENIDA LAS ACACIAS CALIFORNIA;ricardovalenzuelavargas@gmail.com;
REGION DEL LIBERTADOR GRAL. BERNARDO O´HIGGINS;;;O;;06-0397;14-01-1998;LOS HELECHOS DE TIPAUME;JORGE ;ALIAGA;CORNEJO;M;ORNAMENTALES;;;C;PARCELA S/N KM 109 LONGITUDINAL SUR;19;325785;6196295;CACHAPOAL;RENGO;R;RANCAGUA;6;522053;PARCELA S/N KM 109 LONGITUDINAL SUR;;
REGION DEL LIBERTADOR GRAL. BERNARDO O´HIGGINS;;;O;;06-0398;06-03-1998;VIVERO Y  JARDIN CERRILLOS;ROBINSON ;CHANDIA;LARRY;M;ORNAMENTALES;;;C;ERRAZURIZ  N° 219;19;319216;6210755;CACHAPOAL;DOÑIHUE;U;RANCAGUA;0,3;462228;ERRAZURIZ Nº 219;agrocal@hotmail.com;
REGION DEL LIBERTADOR GRAL. BERNARDO O´HIGGINS;;;O;;06-0399;30-03-1998;JARDIN AYALEN;NARCISO ;MIRANDA;;M;ORNAMENTALES;;;C;POTRERILLO LOS BAÑOS;19;336008;6211473;CACHAPOAL;REQUINOA;R;RANCAGUA;0,1;391258;LONGITUDINAL SUR KM. 96 LOS LIRIOS;jaimemiranda1974@gmail.com;
REGION DEL LIBERTADOR GRAL. BERNARDO O´HIGGINS;;Fo;O;;06-0406;25-08-1999;CACHAPOAL;MARÍA PILAR;VIAL;;F;ORNAMENTALES;;;C;LONGITUDINAL ANTIGUO SUR S/N;19;334399;6207768;CACHAPOAL;REQUINOA;R;RANCAGUA;2;;LONGITUDINAL ANTIGUO SUR S/N;;
REGION DEL LIBERTADOR GRAL. BERNARDO O´HIGGINS;;;O;;06-0408;01-10-1999;COPIHUAL;RICARDO ;PONS;DUARTE;M;ORNAMENTALES;;;C;PARCELA 73 A SAN JOAQUIN DE LOS MAYOS;19;342256;6213164;CACHAPOAL;MACHALI;R;RANCAGUA;2;411649;PARCELA 73 A SAN JOAQUIN DE LOS MAYOS;abarcany@hotmail.com;
REGION DEL LIBERTADOR GRAL. BERNARDO O´HIGGINS;;;O;;06-0412;15-05-2000;JARDIN LAS 3 PATAGUAS;JOSÉ CRISTIAN;MACHUCA;;M;ORNAMENTALES;;;C;SITIO 33 LONGITUDINAL ANTIGUO;19;341535;6236304;CACHAPOAL;MOSTAZAL;R;RANCAGUA;0,18;;SITIO 33 LONGITUDINAL ANTIGUO;;
REGION DEL LIBERTADOR GRAL. BERNARDO O´HIGGINS;;;O;;06-0416;16-10-2001;JARDIN ENSUEÑO;SANTIAGO ;ROMERO;BELMAR;M;ORNAMENTALES;;;C;AVENIDA RECREO 1380;19;339941;6219972;CACHAPOAL;RANCAGUA;U;RANCAGUA;0,1;538132;AMSTERDAM 392 POBLACION LOS ALPES;sromerobelmar@hotmail.com;
REGION DEL LIBERTADOR GRAL. BERNARDO O´HIGGINS;Ft;;;;06-0420;12-09-2002;MANUEL BRAVO;MANUEL ;BRAVO;;M;DURAZNERO;;;C;EL ALAMO 18 EL MOLINO;19;314550;6206909;CACHAPOAL;COLTAUCO;U;RANCAGUA;0,1;;CORREO COLTAUCO;;
REGION DEL LIBERTADOR GRAL. BERNARDO O´HIGGINS;Ft;;;;06-0422;09-05-2003;JAYCO;JAVIER ;ALBORNOZ;MIRANDA;M;MANZANO;DURAZNERO;NECTARIN;C;PARCELA 7 HIJUELA 2, CALIFORNIA;19;329861;6204711;CACHAPOAL;REQUINOA;R;RANCAGUA;1;;RAMON MORALES PARCELA 2;jalbornozvivero@hotmail.com;
REGION DEL LIBERTADOR GRAL. BERNARDO O´HIGGINS;Ft;;;;06-0423;26-05-2003;SAN MANUEL;AUDOMIRO DEL TRÁNSITO;GONZALEZ;GONZALEZ;M;DURAZNERO;NECTARIN;DAMASCO;C;PARCELA LAS ROSAS SECTOR HIJUELA;19;320787;6211979;CACHAPOAL;DOÑIHUE;R;RANCAGUA;0,25;;CASA 128 RINCONADA DOÑIHUE;;
REGION DEL LIBERTADOR GRAL. BERNARDO O´HIGGINS;Ft;;;;06-0424;25-05-2003;FLORESTA;EDUARDO ;CERÓN;NUÑEZ;M;ALMENDRO;;;C;EL OLIVO RINCONADA DOÑIHUE;19;320850;6211445;CACHAPOAL;DOÑIHUE;R;RANCAGUA;0,75;452547;SAN MANUEL SECTOR HIJUELA;eduardoceron029@hotmail.com;
REGION DEL LIBERTADOR GRAL. BERNARDO O´HIGGINS;Ft;;;;06-0425;17-06-2003;LO DE CUEVAS;OSCAR EDUARDO;SILVA;CUEVAS;M;NECTARIN;DURAZNERO;;C;PARCELA EL OLIVO - LO DE CUEVAS;19;315025;6210709;CACHAPOAL;DOÑIHUE;R;RANCAGUA;1;;PARCELA 1 VISTA HERMOSA COLTAUCO;;
REGION DEL LIBERTADOR GRAL. BERNARDO O´HIGGINS;Ft;;;;06-0431;18-02-2004;LOS ENCINOS;SOC. AGR. LOS ENCINOS LTDA;;;PJ;ARÁNDANO;;;C;LORETO S/N COLTAUCO;19;313099;6206695;CACHAPOAL;COLTAUCO;U;RANCAGUA;0,5;;CASILLA Nº 5 COLTAUCO;viverolosencinos@gmail.com;
REGION DEL LIBERTADOR GRAL. BERNARDO O´HIGGINS;Ft;;O;;06-0433;28-07-2004;DOÑIHUE;ANDRÉS ;SOTO;MALDONADO;M;DURAZNERO;NECTARIN;;C;PARADERO 17, CERRILLO - SAN JOSE;19;317414;6208777;CACHAPOAL;DOÑIHUE;R;RANCAGUA;1,4;;CERRILLOS PARADERO 11;viverosdoñihue@hotmail.com;
REGION DEL LIBERTADOR GRAL. BERNARDO O´HIGGINS;Ft;;;;06-0439;28-09-2004;EL PERAL;ALEJANDRO ;TELLO;;M;NECTARIN;DURAZNERO;;C;PARCELA EL PERAL LO DE CUEVAS;19;315681;6210168;CACHAPOAL;COLTAUCO;R;RANCAGUA;0,5;98343739;PARCELA SAN LUIS, LOS BRONCES;;
REGION DEL LIBERTADOR GRAL. BERNARDO O´HIGGINS;;;O;;06-0445;05-10-2005;AGROFLORES;PATRICIA  ;OLGUIN;PINTO;F;ORNAMENTALES;;;C;LA CAPILLA / COPEQUEN;19;322571;6208428;CACHAPOAL;COINCO;U;RANCAGUA;0,5;441373;LA CAPILLA / COPEQUEN;;
REGION DEL LIBERTADOR GRAL. BERNARDO O´HIGGINS;Ft;;;;06-0448;27-10-2005;EL ALMENDRO;LUIS ;VERGARA ;RUBIO;M;NECTARIN;DURAZNERO;ALMENDRO;C;RINCONADA DE DOÑIHUE;19;320819;6212757;CACHAPOAL;DOÑIHUE;R;RANCAGUA;1,5;;RINCONADA DE DOÑIHUE;ricardovr65@hotmail.com;
REGION DEL LIBERTADOR GRAL. BERNARDO O´HIGGINS;;;O;;06-0449;17-11-2005;BERNARDITA;BERNARDITA ;CANTILLANA;;F;ORNAMENTALES;;;C;PARADERO 20 CAMINO CERRILLOS;19;317075;6208674;CACHAPOAL;DOÑIHUE;R;RANCAGUA;0,014;463019;PARADERO 20 CAMINO CERRILLOS;jardin_bernardita@hotmail.com;
REGION DEL LIBERTADOR GRAL. BERNARDO O´HIGGINS;;;O;;06-0451;19-12-2005;HUERTO SANTA SARITA;ELIANA ;CHIORRINI;GIVOVICH;F;ORNAMENTALES;;;C;AVENIDA SAN JUAN 1435;19;345778;6217944;CACHAPOAL;MACHALI;U;RANCAGUA;0,1;411040;AVENIDA SAN JUAN 1435;elianachiorrini@yahoo.com;
REGION DEL LIBERTADOR GRAL. BERNARDO O´HIGGINS;Ft;;;;06-0458;05-09-2006;CORCOLEN Nº 2;GLORIA ;LABRA;;F;DURAZNERO;CIRUELO;ALMENDRO;C;LAS PATAGUAS S/N;19;323976;6192498;CACHAPOAL;RENGO;R;RANCAGUA;6;681246;;viverocorcolen@gmail.com;
REGION DEL LIBERTADOR GRAL. BERNARDO O´HIGGINS;Ft;;O;;06-0474;30-03-2007;FLORA SILVESTRE;MARÍA INÉS ;BRAVO;A.;F;COPIHUE;;;A;CALLE PUBLICA S/N EL RULO;19;314361;6202219;CACHAPOAL;COINCO;U;RANCAGUA;0,1;           02-2733033;PEDRO SUBERCASEUX Nº 1575;virginiabra@gmail.com;
REGION DEL LIBERTADOR GRAL. BERNARDO O´HIGGINS;;;O;;06-0475;04-05-2007;JARDIN Y VIVEROS EL MOLINO;COSME ;ABARCA ;;M;ORNAMENTALES;;;C;PARCELACION LA GRUTA RUTA H-30;19;314535;6206690;CACHAPOAL;COLTAUCO;U;RANCAGUA;0,03;;;viverosloreto@hotmail,com;
REGION DEL LIBERTADOR GRAL. BERNARDO O´HIGGINS;;;O;;06-0485;23-07-2007;ANTU;RUTH ;ESPINDOLA ;S;F;ORNAMENTALES;;;C;SITIO S/N CALLEJON EL PEUMO LA PUNTA;19;347028;6235664;CACHAPOAL;MOSTAZAL;R;RANCAGUA;2;491310;SITIO S/N CALLEJON EL PEUMO LA PUNTA;ventas@viverosantu.cl;
REGION DEL LIBERTADOR GRAL. BERNARDO O´HIGGINS;;Fo;;;06-0487;20-08-2007;ARIGAL;JUAN RAMÓN ;GALVEZ;;M;PALMA CHILENA;;;C;AVENIDA LAS QUINTAS Nº 667 COLTAUCO;19;308760;6203317;CACHAPOAL;COLTAUCO;U;RANCAGUA;0,1;;AVENIDA LAS QUINTAS Nº 667;;
REGION DEL LIBERTADOR GRAL. BERNARDO O´HIGGINS;;;O;;06-0489;23-08-2007;JARDIN KYOTO;RENATO ;VIDAL;BARRAZA;M;BONSAY;;;C;CAMINO REAL 2550 LA SOLEDAD;19;340566;6231335;CACHAPOAL;GRANEROS;R;RANCAGUA;0,1;           02-2773132;LA CANADA Nº 6479;kyoto@vtr.net;
REGION DEL LIBERTADOR GRAL. BERNARDO O´HIGGINS;Ft;;O;;06-0492;11-09-2007;KARU;DANIEL ;DE PABLO;;M;ORNAMENTALES;NOGAL;;C;FUNDO LAS MERCEDES LONGITUDINAL SUR KM 96,5;19;333651;6208048;CACHAPOAL;REQUINOA;R;RANCAGUA;3;246176;PASEO NOCEDAL 856, VILLA CONSTANEA;danieldepablo@lagomaihue.cl;
REGION DEL LIBERTADOR GRAL. BERNARDO O´HIGGINS;Ft;;;;06-0498;06-11-2007;SERGIO TRONCOSO;SERGIO ;TROCOSO;;M;CEREZO;MANZANO;;C;PARCELA 13 EL CARMEN;19;350314;6226629;CACHAPOAL;CODEGUA;R;RANCAGUA;0,8;;CAMINO CARMEN 1059;sergiotroncoso@gmail.com;
REGION DEL LIBERTADOR GRAL. BERNARDO O´HIGGINS;;;O;;06-0502;19-11-2007;JARDIN STA ADRIANA;ALVARO GUILLERMO;NUÑEZ;F;M;ORNAMENTALES;;;C;PASAJE GENOVA Nº 1110;19;329579;6191857;CACHAPOAL;RENGO;U;RANCAGUA;0,3;0722-512216;PASAJE GENOVA Nº 1110;mabelnuñez@hotmail.com;
REGION DEL LIBERTADOR GRAL. BERNARDO O´HIGGINS;;;O;;06-0504;10-12-2007;ALAMEDA;JORGE ;MORENO;LÓPEZ;M;ORNAMENTALES;;;C;AVENIDA SAN JOAQUIN Nº 0415;19;343026;6217245;CACHAPOAL;RANCAGUA;U;RANCAGUA;0,05;;LOS OLIVOS 1683;;
REGION DEL LIBERTADOR GRAL. BERNARDO O´HIGGINS;;Fo;;;06-0534;20-04-2009;Central Hidroelectr CHACAYES;PACIF  HIDRO   CHACAYES;;;PJ;FORESTAL;;;A;PARCELA 19 RESTO SECTOR Nº 1 LOS CHACAYES;19;363411;6210588;CACHAPOAL;MACHALI;R;RANCAGUA;0,5;           02-5194200;PARCELA 19 RESTO SECTOR Nº 1 LOS CHACAYES;nuvia_silva@hotmail.com;
REGION DEL LIBERTADOR GRAL. BERNARDO O´HIGGINS;;Fo;O;;06-0535;20-04-2009;JOSÉ MANUEL GONZALEZ;JOSÉ  M  ;GONZÁLEZ;;M;FORESTAL;ORNAMENTAL;;C;ST Nº 2 LOTE A-1 ESMERALDA;19;326438;6199156;CACHAPOAL;RENGO;U;RANCAGUA;0,5;;ST Nº 2 LOTE A-1 ESMERALDA;;
REGION DEL LIBERTADOR GRAL. BERNARDO O´HIGGINS;;;;V;06-0536;15-05-2009;RICHTER CHILE LTDA;JUAN  P  ;CHWENCHE;;PJ;VID;;;C;LOTE 1 Y 6 DE HIJUELA SEGUNDA TUNICHE;19;338198;6223696;CACHAPOAL;RANCAGUA;R;RANCAGUA;3;393138;AV LOS CONQUISTADORES 1700;agrovitra@hotmail.com;
REGION DEL LIBERTADOR GRAL. BERNARDO O´HIGGINS;;;;V;06-0558;21-09-2009;LA GRANJA;GERARDO ;BUTRON;;M;VID;;;A;HJUELA SAN MANUEL;19;333008;6216470;CACHAPOAL;RANCAGUA;R;RANCAGUA;0,03;;STA MARIA DE LOS LIRIOS 9 B;;
REGION DEL LIBERTADOR GRAL. BERNARDO O´HIGGINS;;;O;;06-0560;21-09-2009;JARDIN LOS CEDROS;VICTOR ;SALDAÑA;R.;M;ORNAMENTALES;;;C;RUTA H 60 Nº 1370 C. A. MALLOA;19;326574;6191632;CACHAPOAL;RENGO;U;RANCAGUA;0,1;;RUTA H 60 Nº 1370 C. A. MALLOA;v.saldañar@gmail.com;
REGION DEL LIBERTADOR GRAL. BERNARDO O´HIGGINS;Ft;;O;;06-0561;24-09-2009;JARDIN   EL ACACIO;MANUEL ;MALDONADO;;M;ORNAMENTALES;;;C;AVENIDA EL ACACIO Nº 191 EL ALMENDRO;19;309136;6204179;CACHAPOAL;COLTAUCO;R;RANCAGUA;0,5;;AUTOPISTA H-30;;
REGION DEL LIBERTADOR GRAL. BERNARDO O´HIGGINS;;;;V;06-0563;29-09-2009;VIÑA CRUZ DE TRIANA;GERMÁN;SALAYA;BAZAÑEZ;M;VID;;;A;PARADERO 25 EL ARROZAL Y 4.TA HIJUELA;19;338073;6226654;CACHAPOAL;GRANEROS;R;RANCAGUA;0,3;473470;CAMINO SANTA ELENA FUNDO EL CARMEN;germansalaya@gmail.com;
REGION DEL LIBERTADOR GRAL. BERNARDO O´HIGGINS;Ft;;;V;06-0587;13-07-2010;SANTA LUCILA;JUAN ;REYES ;URRIETA;M;CEREZO;DURAZNERO;NECTARIN;C;FUNDO SANTA LUCILA;19;329572;6207406;CACHAPOAL;REQUINOA;R;RANCAGUA;1;586210;FUNDO SANTA LUCILA;santalucila@123.cl;
REGION DEL LIBERTADOR GRAL. BERNARDO O´HIGGINS;Ft;Fo;;;06-0594;07-09-2010;AGRICOLA CONDESENDE;AURELIO ;MENDEZ;L;M;ARÁNDANO;FORESTAL;;C;CAM. EL PLACER Nº 500 RINCONADA DE MALAMBO;19;330056;6188396;CACHAPOAL;RENGO;R;RANCAGUA;0,3;94517774;CAM. EL PLACER Nº 500 RINCONADA DE MALAMBO;colmedo@bluevalley.cl;
REGION DEL LIBERTADOR GRAL. BERNARDO O´HIGGINS;Ft;;;;06-0598;06-09-2010;EDUARDO FLORES;EDUARDO ;FLORES;ARANEDA;M;CIRUELO;;;A;PARCELA 60 Y 63  PATRIA NUEVA;19;340200;6237656;CACHAPOAL;MOSTAZAL;R;RANCAGUA;0,5;;PARCELA 60, PATRIA NUEVA;lalofloresa@hotmail.com;
REGION DEL LIBERTADOR GRAL. BERNARDO O´HIGGINS;;Fo;;;06-0616;03-11-2010;VIVERO SAN ANTONIO;RICARDO ;GALVEZ;;M;PALMA CHILENA;;;C;AVENIDAS LAS QUINTAS Nº 685;19;308712;6203363;CACHAPOAL;COLTAUCO;U;RANCAGUA;0,1;7997251;AVENIDA LAS QUINTAS  Nº 667;ricardoantoniogalvez@gmail.com;
REGION DEL LIBERTADOR GRAL. BERNARDO O´HIGGINS;;Fo;;;06-0617;25-11-2010;V. TEPECHAC;DIEGO ;GALVEZ;;M;PALMA CHILENA;;;C;HIJUELA DEL MEDIO S/N;19;312809;6211085;CACHAPOAL;COLTAUCO;U;RANCAGUA;0,6;93111263;AVENIDA LAS QUINTAS  Nº 667;diegogalvez2@yahoo.com;
REGION DEL LIBERTADOR GRAL. BERNARDO O´HIGGINS;;;O;;06-0625;16-03-2011;V. LAS PALMAS;HUMBERTO ;CACERES;C;M;PALMA CHILENA;;;C;CARRETERA H-30 PARCELA N°3;19;305535;6202616;CACHAPOAL;COLTAUCO;R;RANCAGUA;0,1;;CARRETERA H-30 PARCELA N°3;luiscaceres@hotmail.com;
REGION DEL LIBERTADOR GRAL. BERNARDO O´HIGGINS;Ft;;;V;06-0634;28-03-2011;VIVERO SAN GABRIEL;MANUEL ;PIZARRO;AHUMADA;M;NOGAL;MANZANO;VID;C;PATRIA NUEVA PARCELA 59, 73 Y 74;19;340907;6237544;CACHAPOAL;MOSTAZAL;R;RANCAGUA;5;;PATRIA NUEVA PARCELA 59, 73 Y 74;manuelpizarroahumada@gmail.com;
REGION DEL LIBERTADOR GRAL. BERNARDO O´HIGGINS;Ft;;;;06-0637;13-04-2011;EL OLIVO;LUIS ;VERGARA ;RUBIO;M;NEMAGUARD;;;C;RINCONADA DE DOÑIHUE, SECTOR EL OLIVO;19;321052;6211644;CACHAPOAL;CODEGUA;R;RANCAGUA;0,7;;FDO STA  ESTER,TUNCA ARRIBA;;
REGION DEL LIBERTADOR GRAL. BERNARDO O´HIGGINS;Ft;;;;06-0640;19-05-2011;SANTA EUGENIA;JAIME ;MORALES;;M;NOGAL;;;C;LOS CRUCEROS, CALLEJÓN DUARTE;19;325018;6210749;CACHAPOAL;COINCO;R;RANCAGUA;4;281068;LOS ENCINOS SANTA ROSA, EL CANELO 028;moralesfigueroa11@gmail.com;
REGION DEL LIBERTADOR GRAL. BERNARDO O´HIGGINS;;;;V;06-0648;29-07-2011;BROTE VERDE;BROTE VERDE;;;PJ;VID;;;C;FUNDO EL RINCON S/N CHANQUEAHUE;19;339053;6185794;CACHAPOAL;RENGO;R;RANCAGUA;3;680129;;raguiarviveros@broteverde.com;
REGION DEL LIBERTADOR GRAL. BERNARDO O´HIGGINS;Ft;;;;06-0651;02-09-2011;VIVEROS FRANCIA;EDITH  ;TAPIA;ALBORNOZ;F;NEMAGUARD;;;C;LOTE 1 PC-34 Y SITIO 37  PARCELACIÓN SAN JOSÉ;19;330969;6208270;CACHAPOAL;REQUINOA;R;RANCAGUA;0,8;89897677;SITIO37 PARCELACIÓN SAN JOSÉ;;
REGION DEL LIBERTADOR GRAL. BERNARDO O´HIGGINS;Ft;Fo;;;06-0656;23-09-2011;DOÑA PATRICIA;PATRICIA  ;RUBIO;;F;NOGAL;;;C;LOTE N° 7, PARCELA N°8 LOS CHOAPINOS;19;329975;6200405;CACHAPOAL;RENGO;R;RANCAGUA;1,2;87966004;LOTE N° 7 DE PARCELA N°8  LOS CHOAPINOS;pati73300@hotmail.com;
REGION DEL LIBERTADOR GRAL. BERNARDO O´HIGGINS;Ft;;;;06-0663;19-10-2011;SEMINARIO;ALVARO ;JIMENEZ;SEMINARIO;M;NOGAL;;;C;PATRIA NUEVA PARCELA 58;19;340723;6237370;CACHAPOAL;MOSTAZAL;R;RANCAGUA;3;;PATRIA NUEVA PARCELA 58;manuelpizarroahumada@gmail.com;
REGION DEL LIBERTADOR GRAL. BERNARDO O´HIGGINS;Ft;;;;06-0669;08-11-2011;V. CEREZALES;VICTOR ;SILVA;;PJ;CEREZO PATRÓN;;;A;CALLEJÓN LOS CRUCEROS S/N;19;324164;6210660;CACHAPOAL;COINCO;R;RANCAGUA;1,3;;;fruticolacerezales@gmail.com;
REGION DEL LIBERTADOR GRAL. BERNARDO O´HIGGINS;;Fo;O;;06-0674;23-01-2012;PEYUMAPU;VICTOR ;HUILLIN;HUAYQUIMIL;M;FORESTAL;ORNAMENTAL;;C;LOTE B, 1B N° 26  RENGO;19;326949;6201711;CACHAPOAL;RENGO;R;RANCAGUA;0,2;;LOTE B - 1B  N° 22   RENGO;jhconstructor@gmail.com;
REGION DEL LIBERTADOR GRAL. BERNARDO O´HIGGINS;Ft;;;;06-0675;06-02-2012;VIVERO VISTA VOLCAN;AGRÍCOLA Y FORESTAL VISTA VOLCAN LTDA.;;;PJ;NOGAL;;;C;PARCELA N° 2 - CAMINO A TOTIHUE  KM 3,2;19;334774;6199810;CACHAPOAL;REQUINOA;R;RANCAGUA;3;02-2450980;APOQUINDO N° 3000 - PISO N° 12;raimundo.arnais@gmail.com;
REGION DEL LIBERTADOR GRAL. BERNARDO O´HIGGINS;;Fo;O;;06-0678;14-03-2012;ESCUELA AGRÍCOLA SAN VICENTE DE PAUL;ESCUELA AGRÍCOLA SAN VICENTE DE PAUL;;;PJ;ARRAYAN;QUILLAY;BOLDO;A;FUNDO QUIMAVIDA, LOS BRONCES;19;315870;6212285;CACHAPOAL;COLTAUCO;R;RANCAGUA;0,1;0722-463101;FUNDO QUIMAVIDA, COLTAUCO;caroca_86@yahoo.es;
REGION DEL LIBERTADOR GRAL. BERNARDO O´HIGGINS;Ft;;;;06-0679;09-032012;EL BOSQUE;GABRIEL RICARDO;VERGARA ;RUBIO;M;ALMENDRO;NEMAGUARD;;C;PARADERO N° 5, RINCONADA DE DOÑIHUE;19;321169;6212911;CACHAPOAL;DOÑIHUE;R;RANCAGUA;0,5;91686107;AVENIDA VATICANO N° 45, DOÑIHUE;ricardovr65@hotmail.com;
REGION DEL LIBERTADOR GRAL. BERNARDO O´HIGGINS;Ft;;;;06-0681;14-05-2012;VIVERO COINCO;JAIME ;SOTO;NAVARRETE;M;CEREZO;NOGAL;;C;PARCELA EL BOSQUE S/N;19;319368;6207578;CACHAPOAL;COINCO;R;RANCAGUA;2;02-7384279;AV. DEL VALLE N° 601. OF 62, HUECHURABA;roberto.olea28@gmail.com;
REGION DEL LIBERTADOR GRAL. BERNARDO O´HIGGINS;Ft;;;;06-0683;11-06-2012;VIVERO RANCAGUA SANTA ELENA;SOCIEDAD VIVEROS RANCAGUA S.A.;;;PJ;CEREZO;PERAL;;C;PARECLA N° 4, SANTA ELENA;19;329770;6221260;CACHAPOAL;RANCAGUA;R;RANCAGUA;20;072-251825;EL PORVENIR, KM 82 DE RANCAGUA;vivero@viverorancagua.cl;
REGION DEL LIBERTADOR GRAL. BERNARDO O´HIGGINS;;Fo;O;;06-0691;06-07-2012;SANTA JULIA;SERGIO ;ORTIZ;TAPIA;M;MAGNOLIO;CRESPON;HORTENSIA;C;ARTURO PRAT N° 1634 - RENGO;19;329880;6192502;CACHAPOAL;RENGO;U;RANCAGUA;0,1;71337601;ARTURO PRAT N° 1634 - RENGO;;
REGION DEL LIBERTADOR GRAL. BERNARDO O´HIGGINS;Ft;Fo;O;;06-0703;05-09-2012;PARAISO;CARMEN ROSA;MORENO;ARAYA;F;PALMERA;PETUNIA;AZALEA;C;CALLEJÓN LO PINTO N° 117 - ISLA NORTE - CODEGUA;19;348448;6233934;CACHAPOAL;CODEGUA;R;RANCAGUA;0,1;77286399;CALLEJÓN LO PINTO N° 117 - ISLA NORTE - CODEGUA;macapis@hotmail.com;
REGION DEL LIBERTADOR GRAL. BERNARDO O´HIGGINS;Ft;Fo;O;;06-0704;05-09-2012;VIVERO JARDIN CABAÑA DE ROSAS;GLADYS;MORALES ;JARA;F;ROSAL;ASTROMELIAS;PALMERA;C;PANAMERICANA SUR N° 180 - LA CABAÑA - GRANEROS;19;341349;6225566;CACHAPOAL;GRANEROS;R;RANCAGUA;0,1;472628;PANAMERICANA SUR N° 180 - LA CABAÑA - GRANEROS;kiki.morales@gmail.com;
REGION DEL LIBERTADOR GRAL. BERNARDO O´HIGGINS;Ft;;;;06-0712;29-09-2012;VIVERO EL MAITEN;LUIS EMILIO;PEREZ;CARREÑO;M;POMACEAS;DURAZNERO;;C;AV. LA COMPAÑÍA - EL MAITÉN SITIO N° 4;19;345373;6226784;CACHAPOAL;GRANEROS;R;RANCAGUA;0,1;622181;AV. LA COMPAÑÍA - EL MAITÉN SITIO N° 4;lemiloperacarreno@hotmail.com;
REGION DEL LIBERTADOR GRAL. BERNARDO O´HIGGINS;Ft;;;;06-0713;24-07-2012;MARIGEN;MARÍA ANGÉLICA;STUVEN;CANGAS;F;ARÁNDANO;;;C;PARCELA LA NEGRA, LOS ARCOS N° 731 - ROSARIO;19;332164;6197036;CACHAPOAL;RENGO;R;RANCAGUA;0,1;63907351;PARCELA LA NEGRA, LOS ARCOS N° 731 - ROSARIO;mastuven@hotmail.com;
REGION DEL LIBERTADOR GRAL. BERNARDO O´HIGGINS;Ft;;;;06-0714;24-09-2012;VIVERO SAN FRANCISCO;ISABEL;BERRIOS;MARCHANT;F;CEREZO;;;C;FUNDO LA ESTACION;19;340991;6239428;CACHAPOAL;MOSTAZAL;R;RANCAGUA;0,1;74174887;FUNDO LA ESTACION;isa_b17@hotmail.com;
REGION DEL LIBERTADOR GRAL. BERNARDO O´HIGGINS;Ft;;;;06-0716;08-09-2012;VIVERO SAN FRANCISCO JAVIER;ALEJANDRO ;TELLO;SANCHEZ;M;NECTARIN;DURAZNERO;;C;MONTE GRANDE BAJO S/N - COLTAUCO;19;311405;6203901;CACHAPOAL;COLTAUCO;R;RANCAGUA;0,5;;CORREO COLTAUCO;lascarretas@laronciere.com;
REGION DEL LIBERTADOR GRAL. BERNARDO O´HIGGINS;Ft;;;;06-0720;08-11-2012;SOC. AGRICOLA SANTA AMELIA LTDA.;OSCAR;ALIAGA;ORTEGA;M;CEREZO;;;C;PARCELA N° 29, JULIO SILVA INTERIOR - OLIVAR;19;333165;6211111;CACHAPOAL;OLIVAR;R;RANCAGUA;0,5;;NOCEDAL N° 8891 - VILLA CONSTANZA RANCAGUA;oscar.aliaga.ortega@gmail.com;
REGION DEL LIBERTADOR GRAL. BERNARDO O´HIGGINS;;;O;;06-0721;08-11-2012;BENJAMIN;JULIA ;DONOSO;CÁCERES;F;GOMERO;BEGONIA;HELECHO;C;RINCONADA DE MALAMBO N° 1542;19;330801;6190338;CACHAPOAL;RENGO;U;RANCAGUA;0,1;;RINCONADA DE MALAMBO N° 1542;;
REGION DEL LIBERTADOR GRAL. BERNARDO O´HIGGINS;;;O;;06-0727;09-01-2013;CREACIONES ARBOLICAS EUGE;EUGENIA;ROJAS ;MATUS;F;CACTUS;ROSAL;PALMERA;C;ERNESTO RIQUELME N° 501;19;328815;6191630;CACHAPOAL;RENGO;U;RANCAGUA;0,1;515216;ERNESTO RIQUELME N° 501;eugeastrid@live.cl;
REGION DEL LIBERTADOR GRAL. BERNARDO O´HIGGINS;;;O;;06-0728;13-02-2013;JARDIN LUCIA;ARIEL SILVESTRE;REINOSO;ROJAS;M;FLORES TEMPORALES;PALMERA;GOMERO;C;CALLE ESTADIO N° 323 - A - GRANEROS;19;340130;6228428;CACHAPOAL;GRANEROS;U;RANCAGUA;0,3;;CALLE ESTADIO N° 323 - A - GRANEROS;ariel_reinoso2@yahoo.com;
REGION DEL LIBERTADOR GRAL. BERNARDO O´HIGGINS;;;O;;06-0737;04-06-2013;FLORES ANGELICA;ANGÉLICA ;ALLENDES;SALINAS;F;FLORES DE TEMPORADA;ARALIA;CAMELIA;C;AVENIDA LA PAZ S/N - LO ULLOA;19;307368;6204441;CACHAPOAL;COLTAUCO;U;RANCAGUA;0,1;072-2451856;AVENIDA LA PAZ S/N - LO ULLOA;angélica.allendes@gmail.com;
REGION DEL LIBERTADOR GRAL. BERNARDO O´HIGGINS;Ft;;;;06-0738;04-06-2013;AGRICOLA MONTEPATRIA;SOCIEDAD AGRÍCOLA MONTEPATRIA LTDA.;;;PJ;CEREZO;;;C;FUNDO SANTA MARTA S/N, CRUCE LAS MERCEDES;19;333935;6206701;CACHAPOAL;REQUINOA;R;RANCAGUA;0,15;072- 2955262;FUNDO SANTA MARTA,S/N CASILLA N°126;agricolamontepatria@hotmail.es;
REGION DEL LIBERTADOR GRAL. BERNARDO O´HIGGINS;;;O;;06-0739;04-06-2013;JARDIN CRISTI;MARÍA CRISTINA;JIMÉNEZ;ORELLANA;F;CLAVELÓN;SALVIA ROJA;FLORES DE TEMPORADA;C;AVENIDA LA PAZ S/N - LO ULLOA;19;307390;6204451;CACHAPOAL;COLTAUCO;U;RANCAGUA;0,1;74718190;AVENIDA LA PAZ S/N - LO ULLOA;mariacristina2918@hotmail.com;
REGION DEL LIBERTADOR GRAL. BERNARDO O´HIGGINS;;Fo;O;;06-0743;30-09-2014;VIVERO MUNDO VERDE;SILVERIO;SALDAÑA;ABARCA;M;CRISANTEMO;PALMA;;C;CARRETERA PANAMERICANA SUR KM 113,8;19;327932;6191918;CACHAPOAL;RENGO;U;RANCAGUA;0,5;65881789;CAMINO A MALLOA S/N KM 1,6;cotosalda@gmail.com;
REGION DEL LIBERTADOR GRAL. BERNARDO O´HIGGINS;Ft;;;;06-0745;11-09-2013;VIVERO RETOÑO;AGRÍCOLA LOS RETOÑOS LTDA.;;;PJ;NOGAL;;;C;CAMINO PIMPINELA, PARCELA N° 10 - TOTIHUE;19;339479;6199540;CACHAPOAL;REQUINOA;R;RANCAGUA;1;072-2551171;CASILLA N° 53 REQUINOA;jico@renuevos.cl;
REGION DEL LIBERTADOR GRAL. BERNARDO O´HIGGINS;;Fo;O;;06-0749;15-10-2013;VIVERO SAN JOSE;JOSÉ;AVILES;FUENTES;M;QUILLAY;PEUMO;ROBLE;C;CAMINO INTERIOR LAS PARCELAS 2305;19;323963;6197186;CACHAPOAL;RENGO;R;RANCAGUA;1,1;89573188;CAMINO INTEROR LAS PARCELA N° 2305;jdafu88@gmail.com;
REGION DEL LIBERTADOR GRAL. BERNARDO O´HIGGINS;Ft;Fo;O;;06-0760;27-01-2014;FLORES CHILLEHUE;PAOLA;PARRAGUEZ;SOTO;F;FLORES DE TEMPORADA;;;C;PARCELA N° 4 CHILLEHUE;19;317273;6200736;CACHAPOAL;COINCO;R;RANCAGUA;0,15;;BERNARDO O´HIGGINS # 883 COINCO;m.valenzuela10@gmail.com;
REGION DEL LIBERTADOR GRAL. BERNARDO O´HIGGINS;Ft;;;;06-0761;19-02-2014;LOS BRONCES;RAMON;ACHURRA;LARRAIN;PJ;MANZANO;;;C;SECTOR LORETO S/N;19;312529;6205807;CACHAPOAL;COLTAUCO;R;RANCAGUA;1,5;0722-462215;CASILLA # 333 COLTAUCO;jaimeespinoza@gruporal.cl;
REGION DEL LIBERTADOR GRAL. BERNARDO O´HIGGINS;Ft;;;;06-0772;24-04-2014;COINCO LO DE LOBO;JAIME ;SOTO;NAVARRETE;M;CEREZO;;;C;PROYECTO PARCELACION LA ARIANA, PC 6 FUNDO AMANCAI;19;334545;6194394;CACHAPOAL;RENGO;R;RANCAGUA;1,5;96192774;AVENIDA EL VALLE N° 601 OFICINA 62, HUECHURABA;jsoto@gmail.com;
REGION DEL LIBERTADOR GRAL. BERNARDO O´HIGGINS;Ft;;;;06-0773;24-04-2014;LA PUNTILLA;LA COMERCIAL AGRICOLA CACHAPOAL S.P.A.;;;PJ;CEREZO;;;C;CAMINO LA PUNTILLA S/N;19;325081;6210037;CACHAPOAL;COINCO;R;RANCAGUA;1,5;78878284;MAGALY URZUA N° 38, REQUINOA;rolandoyañe@gmail.com;
REGION DEL LIBERTADOR GRAL. BERNARDO O´HIGGINS;;Fo;O;;06-0774;21-04-2014;PUCARÁ;GERMÁN;VÁSQUEZ;ALMENDRAS;M;ORNAMENTALES;FORESTAL;;C;LA ANIVANA SITIO N° 11, SECTOR LA COMPAÑÍA;19;344356;6227664;CACHAPOAL;GRANEROS;R;RANCAGUA;0,4;87149980;EL MOLINO N° 178 VILLA LA COMPAÑÍA;germi_jardin@hotmail.com;
REGION DEL LIBERTADOR GRAL. BERNARDO O´HIGGINS;Ft;;;;06-0775;28-04-2014;VIVERO LORETO DOS;COSME ;ABARCA ;VERGARA;M;CEREZO;;;C;HIJUELA EL MILAGRO, LA GUILLERMINA, MOSTAZAL;19;341870;6235160;CACHAPOAL;MOSTAZAL;R;RANCAGUA;0,8;97461603;CASILLA 11 COLTAUCO;viverosloreto@hotmail,com;
REGION DEL LIBERTADOR GRAL. BERNARDO O´HIGGINS;Ft;;;;06-0780;12-06-2014;BLOQUE FUNDACION HERENCIA;VIÑA SANTA CAROLINA SA.;    -------;    ---------;PJ;VID;;;A;LOTE N° 4-B, PARCELA N° 4 PROYECTO DE PARC TOTIHUE;19;334527;6199248;CACHAPOAL;REQUINOA;R;RANCAGUA;2;24503000;TIL TIL  N° 2228 MACUL;jbalicsantacarolina.cl;
REGION DEL LIBERTADOR GRAL. BERNARDO O´HIGGINS;Ft;;;V;06-0782;04-07-2014;AGROVIVEROS RENGO LTDA;AGROVIVEROS RENGO LTDA;;;PJ;CEREZO;MANZANO;PERAL;C;CAMINO VECINAL S/N, LO DE LOBOS;19;332920;6194271;CACHAPOAL;RENGO;R;RANCAGUA;0,78;61535968;NARANJO AGRIO N° 17 LO DE LOBO;p.arenas.vidal@gmail.com;
REGION DEL LIBERTADOR GRAL. BERNARDO O´HIGGINS;Ft;Fo;O;V;06-0783;07-07-2014;JARDIN SAN IGNACIO;FRANCISCA ;TOLEDO;PONCE;F;ORNAMENTALES;FORESTAL;;C;PARCELA N° 4 PARCELACION SAN IGNACIO;19;342710;6240912;CACHAPOAL;MOSTAZAL;R;RANCAGUA;0,5;62437763;PARCELA N° 4 PARCELACION SAN IGNACIO;fran.toledo.p@hotmail.com;
REGION DEL LIBERTADOR GRAL. BERNARDO O´HIGGINS;;;;V;06-0784;14-07-2014;VIVERO LOS CASTAÑOS;RODRIGO ;MUÑOZ;FERRER;M;VID;;;A;FUNDO LOS CASTAÑOS, HIJUELA 1 LOTE B;19;336611;6201877;CACHAPOAL;REQUINOA;R;RANCAGUA;0,25;072-2551042;FUNDO LOS CASTAÑOS, HIJUELA 1 LOTE B;rodrigom321@gmail.com;
REGION DEL LIBERTADOR GRAL. BERNARDO O´HIGGINS;Ft;;O;;06-0785;23-07-2014;FLOR CRISTINA;MARIA ;DONOSO;LECAROS;F;ORNAMENTALES;;;C;SITIO N° 23, CALLE EL MOLINO;19;332243;6206284;CACHAPOAL;REQUINOA;R;RANCAGUA;0,04;85310627;CORREO REQUINOA;;
REGION DEL LIBERTADOR GRAL. BERNARDO O´HIGGINS;Ft;;;;06-0796;29-09-2014;BIOPLANT;HUGO;OSSES;LABRA;M;FRUTAL;PORTAINJERTOS  CEREZOS;;C;CAMINO PRINCIPAL n° 127, LO DE LOBO;19;332999;6194417;CACHAPOAL;RENGO;R;RANCAGUA;0,2;97564807;CAMINO PRINCIPAL n° 127, LO DE LOBO;hugosseslabra@gmail.com;
REGION DEL LIBERTADOR GRAL. BERNARDO O´HIGGINS;Ft;;;;06-0797;29-09-2014;DOS MARÍAS;JEAN PIERRE;PERRET;;M;FRUTAL;CEREZO;;C;CALLEJON DE NOGALES S/N HIJUELA 3;19;343530;6231037;CACHAPOAL;CODEGUA;R;RANCAGUA;0,5;98255835;DIEGO DE LA DEZA N° 1426;contabilidad@elamet.cl;
REGION DEL LIBERTADOR GRAL. BERNARDO O´HIGGINS;Ft;;;;06-0799;30-09-2014;RINCONADA;MATÍAS;ALAMO ;CONCHA;M;FRUTAL;CEREZO;CIRUELO;C;CAMINO REAL N° 04320;19;338961;6224453;CACHAPOAL;GRANEROS;R;RANCAGUA;2;072-2471735;CASILLA 75, GRANEROS;jcpalominos@tuniche.cl;
REGION DEL LIBERTADOR GRAL. BERNARDO O´HIGGINS;Ft;;;;06-0800;29-09-2014;SAN ESTEBAN;JULIO;QUEVEDO;LÓPEZ;M;FRUTAL;CEREZO;;C;LOTE 6C EL MAITEN S/N;19;336475;6211888;CACHAPOAL;REQUINOA;R;RANCAGUA;0,052;92236261;EL MAITEN S/N;;
REGION DEL LIBERTADOR GRAL. BERNARDO O´HIGGINS;Ft;;;;06-0801;30-09-2014;SAN GABRIEL 2;MANUEL ;PIZARRO;AHUMADA;M;FRUTAL;PERAL;MANZANO;C;"HIJUELA ""A"" FUNDO SANTA ANA";19;343530;6224698;CACHAPOAL;GRANEROS;R;RANCAGUA;6;79598748;SANTA TERESA N° 50;manuelpizarroahumada@gmail.com;
REGION DEL LIBERTADOR GRAL. BERNARDO O´HIGGINS;Ft;;;;06-0802;30-09-2014;SANTA AGUSTINA;SERGIO ;TROCOSO;VALENZUELA;M;FRUTAL;CEREZO;;A;CAMINO EL CARMEN N° 1059;19;350546;6226916;CACHAPOAL;CODEGUA;R;RANCAGUA;0,25;67127525;CAMINO EL CARMEN N° 1059;sergiotroncoso@gmail.com;
REGION DEL LIBERTADOR GRAL. BERNARDO O´HIGGINS;Ft;;;;06-0803;30-09-2014;UNIVIVEROS;SOC. AGRÍCOLA UNIAGRI COPIAPÓ LTDA.;;;M;FRUTAL;MANZANO;;C;"HIJUELA ""A"" FUNDO SANTA ANA";19;342429;6224687;CACHAPOAL;GRANEROS;R;RANCAGUA;7;8241340;AV. 18 DE SEPTIEMBRE N° 6578;manuelpizarroahumada@gmail.com;
REGION DEL LIBERTADOR GRAL. BERNARDO O´HIGGINS;Ft;;;;06-0804;30-09-2014;ÑILHUE;AGRÍCOLA ÑILHUE LTDA;;;M;FRUTAL;PYRUS CALLERYANA;;A;CAMINO EL CARMEN S/N;19;347044;6227234;CACHAPOAL;CODEGUA;R;RANCAGUA;0,2;64686769;CAMINO EL CARMEN S/ N;sortizdiban@gmail.com;
REGION DEL LIBERTADOR GRAL. BERNARDO O´HIGGINS;Ft;Fo;O;;06-0112;01-09-1984;JARDIN PELEQUEN;ANA PATRICIA;AVENDAÑO;BUSTAMANTE;F;PALMERA;LIQUIDAMBAR;;C;KM. 123. RUTA 5 SUR;19;325788;6185140;CACHAPOAL ;MALLOA;R;SAN VICENTE;1;83751482;CARRETERA 5 SUR. KM. 120. PELEQUEN;;
REGION DEL LIBERTADOR GRAL. BERNARDO O´HIGGINS;;Fo;O;;06-0121;11-07-1990;JARDIN PORTEZUELO;JOSE LUIS;VEJAR;CAMPOS;M;ACER JAPONICO;EVONIMO;VERONICA;C;PORTEZUELO;19;326212;6186304;CACHAPOAL ;MALLOA;R;SAN VICENTE;0,1;;CORREO PELEQUEN;;
REGION DEL LIBERTADOR GRAL. BERNARDO O´HIGGINS;Ft;Fo;O;;06-0145;16-09-1996;SAN RAFAEL;IRMA;URRUTIA;BAEZA;F;PETUNIA;PENSAMIENTO;OREJA DE OSO;C;RUTA H-66-G. KM. 1. LIMAHUE;19;324551;6184795;CACHAPOAL ;MALLOA;R;SAN VICENTE;0,5;;CORREO PELEQUEN;jardinlimahue@hotmail.com;
REGION DEL LIBERTADOR GRAL. BERNARDO O´HIGGINS;Ft;Fo;O;;06-0149;18-02-1997;VIVEROS MALLOA;CARLOS HORACIO;ARREDONDO;ARAVENA;M;PALMERA;;;C;RUTA H-66-G. MALLOA;19;320405;6184917;CACHAPOAL ;MALLOA;R;SAN VICENTE;0,5;387085;CASILLA 250. RENGO;c.arredondo.malloa@gmail.com;
REGION DEL LIBERTADOR GRAL. BERNARDO O´HIGGINS;Ft;Fo;;V;06-0155;18-07-1996;VIVERO LIMAHUE;SOC. AGR. ZAVALA ALLENDE S. A.;SOC. AGR. ZAVALA ALLENDE S. A.;;PJ;OLIVO;;;C;LIMAHUE;19;323182;6184240;CACHAPOAL ;MALLOA;R;SAN VICENTE;0,25;;CORDILLERA DE DOMEIKO 73. MAIPU;juanzaa@gmail.com;
REGION DEL LIBERTADOR GRAL. BERNARDO O´HIGGINS;Ft;Fo;O;;06-0177;01-08-2002;VIVERO CORCOLEN;JOSE PATRICIO;FARIAS;CORNEJO;M;CEREZO;DURAZNERO;NECTARIN;C;PANQUEHUE S/N;19;323327;6190395;CACHAPOAL ;MALLOA;R;SAN VICENTE;8;;CARLOS CONDELL 1196. RENGO;viverocorcolen@gmail.com;
REGION DEL LIBERTADOR GRAL. BERNARDO O´HIGGINS;;;;V;06-0184;01-08-2003;VIVEROS NUEVA VID;VIVEROS NUEVA VID S. A.;VIVEROS NUEVA VID S. A.;;PJ;VID;;;C;HERMANOS CARRERA 1890. PANQUEHUE;19;323152;6190125;CACHAPOAL ;MALLOA;R;SAN VICENTE;1;689992;HERMANOS CARRERA 1890. PANQUIEHUE;jlopez@nuevavid.cl;689992
REGION DEL LIBERTADOR GRAL. BERNARDO O´HIGGINS;;;;V;06-0184;01-08-2003;VIVEROS NUEVA VID;VIVEROS NUEVA VID S. A.;VIVEROS NUEVA VID S. A.;;PJ;VID;;;C;EL ALMENDRO. LAS PATAGUAS;19;324898;6192948;CACHAPOAL ;RENGO;R;SAN VICENTE;19;689992;HERMANOS CARRERA 1890. PANQUIEHUE;jlopez@nuevavid.cl;689992
REGION DEL LIBERTADOR GRAL. BERNARDO O´HIGGINS;Ft;;;;06-0483;21-11-2006;AGRIC. LOS PATRONES;SOC. AGR. COM. LOS PATRONES LTDA.;SOC. AGR. COM. LOS PATRONES LTDA.;;PJ;;;;C;PANQUEHUE S/N;19;323612;6191336;CACHAPOAL ;MALLOA;R;SAN VICENTE;0;;RAUL NILO 895. PANQUEHUE;jvalenzuela@nuevavid.cl;
REGION DEL LIBERTADOR GRAL. BERNARDO O´HIGGINS;Ft;;;;06-0659;17-08-2011;AGRICOLA NATIVIDAD;AGRICOLA NATIVIDAD LTDA.;AGRICOLOA NATIVIDAD LTDA.;;PJ;NOGAL;;;C;EL ALMENDRO. LAS PATAGUAS;19;324954;6192895;CACHAPOAL ;RENGO;R;SAN VICENTE;5;85010835;RAUL NILO S/N. LOTE A DEL PADRE;agricolanatividad@gmail.com;
REGION DEL LIBERTADOR GRAL. BERNARDO O´HIGGINS;Ft;Fo;O;;06-0153;01-09-1997;LOS ABETOS;JOSE MIGUEL;CALVO;LARRAIN;M;VID;;;C;CAMINO SAN VICENTE DE T. T. - ZUÑIGA;19;306612;6193198;CACHAPOAL ;SAN VICENTE;R;SAN VICENTE;0;;CASILLA 168. RENGO;viverolosabetos@gmail.com;
REGION DEL LIBERTADOR GRAL. BERNARDO O´HIGGINS;Ft;;O;V;06-0158;01-12-1998;VIVERO SANTA ALICIA;ANDRES;CALVO;LARRAIN;M;BOJ;;;A;CAMINO RENGO - QUINTA;19;317972;6192487;CACHAPOAL ;QUINTA DE TILCOCO;R;SAN VICENTE;0,5;689339;;;
REGION DEL LIBERTADOR GRAL. BERNARDO O´HIGGINS;;;;V;06-0109;20-09-1983;V. SN. VICENTE LTDA.;EDUARDO;RODRIGUEZ;PEREZ;PJ;VID;;;C;PARCELA 27. EL INCA;19;302062;6184609;CACHAPOAL ;SAN VICENTE;R;SAN VICENTE;2;571125;CASILLA 61. SAN VICENTE DE T. T.;contacto@vsv.cl;
REGION DEL LIBERTADOR GRAL. BERNARDO O´HIGGINS;;;;V;06-0109;20-09-1983;V. SN. VICENTE LTDA.;EDUARDO;RODRIGUEZ;PEREZ;PJ;VID;;;C;LOS GRANEROS S/N. PENCAHUE;19;301879;6186916;CACHAPOAL ;SAN VICENTE;R;SAN VICENTE;12;571125;CASILLA 61. SAN VICENTE DE T. T.;contacto@vsv.cl;
REGION DEL LIBERTADOR GRAL. BERNARDO O´HIGGINS;Ft;;;;06-0114;01-07-1987;V. PENCAHUE;WALDO ;VALENZUELA;CUETO;M;PALTO;NARANJO;MANDARINO;C;PENCAHUE PLAZA S/N;19;302119;6187729;CACHAPOAL ;SAN VICENTE;R;SAN VICENTE;4;572716;CASILLA 249. CORREO SAN VICENTE T. T.;viveropencahue@gmail.com;573809
REGION DEL LIBERTADOR GRAL. BERNARDO O´HIGGINS;Ft;;;;06-0119;01-10-2001;SOL Y LLUVIA;HECTOR;ALVAREZ;PAVEZ;M;LIMONERO;PALTO;NARANJO;C;RUTA H - 66 - G;19;308947;6187976;CACHAPOAL ;SAN VICENTE;R;SAN VICENTE;0,25;;;;
REGION DEL LIBERTADOR GRAL. BERNARDO O´HIGGINS;Ft;;;V;06-0122;01-09-1990;VIVEROS EL TAMBO LTDA.;VIVEROS EL TAMBO LTDA.;VIVEROS EL TAMBO LTDA.;;PJ;NOGAL;CIRUELO;VID;C;PARCELA 35. EL TAMBO;19;318949;6182868;CACHAPOAL ;SAN VICENTE;R;SAN VICENTE;8;975820;CASILLA 195. SAN VICENTE DE T. T.;marciabarraza@viveroseltambo.cl;975827
REGION DEL LIBERTADOR GRAL. BERNARDO O´HIGGINS;Ft;;;V;06-0122;01-09-1990;VIVEROS EL TAMBO LTDA.;VIVEROS EL TAMBO LTDA.;VIVEROS EL TAMBO LTDA.;;PJ;NEMAGUARD;;;C;PARCELA 33. EL TAMBO;19;319020;6182807;CACHAPOAL ;SAN VICENTE;R;SAN VICENTE;8;975820;CASILLA 195. SAN VICENTE DE T. T.;marciabarraza@viveroseltambo.cl;975827
REGION DEL LIBERTADOR GRAL. BERNARDO O´HIGGINS;Ft;;;V;06-0122;01-09-1990;VIVEROS EL TAMBO LTDA.;VIVEROS EL TAMBO LTDA.;VIVEROS EL TAMBO LTDA.;;PJ;DURAZNERO;ALMENDRO;NOGAL;C;PARCELA 90. EL TAMBO;19;317299;6183453;CACHAPOAL ;SAN VICENTE;R;SAN VICENTE;8;975820;CASILLA 195. SAN VICENTE DE T. T.;marciabarraza@viveroseltambo.cl;975827
REGION DEL LIBERTADOR GRAL. BERNARDO O´HIGGINS;Ft;;;V;06-0122;01-09-1990;VIVEROS EL TAMBO LTDA.;VIVEROS EL TAMBO LTDA.;VIVEROS EL TAMBO LTDA.;;PJ;NECTARIN;CEREZO;DURAZNO. VID. NOGAL. ALMENDRO;C;PARCELA 84. EL TAMBO;19;317319;6183688;CACHAPOAL ;SAN VICENTE;R;SAN VICENTE;8;975820;CASILLA 195. SAN VICENTE DE T. T.;marciabarraza@viveroseltambo.cl;975827
REGION DEL LIBERTADOR GRAL. BERNARDO O´HIGGINS;Ft;;;V;06-0122;01-09-1990;VIVEROS EL TAMBO LTDA.;VIVEROS EL TAMBO LTDA.;VIVEROS EL TAMBO LTDA.;;PJ;NECTARIN;NOGAL;DURAZNO. ALMENDRO;C;PARCELA 67. EL TAMBO;19;317290;6184503;CACHAPOAL ;SAN VICENTE;R;SAN VICENTE;3;975820;CASILLA 195. SAN VICENTE DE T. T.;marciabarraza@viveroseltambo.cl;975827
REGION DEL LIBERTADOR GRAL. BERNARDO O´HIGGINS;Ft;;;V;06-0122;01-09-1990;VIVEROS EL TAMBO LTDA.;VIVEROS EL TAMBO LTDA.;VIVEROS EL TAMBO LTDA.;;PJ;VID;;;C;PARCELA 20. SANTA INES;19;320318;6183776;CACHAPOAL ;MALLOA;R;SAN VICENTE;5;975820;CASILLA 195. SAN VICENTE DE T. T.;marciabarraza@viveroseltambo.cl;975827
REGION DEL LIBERTADOR GRAL. BERNARDO O´HIGGINS;;Fo;O;;06-0131;01-08-1994;EL ESPINAL;JORGE;MARTINEZ;QUEZADA;M;PALMA CHILENA;;;C;RUTA H - 66 - G. TUNCA ABAJO;19;306872;6188964;CACHAPOAL ;SAN VICENTE;R;SAN VICENTE;1;571274;;;
REGION DEL LIBERTADOR GRAL. BERNARDO O´HIGGINS;;Fo;O;;06-0132;01-08-1994;V. MUNICIPAL ;I. MUNIC. DE SN. VICENTE DE T. T.;I. MUNIC. DE SN. VICENTE DE T. T.;;PJ;CRESPON;LIQUIDAMBAR;PATA DE VACA;A;AV. HORACIO ARANGUIZ ;19;308741;6187091;CACHAPOAL ;SAN VICENTE;U;SAN VICENTE;0,1;;TAGUA TAGUA 222. SAN VICENTE DE T.T.;;
REGION DEL LIBERTADOR GRAL. BERNARDO O´HIGGINS;;;O;;06-0133;01-08-1994;V. GOLI;BERTA ESTER;GOLA;MIRANDA;F;LIQUIDAMBAR;ROBLE AMERICANO;BRACHICHITO;C;CASA N° 152. ZUÑIGA ;19;306993;6196105;CACHAPOAL ;SAN VICENTE;R;SAN VICENTE;1,5;;AV. PRINCIPAL 152. ZUÑIGA;;
REGION DEL LIBERTADOR GRAL. BERNARDO O´HIGGINS;;Fo;O;;06-0137;01-09-1994;EL PORVENIR;LUIS HERNAN;CORDOVA;ROMERO;M;;;;C;EL MANZANO Nº 5 A;19;306404;6194059;CACHAPOAL ;SAN VICENTE;R;SAN VICENTE;0;;EL MANZANO Nº 5 A;;
REGION DEL LIBERTADOR GRAL. BERNARDO O´HIGGINS;;Fo;O;;06-0142;01-03-1996;LA FORESTA;JORGE;WAGNER;BRIZZI;M;LIGUSTRINA;HORTENSIA;ROSAL;C;SECTOR PUENTE ZÚÑIGA;19;306558;6193310;CACHAPOAL ;SAN VICENTE;R;SAN VICENTE;0,1;;;forestadetoquihua@gmail.com;
REGION DEL LIBERTADOR GRAL. BERNARDO O´HIGGINS;;;O;;06-0143;01-01-1996;KAMALU;MARIA;ESCOBEDO;VILLEGAS;F;OREJA DE OSO;PENSAMIENTO;LAVANDA;C;PARCELA 15. EL TAMBO;19;318491;6181417;CACHAPOAL ;SAN VICENTE;R;SAN VICENTE;2;;PARCELA 15. EL TAMBO;;
REGION DEL LIBERTADOR GRAL. BERNARDO O´HIGGINS;;;O;;06-0156;01-09-1998;ALL GREEN;VILMA IVON;GUERRA;RIVERA;F;HORTENSIA;;;C;PARADERO  N ° 7. REQUEGUA;19;315705;6186390;CACHAPOAL ;SAN VICENTE;R;SAN VICENTE;0,1;;;;
REGION DEL LIBERTADOR GRAL. BERNARDO O´HIGGINS;;Fo;O;;06-0182;01-07-2003;MARCO ROJAS DIAZ;MARCO AURELIO;ROJAS;DIAZ;M;;;;C;CRUCERO DE PENCAHUE;19;306865;6187598;CACHAPOAL ;SAN VICENTE;R;SAN VICENTE;;;;;
REGION DEL LIBERTADOR GRAL. BERNARDO O´HIGGINS;;;O;;06-0183;01-08-2003;JARDIN ROMY;OLGA VIDAL ARCE Y OTRAS;OLGA VIDAL ARCE Y OTRAS;;PJ;SCHEFFLERA;FICUS;;C;RUTA H - 66 - G. TUNCA ABAJO;19;305329;6189613;CACHAPOAL ;SAN VICENTE;R;SAN VICENTE;0,002;;CLASIFICADOR 18. TUNCA ABAJO;;
REGION DEL LIBERTADOR GRAL. BERNARDO O´HIGGINS;;;O;;06-0189;01-06-2004;SAN ANDRES;LETICIA;ABARCA;MOSCOSO;F;PALMERA;;;C;PENCAHUE;19;306392;6187733;CACHAPOAL ;SAN VICENTE;R;SAN VICENTE;0,015;;;;
REGION DEL LIBERTADOR GRAL. BERNARDO O´HIGGINS;;;O;;06-0605;06-09-2010;V. FLORENCIA;SOC. AGRIC. Y COMERCIAL LUAN LTDA.;SOC. AGRIC. Y COMERCIAL LUAN LTDA.;;PJ;ROSAL;;;C;PARCELA 17. EL TAMBO;19;318466;6181496;CACHAPOAL ;SAN VICENTE;R;SAN VICENTE;;;;luanltda@gmail.com;
REGION DEL LIBERTADOR GRAL. BERNARDO O´HIGGINS;Ft;Fo;O;;06-0102;08-03-1979;LA ROSA;SOC. AGRIC. LA ROSA SOFRUCO S. A.;SOC. AGRIC. LA ROSA SOFRUCO S. A.;;PJ;PALMA CHILENA;;;C;SOFRUCO;19;299115;6193700;CACHAPOAL ;PEUMO;R;SAN VICENTE;0,5;561581;CASILLA 40. PEUMO;hpoblete@sofruco.cl;561873
REGION DEL LIBERTADOR GRAL. BERNARDO O´HIGGINS;Ft;;O;;06-0113;01-07-1987;SAN JUAN;CLAUDIO ;MIRANDA;BARRIOS;M;PALTO;NARANJO;LIMONERO;C;CODAO;19;296176;6196382;CACHAPOAL ;PEUMO;R;SAN VICENTE;;;;;
REGION DEL LIBERTADOR GRAL. BERNARDO O´HIGGINS;Ft;;;;06-0115;01-09-1987;LA GRANJA;JOSE;ORTEGA;ARCAUZ;M;PALTO;NARANJO;LIMONERO;A;ARBOLEDA. PEUMO;19;300529;6192108;CACHAPOAL ;PEUMO;R;SAN VICENTE;;561598;;;
REGION DEL LIBERTADOR GRAL. BERNARDO O´HIGGINS;;Fo;O;;06-0128;01-01-1994;VENTA DE PLANTAS;MERCEDES;MAULEN;RUBIO;F;ALEGRÍA DEL HOGAR;;;C;WALKER MARTINEZ ;19;300478;6192360;CACHAPOAL ;PEUMO;U;SAN VICENTE;;;;;
REGION DEL LIBERTADOR GRAL. BERNARDO O´HIGGINS;Ft;;;V;06-0136;01-11-2001;V. CODAO;FERNANDO;DE ANDRACA;HURTADO;M;LIMONERO;NARANJO;PALTO;C;CODAO CERRO S/N;19;296367;6196480;CACHAPOAL ;PEUMO;R;SAN VICENTE;2;562339;CASILLA 38. PEUMO;viveroscodao@viveroscodao.cl;562339
REGION DEL LIBERTADOR GRAL. BERNARDO O´HIGGINS;Ft;;;V;06-0136;01-11-2001;V.CODAO;FERNANDO;DE ANDRACA;HURTADO;M;PALTO;CEREZO;PERAL;C;CODAO CERRO S/N;19;296620;6196653;CACHAPOAL ;PEUMO;R;SAN VICENTE;0,5;562339;CASILLA 38. PEUMO;viveroscodao@viveroscodao.cl;562339
REGION DEL LIBERTADOR GRAL. BERNARDO O´HIGGINS;;;O;;06-0140;01-04-1995;SAN PANCRACIO;CRISTINA;ZUÑIGA;REYES;F;CACTUS;;;C;RUTA H - 66 - G. PEUMO;19;301098;6192273;CACHAPOAL ;PEUMO;R;SAN VICENTE;0,015;;;;
REGION DEL LIBERTADOR GRAL. BERNARDO O´HIGGINS;Ft;;O;;06-0165;01-02-2001;AGUAS CLARAS;CLAUDIO ;VARGAS;MUSSA;M;PALTO;LIMONERO;NARANJO;C;AGUAS CLARAS 892. PEUMO;19;298851;6191786;CACHAPOAL ;PEUMO;R;SAN VICENTE;0,35;;CORREO PEUMO;claudio.vargas28@gmail.com;
REGION DEL LIBERTADOR GRAL. BERNARDO O´HIGGINS;Ft;Fo;O;;06-0175;01-05-2002;SAN LORENZO;LORENZO;SOTO;PINO;M;PALTO;NARANJO;LIMONERO;C;RUTA H - 66 - G. LA ESPERANZA;19;291871;6200922;CACHAPOAL ;PEUMO;R;SAN VICENTE;O.15;;LA ESPERANZA S/N. PEUMO;;
REGION DEL LIBERTADOR GRAL. BERNARDO O´HIGGINS;Ft;Fo;O;;06-0105;01-09-1980;SANTA LUISA;LUISA AURORA;URRA;CORNEJO;F;NARANJO;LIMONERO;PALTO;C;LARMAHUE;19;295650;6189497;CACHAPOAL ;PICHIDEGUA;R;SAN VICENTE;1;;CALLEJON SAN OSCAR. LARMAHUE;;
REGION DEL LIBERTADOR GRAL. BERNARDO O´HIGGINS;Ft;Fo;O;;06-0125;01-04-1992;SANTA AMELIA;MANUEL;BUSTAMANTE;VIDAL;M;PALTO;NARANJO;LIMONERO;C;SANTA AMELIA. CASA 71;19;289132;6189663;CACHAPOAL ;PICHIDEGUA;R;SAN VICENTE;0,2;;SANTA AMELIA. CASA 71;manuelbusta@gmail.com;
REGION DEL LIBERTADOR GRAL. BERNARDO O´HIGGINS;Ft;Fo;O;;06-0127;01-09-1993;SANTA SARA;JIMENA;SOLIS;CARICEO;F;PALTO;;;A;LARMAHUE;19;294916;6189856;CACHAPOAL ;PICHIDEGUA;R;SAN VICENTE;;;LARMAHUE 233. PICHIDEGUA;;
REGION DEL LIBERTADOR GRAL. BERNARDO O´HIGGINS;Ft;Fo;;;06-0144;01-04-1996;SAN RAFAEL;LUIS;SERRANO;TORO;M;PALTO;LIMONERO;NARANJO;C;LO AHUMADA 358;19;293382;6190324;CACHAPOAL ;PICHIDEGUA;R;SAN VICENTE;0,5;;LO AHUMADA 358. LARMAHUE;;
REGION DEL LIBERTADOR GRAL. BERNARDO O´HIGGINS;Ft;Fo;;;06-0144;01-04-1996;SAN RAFAEL;LUIS;SERRANO;TORO;M;QUILLAY;ROSAL;ROMERO CASTILLA;C;LO AHUMADA 358;19;293545;6190317;CACHAPOAL ;PICHIDEGUA;R;SAN VICENTE;0,5;;LO AHUMADA 358. LARMAHUE;;
REGION DEL LIBERTADOR GRAL. BERNARDO O´HIGGINS;Ft;Fo;O;;06-0146;01-09-1996;EL SOL;COMUNIDAD PARRA MARAMBIO;COMUNIDAD PARRA MARAMBIO;;PJ;CACTUS;;;C;AV. IGNACIO CARRERA;19;292603;6194314;CACHAPOAL ;PICHIDEGUA;R;SAN VICENTE;0,1;;;;
REGION DEL LIBERTADOR GRAL. BERNARDO O´HIGGINS;;;O;;06-0159;01-01-1999;LOS CICLAMES;CARMEN;GARRIDO;HERRERA;F;CYCLAMEN;ARALIA;CACTUS;C;VILLA PARAISO N° 1271;19;290779;6194883;CACHAPOAL ;PICHIDEGUA;U;SAN VICENTE;0,004;;VILLA PARAISO. PASAJE LOS LINGUES 1271;;
REGION DEL LIBERTADOR GRAL. BERNARDO O´HIGGINS;;;;V;06-0685;01-03-2012;VIVERO ALMAHUE;JOSE GABRIEL ;EDWARDS;COSMELLI;M;VID;NOGAL;;C;HIJUELA N° 3. SANTA AMELIA;19;285903;6190759;CACHAPOAL ;PICHIDEGUA;R;SAN VICENTE;3;;FUNDO SAN ISIDRO. NANCAGUA;ventas@viveroalmahue.cl;
REGION DEL LIBERTADOR GRAL. BERNARDO O´HIGGINS;Ft;;;;06-0169;01-11-2001;V. SN. FRANCISCO;LUIS;ROMO;IPORRE;M;PALTO;;;C;LARMAHUE;19;296873;6190403;CACHAPOAL ;PICHIDEGUA;R;SAN VICENTE;0,005;;VICEPARROQUIA 172;;
REGION DEL LIBERTADOR GRAL. BERNARDO O´HIGGINS;Ft;;O;;06-0167;01-09-2001;V. SANTA HILDA;JUAN CARLOS;VALDIVIA;ZAMORANO;M;LIMONERO;OLIVO;PALTO;C;LARMAHUE;19;294111;6189742;CACHAPOAL ;PICHIDEGUA;R;SAN VICENTE;0,1;;PORTEZUELO 290;;
REGION DEL LIBERTADOR GRAL. BERNARDO O´HIGGINS;Ft;;;;06-0178;01-10-2002;SAN ANTONIO;LUIS ANTONIO;LUCERO;LUCERO;M;LIMONERO;NARANJO;PALTO;C;LARMAHUE;19;296075;6190302;CACHAPOAL ;PICHIDEGUA;R;SAN VICENTE;0,1;;CALLE SAN CELSO S/N. LARMAHUE;;
REGION DEL LIBERTADOR GRAL. BERNARDO O´HIGGINS;Ft;;;;06-0527;26-11-2008;CAMPOSOL;ANDREA;ARAYA;LIZANA;F;PALTO;LIMONERO;NARANJO;C;AV. IGNACIO CARRERA PINTO N° 46;19;292504;6194353;CACHAPOAL ;PICHIDEGUA;U;SAN VICENTE;0,2;;LOS ROMOS Nº 35. PICHIDEGUA;andreita1611@gmail.com;
REGION DEL LIBERTADOR GRAL. BERNARDO O´HIGGINS;;;O;;06-0643;28-09-2006;V. SAN JOSE;MARIA JOSE;ROJAS;CABELLO;F;CACTUS;ROSAL;HELECHO;C;SAN JOSE DE MARCHIGUE;19;275950;6202468;CACHAPOAL ;PICHIDEGUA;R;SAN VICENTE;0,0002;;CORREO PICHIDEGUA;;
REGION DEL LIBERTADOR GRAL. BERNARDO O´HIGGINS;;;O;;06-0644;05-07-2010;VIVEROS IMPERIAL;LUIS;MACHUCA;;M;;;;C;PARC. N° 60. SANTA AMELIA;19;287981;6188955;CACHAPOAL ;PICHIDEGUA;R;SAN VICENTE;;;;;
REGION DEL LIBERTADOR GRAL. BERNARDO O´HIGGINS;;;O;;06-0644;05-07-2010;VIVEROS IMPERIAL;LUIS;MACHUCA;;M;PALMERA;CRESPON;PEUMO;C;CRUCERO DE PENCAHUE N° 119;19;306839;6187630;CACHAPOAL ;SAN VICENTE;R;SAN VICENTE;0,5;;;;
REGION DEL LIBERTADOR GRAL. BERNARDO O´HIGGINS;;;;V;06-0687;16-03-2012;VIVERO LAS DOS MARIAS;AGRICOLA LAS DOS MARIAS LTDA.;AGRICOLA LAS DOS MARIAS LTDA.;;PJ;VID;;;C;FUNDO SAN LUCAS;19;280748;6188013;CACHAPOAL ;PICHIDEGUA;R;SAN VICENTE;0,75;;VASCO DE GAMA 4839. LAS CONDES;mfernandez@estampa.com;
REGION DEL LIBERTADOR GRAL. BERNARDO O´HIGGINS;Ft;;;;06-0686;19-06-2012;VIVERO TORINA 1;AGRICOLA SAENZ LTDA.;AGRICOLA SAENZ LTDA.;;PJ;CEREZO;;;A;PARC. 2. LOTE 3. LA TORINA;19;287861;6197373;CACHAPOAL ;PICHIDEGUA;R;SAN VICENTE;0,3;551814;EMILIO VALDES 75. REQUINOA;tecnofrut@terra.cl;
REGION DEL LIBERTADOR GRAL. BERNARDO O´HIGGINS;;Fo;;;06-0116;01-09-1988;V. DE PALMA CHILENA;MARIA PATRICIA;MANSILLA;STEINMEYER;F;PALMA CHILENA;;;A;HACIENDA LAS PALMAS DE COCALÁN;19;301083;6213412;CACHAPOAL ;LAS CABRAS;R;SAN VICENTE;;;;;
REGION DEL LIBERTADOR GRAL. BERNARDO O´HIGGINS;Ft;Fo;O;;06-0162;01-07-1999;SANTUARIO DE LAS PALMAS;AGRIC. SANTUARIO LAS PALMAS LTDA.;AGRIC. SANTUARIO LAS PALMAS LTDA.;;PJ;PALMA CHILENA;ARÁNDANO;;A;COCALÁN;19;292069;6211257;CACHAPOAL ;LAS CABRAS;R;SAN VICENTE;3;;CHILEXPRESS LAS CABRAS. CUENTA 140306;rsoffia@santuariolaspalmas.com;
REGION DEL LIBERTADOR GRAL. BERNARDO O´HIGGINS;Ft;Fo;;;06-0180;01-03-2003;V. TUNICHE;LUIS;ROJAS;MARIN;M;QUILLAY;PATAGUA;PEUMO;C;TUNICHE;19;293839;6211739;CACHAPOAL ;LAS CABRAS;R;SAN VICENTE;0,001;;CORREO LAS CABRAS;;
REGION DEL LIBERTADOR GRAL. BERNARDO O´HIGGINS;Ft;;O;;06-0787;04-09-2014;VIVERO JARDIN FOIKE;SEBASTIAN ;MIRANDA;;M;NENUFARES;MAGNOLIOS;ACER;C;LOTE A3, SANTA JULIA;19;284449;6203792;CACHAPOAL ;LAS CABRAS;R;SAN VICENTE;;94358933;;VIVEROSFOIKE@GMAIL.COM;
REGION DEL LIBERTADOR GRAL. BERNARDO O´HIGGINS;Ft;;;;06-0717;18-10-2012;GROW SOUTHWET;GROW SOUTHWEST S. A.;GROW SOUTHWEST S. A.;;PJ;;;;A;CRUCERO DE PENCAHUE. EL MAITEN 146;19;306859;6187680;CACHAPOAL ;SAN VICENTE;R;SAN VICENTE;;2572604;CRUCERO DE PENCAHUE. EL MAITEN 146;scortes@upactrading.com;
REGION DEL LIBERTADOR GRAL. BERNARDO O´HIGGINS;Ft;;;;06-0770;08-04-2014;VIVEROS MARCELA;MARCELA;TORO;JARA;F;PALTO;NARANJO;LIMONERO;C;;19;298978;6190667;CACHAPOAL ;PICHIDEGUA;R;SAN VICENTE;0,5;89663893;;;
REGION DEL LIBERTADOR GRAL. BERNARDO O´HIGGINS;Ft;Fo;O;;06-0794;30-09-2014;JARDIN AMANCAY;PAMELA ;CARRASCO;RAMOS;F;ARBUSTOS;HORTENSIA;VERONICA;C;BERNALES 100, MALLOA;19;321302;6187270;CACHAPOAL ;MALLOA;R;SAN VICENTE;0,15;64044207;;PAMELACARRASCO80@GMAIL.COM;
REGION DEL LIBERTADOR GRAL. BERNARDO O´HIGGINS;;Fo;O;;06-0791;22-09-2014;ARTESANIA COIRON;TITO;ROJAS ;LEYTON;M;ROSAL;CRISANTEMO;CIPRES;C;CRUCE EL DURAZNO #176, EL MANZANO;19;279071;6216732;CACHAPOAL ;LAS CABRAS;R;SAN VICENTE;0,5;97100656;;;
REGION DEL LIBERTADOR GRAL. BERNARDO O´HIGGINS;;;O;;06-0795;30-09-2014;SAKATA SEEDS CHILE S.A;SAKATA SEEDS CHILE S.A;;;PJ;GERBERA;;;A;PARCELA128, EL TAMBO.;19;314550;6184228;CACHAPOAL ;SAN VICENTE;R;SAN VICENTE;1,5;57232300;CASILLA 260, SAN VICENTE;CARANEDA@SAKATA.CL;
REGION DEL LIBERTADOR GRAL. BERNARDO O´HIGGINS;;;O;;06-0793;30-09-2014;JARDÍN LAS MARGARITAS;LUISA;LIRA;REYES;F;DÓLAR;FUCSIA;DIAMELO;C;TUNCA EL MOLINO #40, SAN VICENTE;19;307058;6189489;CACHAPOAL ;SAN VICENTE;R;SAN VICENTE;0,05;85385416;;LUISALIRA1956@HOTMAIL.COM;
REGION DEL LIBERTADOR GRAL. BERNARDO O´HIGGINS;Ft;;O;;06-0790;10-09-2014;ENTRE CANALES VIVERO Y JARDIN;HILARIO;VILLEGAS;BLANCO;M;ARAUCARIA BRASILEÑA;PEUMO;BOLDO;C;AV. CARLOS FRESNO 1084, LAS CABRAS;19;287723;6203982;CACHAPOAL ;LAS CABRAS;R;SAN VICENTE;0,5;74297327;;HSERVICIOS@YAHOO.ES;
REGION DEL LIBERTADOR GRAL. BERNARDO O´HIGGINS;Ft;;;; 06-0792;25-09-2014;AGRICOLA SANTA AMELIA LIMITADA;AGRICOLA SANTA AMELIA LIMITADA;;;PJ;PERAL;MEMBRILLERO;;A;SANTA AMELIA S/N;19;288251;6189535;CACHAPOAL ;PICHIDEGUA;R;SAN VICENTE;1;89013437;;MCORNEJO@GREENTREE.CL;
REGION DEL LIBERTADOR GRAL. BERNARDO O´HIGGINS;Ft;;;;06-0789;10-09-2014;VIVEROS SAN PIO;MANUEL;CALVO;LARRAIN;M;CEREZO;;;A;PARCELA 16, LOS NOGALES;19;320555;6194696;CACHAPOAL ;QUINTA DE TILCOCO;R;SAN VICENTE;1;985967273;;CENTEGALES2002@HOTMAIL.COM;
REGION DEL LIBERTADOR GRAL. BERNARDO O´HIGGINS;;;O;;06-0807;27-10-2014;ADRIANA ARANCIBIA;ADRIANA;ARANCIBIA;ESPINOZA;F;LISIANTHUS;ALSTROEMERIA;DIANTHUS;C;BARROS ARANA # 157;19;310257;6187031;CACHAPOAL ;SAN VICENTE;U;SAN VICENTE;0,07;98709468;;ADEL.ARANCIBIA@GMAIL.COM;
REGION DEL LIBERTADOR GRAL. BERNARDO O´HIGGINS;Ft;;;;06-0814;09-12-2014;AGUAS NEGRAS;ABELINO;RAMIREZ;LLEVE;M;MANZANO;PERAL;CEREZO;C;TILCOCO #2120;19;315923;6192038;CACHAPOAL ;QUINTA DE TILCOCO;R;SAN VICENTE;2,5;61915251;;;
REGION DEL LIBERTADOR GRAL. BERNARDO O´HIGGINS;;;O;;6-08;01-07-1987;JARDIN PUSKAS;FRANCISCA;AUSENCI;RUZ;F;ORNAMENTALES;;;C;CORDOVA 1215, POBL.SAN MARTIN;19;318475;6170523;COLCHAGUA;SAN FERNANDO;U;SAN FERNANDO;0,3;072-713420;CORDOVA 1215, POBL.SAN MARTIN;;
REGION DEL LIBERTADOR GRAL. BERNARDO O´HIGGINS;Ft;Fo;O;V;6-09;01-10-1987;LOS OLMOS, LAS VIOLETAS;AGRICOLA LOS OLMOS LTDA;AGRICOLA LOS OLMOS LTDA;AGRICOLA LOS OLMOS LTDA;PJ;MANZANO;CEREZO;VID.PERAL.KIWI;C;PARCELA LAS VIOLETAS LOTE A-C;19;318389;6166500;COLCHAGUA;CHIMBARONGO;R;SAN FERNANDO;30;072-712249;CASILLA 236, SAN FERNANDO;upfeil@losolmos.cl;
REGION DEL LIBERTADOR GRAL. BERNARDO O´HIGGINS;Ft;Fo;O;V;6-09;01-10-1987;LOS OLMOS, PARCELA Nº 21;AGRICOLA LOS OLMOS LTDA;AGRICOLA LOS OLMOS LTDA;AGRICOLA LOS OLMOS LTDA;PJ;MANZANO;CEREZO;VID.PERAL;C;PARCELA Nº 29 Y 31 SAN JAVIER PP TINGURIRICA;19;317653;6161823;COLCHAGUA;CHIMBARONGO;R;SAN FERNANDO;28;072-712249;CASILLA 236, SAN FERNANDO;upfeil@losolmos.cl;
REGION DEL LIBERTADOR GRAL. BERNARDO O´HIGGINS;Ft;Fo;O;V;6-09;01-10-1987;LOS OLMOS, PARCELA Nº 22;AGRICOLA LOS OLMOS LTDA;AGRICOLA LOS OLMOS LTDA;AGRICOLA LOS OLMOS LTDA;PJ;MANZANO;PERAL;MEMBRILLERO;C;PARCELA Nº 19 Y SITIO 35, SAN JAVIER TINGUIRIRICA;19;319434;6161636;COLCHAGUA;CHIMBARONGO;R;SAN FERNANDO;16,5;072-712249;CASILLA 236, SAN FERNANDO;upfeil@losolmos.cl;
REGION DEL LIBERTADOR GRAL. BERNARDO O´HIGGINS;Ft;Fo;O;V;6-09;01-10-1987;LOS OLMOS, PARCELA Nº 23;AGRICOLA LOS OLMOS LTDA;AGRICOLA LOS OLMOS LTDA;AGRICOLA LOS OLMOS LTDA;PJ;MANZANO;;;C;PARCELA N° 24 DEL PROYECTO DE PARCELACION TINGUIRIRICA;19;319831;6161456;COLCHAGUA;CHIMBARONGO;R;SAN FERNANDO;18,9;072-712249;CASILLA 236, SAN FERNANDO;upfeil@losolmos.cl;
REGION DEL LIBERTADOR GRAL. BERNARDO O´HIGGINS;Ft;Fo;O;V;6-09;01-10-1987;LOS OLMOS, PARCELA Nº 24;AGRICOLA LOS OLMOS LTDA;AGRICOLA LOS OLMOS LTDA;AGRICOLA LOS OLMOS LTDA;PJ;MANZANO;CEREZO;;C;PARCELA N° 28 DEL PROYECTO DE PARCELACION TINGUIRIRICA;19;318175;6162043;COLCHAGUA;CHIMBARONGO;R;SAN FERNANDO;9,5;072-712249;CASILLA 236, SAN FERNANDO;upfeil@losolmos.cl;
REGION DEL LIBERTADOR GRAL. BERNARDO O´HIGGINS;;;O;;6-011;19-01-2009;AGRIM;XAVIER;FUENZALIDA;BRICEÑO;M;MEDICINAL;;;A;CAMINO A SAN JUAN DE LA SIERRA S/N;19;321642;6159116;COLCHAGUA;CHIMBARONGO;R;SAN FERNANDO;0,06;072-716500;CASILLA 314, SAN FERNANDO;info@agrochim.cl;072-716502
REGION DEL LIBERTADOR GRAL. BERNARDO O´HIGGINS;Ft;;;;6-014;01-12-1991;TIEMPO NUEVO LTDA CLUB AEREO;SOC.VIVERISTICA TIEMPO NUEVO LTDA;SOC.VIVERISTICA TIEMPO NUEVO LTDA;SOC.VIVERISTICA TIEMPO NUEVO LTDA;PJ;MANZANO;CEREZO;PERAL.KIWI;C;CLUB AEREO SAN FERNANDO;19;319383;6173368;COLCHAGUA;SAN FERNANDO;R;SAN FERNANDO;10;98170867;CASILLA 281, SAN FERNANDO;gerencia@viverotiemponuevo.cl;
REGION DEL LIBERTADOR GRAL. BERNARDO O´HIGGINS;Ft;;;;6-014;01-12-1991;TIEMPO NUEVO LTDA FUNDO SANTA TERESA;SOC.VIVERISTICA TIEMPO NUEVO LTDA;SOC.VIVERISTICA TIEMPO NUEVO LTDA;SOC.VIVERISTICA TIEMPO NUEVO LTDA;PJ;MANZANO;CEREZO;;C;FUNDO SANTA TERESA DE TALCAREHUE S/N;19;327320;6164091;COLCHAGUA;SAN FERNANDO;R;SAN FERNANDO;5;98170867;CASILLA 281, SAN FERNANDO;gerencia@viverotiemponuevo.cl;
REGION DEL LIBERTADOR GRAL. BERNARDO O´HIGGINS;Ft;;;;6-014;01-12-1991;TIEMPO NUEVO LTDA CASAS DE SANTA MARTA;SOC.VIVERISTICA TIEMPO NUEVO LTDA;SOC.VIVERISTICA TIEMPO NUEVO LTDA;SOC.VIVERISTICA TIEMPO NUEVO LTDA;PJ;MANZANO;;;C;FUNDO SANTA TERESA DE TALCAREHUE S/N;19;327231;6164430;COLCHAGUA;SAN FERNANDO;R;SAN FERNANDO;0,5;98170867;CASILLA 281, SAN FERNANDO;gerencia@viverotiemponuevo.cl;
REGION DEL LIBERTADOR GRAL. BERNARDO O´HIGGINS;Ft;;;;6-016;23-12-1998;SAN LUIS DE PEDEHUE;PEDRO LUIS;HIRIBARREN;EYHERAMENDY;M;MANZANO;;;A;FUNDO SAN LUIS DE PEDEHUE;19;321574;6166808;COLCHAGUA;SAN FERNANDO;R;SAN FERNANDO;0,1;072-713922;CASILLA 10, SAN FERNANDO;chiribarren@gmail.com;
REGION DEL LIBERTADOR GRAL. BERNARDO O´HIGGINS;;Fo;O;;6-019;01-08-1995;LOS ROBLES;EPIFANIO HECTOR;MIRA;VASQUEZ;M;ORNAMENTALES;;;A;CALLE LOS CANELOS S/N SIERRA BELLAVISTA;19;339627;6147417;COLCHAGUA;SAN FERNANDO;R;SAN FERNANDO;0,05;99510616;CORREO PUENTE NEGRO;;
REGION DEL LIBERTADOR GRAL. BERNARDO O´HIGGINS;Ft;;O;V;6-023;29-08-1997;LUCERITO;JOSE MANUEL ;URETA;JORQUERA;M;MANZANO;CEREZO;VD.KIWI;C;PARCELA 3, EL RINCON DE PEOR ES NADA;19;315221;6146311;COLCHAGUA;CHIMBARONGO;R;SAN FERNANDO;1,5;93607098;CASILLA 75, CHIMBARONGO;;
REGION DEL LIBERTADOR GRAL. BERNARDO O´HIGGINS;Ft;;O;V;6-023;29-08-1997;LUCERITO;JOSE MANUEL ;URETA;JORQUERA;M;VID;CEREZO;;C;EL RINCON DE PEOR ES NADA B;19;314850;6147139;COLCHAGUA;CHIMBARONGO;R;SAN FERNANDO;1,5;93607098;CASILLA 75, CHIMBARONGO;;
REGION DEL LIBERTADOR GRAL. BERNARDO O´HIGGINS;Ft;;O;V;6-023;29-08-1997;LUCERITO;JOSE MANUEL ;URETA;JORQUERA;M;ORNAMENTALES;;;C;PARCELA LOTE 13 B, EL RINCON DE PEOR ES NADA;19;314230;6148075;COLCHAGUA;CHIMBARONGO;R;SAN FERNANDO;1,5;93607098;CASILLA 75, CHIMBARONGO;;
REGION DEL LIBERTADOR GRAL. BERNARDO O´HIGGINS;Ft;;;;6-034;12-05-2000;JARDIN LOS MAITENES VIVERO DG;SOC.COM. AG. Y FORESTAL DG LTDA;SOC.COM. AG. Y FORESTAL DG LTDA;SOC.COM. AG. Y FORESTAL DG LTDA;PJ;OLIVO;;;C;FUNDO RIO CLARO, PUENTE NEGRO, RUTA I-45;19;330291;6158289;COLCHAGUA;SAN FERNANDO;R;SAN FERNANDO;0,5;072-721060;CASILLA 7, SAN FERNANDO;jardinlosmaitenes@olivo.cl;
REGION DEL LIBERTADOR GRAL. BERNARDO O´HIGGINS;Ft;;;;6-036;06-03-2001;RINCONADA;ANDRES;TAMM;PLESCH;M;MANZANO;;;A;FUNDO RINCONADA, TINGUIRIRICA;19;323806;6161586;COLCHAGUA;CHIMBARONGO;R;SAN FERNANDO;0,27;072-714590;CASILLA 233, SAN FERNANDO;atamm@entelchile.net;
REGION DEL LIBERTADOR GRAL. BERNARDO O´HIGGINS;;;;V;6-039;01-06-2001;VIVEROS GUILLAUME CHILE S.A.;VIVEROS GUILLAUME CHILE S.A.;VIVEROS GUILLAUME CHILE S.A.;VIVEROS GUILLAUME CHILE S.A.;PJ;VID;KIWI;;C;FUNDO X-DOS, CAÑADILLA;19;318998;6174759;COLCHAGUA;SAN FERNANDO;R;SAN FERNANDO;0,4;072-858530;CASILLA 17, PLACILLA;jvillagran@greenwich.cl;072-858187
REGION DEL LIBERTADOR GRAL. BERNARDO O´HIGGINS;;;;V;6-039;24-01-2012;VIVEROS GUILLAUME CHILE S.A. ELCAMARON;VIVEROS GUILLAUME CHILE S.A.;VIVEROS GUILLAUME CHILE S.A.;VIVEROS GUILLAUME CHILE S.A.;PJ;VID;;;C;EL CAMARON S/N;19;305439;6167033;COLCHAGUA;PLACILLA;R;SAN FERNANDO;1,3;072-858530;CASILLA 17, PLACILLA;jvillagran@greenwich.cl;072-858187
REGION DEL LIBERTADOR GRAL. BERNARDO O´HIGGINS;;;;V;6-039;01-10-2012;VIVEROS GUILLAUME CHILE S.A., SANTA EUGENIA;VIVEROS GUILLAUME CHILE S.A.;VIVEROS GUILLAUME CHILE S.A.;VIVEROS GUILLAUME CHILE S.A.;PJ;VID;;;C;FUNDO SANTA EUGENIA S/N;19;295331;6162414;COLCHAGUA;NANCAGUA;R;SAN FERNANDO;28;858187;CASILLA 17, PLACILLA;jvillagran@greenwich.cl;
REGION DEL LIBERTADOR GRAL. BERNARDO O´HIGGINS;;Fo;O;;6-041;23-10-2001;CRIADERO DE PLANTAS SAN GREGORIO;SAUL DEL CARMEN;GALAZ;CORTEZ;M;ORNAMENTALES;EUCALYPTUS;;C;SITIOS 10 Y 11, SAN GREGORIO;19;292190;6163134;COLCHAGUA;NANCAGUA;R;SAN FERNANDO;0,4;072-859326;GONZALO BULNES 205, SANTA CRUZ;;
REGION DEL LIBERTADOR GRAL. BERNARDO O´HIGGINS;;;O;;6-046;12-07-2002;SANTA TERESITA;MARIA;CALDERON;GUTIERREZ;F;ORNAMENTALES;;;C;CALLEJON LOS MAITENES PUNTILLA DE CODEGUA;19;322016;6148453;COLCHAGUA;CHIMBARONGO;R;SAN FERNANDO;0,02;88629707;CJ LOS MAITENES PUNTILLA CODEGUA;;
REGION DEL LIBERTADOR GRAL. BERNARDO O´HIGGINS;;Fo;O;;6-070;22-11-2004;JARDIN PISAGUA;MARGARITA;GUTIERREZ;CACERES;F;ORNAMENTALES;;;C;PISAGUA Nº 381;19;313434;6157028;COLCHAGUA;CHIMBARONGO;U;SAN FERNANDO;0,04;072-782384;PISAGUA Nº 381, CHIMBARONGO;;
REGION DEL LIBERTADOR GRAL. BERNARDO O´HIGGINS;Ft;;;;6-074;23-04-2005;MAURICIO GOMEZ;MAURICIO;GOMEZ;LORCA;M;FRAMBUESO;MORA;;C;POBLACION SANTA ELVIRA, CUESTA LO GONZALEZ;19;316390;6162065;COLCHAGUA;CHIMBARONGO;R;SAN FERNANDO;0,024;83308264;POBL.SANTA ELVIRA, CUESTA LO GONZALEZ;plantasdeberries@gmail.com;
REGION DEL LIBERTADOR GRAL. BERNARDO O´HIGGINS;Ft;;;;6-075;26-05-2005;PACI-PACI;SERGIO;GALARCE;MORAGA;M;FRAMBUESO;;;C;CALLEJON LAS GATICAS, ROMERAL;19;316016;6153476;COLCHAGUA;CHIMBARONGO;R;SAN FERNANDO;0,035;92268147;CARLOS PIDDO 18, T.MARIN DE POVEDA, CHIMB.;sealgamo@hotmail.com;
REGION DEL LIBERTADOR GRAL. BERNARDO O´HIGGINS;Ft;;;;6-076;11-07-2005;VIVERO JR;FEDERICO;JEREZ;GALLEGILLOS;M;PHYSALIS;;;A;CALLEJON LOS NILOS, SAN JOSE DE LOS LINGUES;19;324608;6173663;COLCHAGUA;SAN FERNANDO;R;SAN FERNANDO;0,01;94002693;CJ LOS NILOS SAN JOSE DE LOS LINGUES S/N;;
REGION DEL LIBERTADOR GRAL. BERNARDO O´HIGGINS;Ft;;;;6-079;27-07-2005;MADRE TIERRA;JOSE LUIS;BECERRA;YAÑEZ;M;MANZANO;CEREZO;ALMENDRO.NOGAL;C;PARCELA 29 LOTE 2 Y 3, LA MARINANA ROMA;19;323124;6168313;COLCHAGUA;SAN FERNANDO;R;SAN FERNANDO;1,5;8-5458329;VILLA G.MISTRAL, JUAN GODOY 1032, SAN FDO;joseluis642@gmail.com;
REGION DEL LIBERTADOR GRAL. BERNARDO O´HIGGINS;;;O;;6-0101;17-07-2006;SOC. EDUCACIONAL DON GREGORIO;SOC. EDUCACIONAL DON GREGORIO;SOC. EDUCACIONAL DON GREGORIO;SOC. EDUCACIONAL DON GREGORIO;PJ;ORNAMENTALES;;;A;PARCELA 6 SAN GREGORIO, PP EL PORVENIR;19;312972;6149043;COLCHAGUA;CHIMBARONGO;R;SAN FERNANDO;0,16;072-923078;CASILLA 134, CHIMBARONGO;escuelaagricdongregorio@terra.cl;
REGION DEL LIBERTADOR GRAL. BERNARDO O´HIGGINS;;Fo;O;;6-0507;01-02-2008;VIVERO BELLAVISTA;INVERSIONES INMOBILIARIAS S.B.S.A.;INVERSIONES INMOBILIARIAS S.B.S.A.;INVERSIONES INMOBILIARIAS S.B.S.A.;PJ;ORNAMENTALES;NATIVAS;;A;AV. BELLAVISTA, SIERRAS DE BELLAVISTA;19;339862;6146787;COLCHAGUA;SAN FERNANDO;R;SAN FERNANDO;0,2;93268087;CASILLA 219, SAN FERNANDO;administracion@sierrasdebellavista.cl;
REGION DEL LIBERTADOR GRAL. BERNARDO O´HIGGINS;;Fo;;;6-0530;01-12-2008;LA MINA;INVERSIONES MIRAMAR LTDA;INVERSIONES MIRAMAR LTDA;INVERSIONES MIRAMAR LTDA;PJ;QUILLAY;OLIVO;;A;CAMINO A LA OPACINA, LA TEJA;19;330587;6160230;COLCHAGUA;SAN FERNANDO;R;SAN FERNANDO;0,1;072-715605;CASILLA 324, SAN FERNANDO;javila@agricolaeu.com;
REGION DEL LIBERTADOR GRAL. BERNARDO O´HIGGINS;Ft;;;;6-0539;20-05-2009;MANUEL AHUMADA;MANUEL;AHUMADA;MELLA;M;FRAMBUESO;;;C;VILLA UNION Nº15, EL PORVENIR;19;314761;6158899;COLCHAGUA;CHIMBARONGO;R;SAN FERNANDO;0,02;93624904;VILLA UNION Nº15, EL PORVENIR, CHIMBARONGO;;
REGION DEL LIBERTADOR GRAL. BERNARDO O´HIGGINS;Ft;;O;;6-0551;05-08-2009;LOS NOTROS;AGRICOLA SAN GUILLERMO LTDA;AGRICOLA SAN GUILLERMO LTDA;AGRICOLA SAN GUILLERMO LTDA;PJ;MANZANO;;;A;FUNDO SANTA BERTA ;19;315140;6156113;COLCHAGUA;CHIMBARONGO;R;SAN FERNANDO;0,75;072-781092;CASILLA 31, CHIMBARONGO;gpsoffia@gmail.com;072-781877
REGION DEL LIBERTADOR GRAL. BERNARDO O´HIGGINS;;Fo;O;;6-0554;22-08-2001;PELLAHUEN;RENZO;ESPINOZA;SALAS;M;ORNAMENTALES;;;C;RUTA I-50 KM 16,1;19;305617;6165245;COLCHAGUA;PLACILLA;R;SAN FERNANDO;0,05;93769001;CORREO PLACILLA RUTA I-50 2424;renzoespinozas@hotmail.com;
REGION DEL LIBERTADOR GRAL. BERNARDO O´HIGGINS;;Fo;O;;6-0562;08-10-2009;LOS PINOS;ANA MARIA;PINO;DIAZ;F;ORNAMENTALES;PINO;EUCALYPTUS;C;PASAJE BASCUÑAN 118, TRES PUENTES;19;322264;6163777;COLCHAGUA;CHIMBARONGO;R;SAN FERNANDO;0,06;92671515;PASAJE BASCUÑAN 118, TRES PUENTES;;
REGION DEL LIBERTADOR GRAL. BERNARDO O´HIGGINS;;Fo;O;;6-0562;08-10-2009;LOS PINOS;ANA MARIA;PINO;DIAZ;F;ORNAMENTALES;PINO;EUCALYPTUS;C;CALLE TRES PUENTES S/N;19;322298;6163646;COLCHAGUA;CHIMBARONGO;R;SAN FERNANDO;0,08;92671515;PASAJE BASCUÑAN 118, TRES PUENTES;;
REGION DEL LIBERTADOR GRAL. BERNARDO O´HIGGINS;;Fo;O;;6-0566;23-11-2009;RUCALAF;NAYADETH;HERRERA;ACEVEDO;F;MEDICINAL;;;C;SITIO Nº1, KM 150, LA ESPERANZA;19;315541;6159538;COLCHAGUA;CHIMBARONGO;R;SAN FERNANDO;0,01;99183601;IRENE MORALES 369, VILLA VENECIA SAN FDO;nherreraa53@hotmail.com;
REGION DEL LIBERTADOR GRAL. BERNARDO O´HIGGINS;;;O;;6-0569;04-01-2010;VIVERO VALENTINA;UBERLINDA;BECERRA;ESPINOZA;F;ORNAMENTALES;;;C;ANGOSTURA S/N, CAMINO AL TAMBO;19;319414;6177062;COLCHAGUA;SAN FERNANDO;R;SAN FERNANDO;0,02;89236318;ANGOSTURA S/N, CAMINO AL TAMBO;;
REGION DEL LIBERTADOR GRAL. BERNARDO O´HIGGINS;;;O;;6-0572;23-02-2010;JARDIN PEHUEN;PAMELA;HIDALGO;ALVARADO;F;ORNAMENTALES;;;C;ARGOMEDO 112, ESQUINA J.JIMENEZ;19;316984;6171532;COLCHAGUA;SAN FERNANDO;U;SAN FERNANDO;0,01;88975780;JARDIN DEL SUR PJE M.BLANCO NORTE 427;;
REGION DEL LIBERTADOR GRAL. BERNARDO O´HIGGINS;Ft;;;;6-0573;01-03-2010;LA CAMPIÑA;SOC. AG. E INM. LA CAMPIÑA;SOC. AG. E INM. LA CAMPIÑA;SOC. AG. E INM. LA CAMPIÑA;PJ;MANZANO;PERAL;CEREZO;C;PC. 5 SAN JUAN DE PEDEHUE Y PC.13 A PEDEHUE;19;321799;6166747;COLCHAGUA;SAN FERNANDO;R;SAN FERNANDO;7;73975168;CASILLA 335, SAN FERNANDO;viveroslacampina@hotmail.com;
REGION DEL LIBERTADOR GRAL. BERNARDO O´HIGGINS;Ft;;;;6-0573;01-03-2010;LA CAMPIÑA;SOC. AG. E INM. LA CAMPIÑA;SOC. AG. E INM. LA CAMPIÑA;SOC. AG. E INM. LA CAMPIÑA;PJ;MANZANO;PERAL;CEREZO;C;LOTE C HIJUELA LAS CASAS FUNDO LAS PAMPILLAS;19;320684;6161714;COLCHAGUA;CHIMBARONGO;R;SAN FERNANDO;7;73975168;CASILLA 335, SAN FERNANDO;viveroslacampina@hotmail.com;
REGION DEL LIBERTADOR GRAL. BERNARDO O´HIGGINS;Ft;;;;6-0573;01-03-2010;LA CAMPIÑA;SOC. AG. E INM. LA CAMPIÑA;SOC. AG. E INM. LA CAMPIÑA;SOC. AG. E INM. LA CAMPIÑA;PJ;PHYSALIS;PERAL;CEREZO;C;LOTE E SUB HIJUELA LAS CASAS FUNDO LAS PAMPILLAS;19;320684;6161714;COLCHAGUA;CHIMBARONGO;R;SAN FERNANDO;10;73975168;CASILLA 335, SAN FERNANDO;viveroslacampina@hotmail.com;
REGION DEL LIBERTADOR GRAL. BERNARDO O´HIGGINS;;;O;;6-0578;12-03-2010;JARDIN MARGARITA;MARGARITA;CELIS;DIAZ;F;ORNAMENTALES;;;C;VILLA SAN NICOLAS Nº 9A, LA RAMADA;19;315481;6171181;COLCHAGUA;SAN FERNANDO;R;SAN FERNANDO;0,01;91912570;VILLA SAN NICOLAS Nº9A LA RAMADA;;
REGION DEL LIBERTADOR GRAL. BERNARDO O´HIGGINS;;;;V;6-0607;24-08-2010;DOÑA TRINIDAD;LONGO S.A.;LONGO S.A.;LONGO S.A.;PJ;MANZANO;VID;CEREZO;A;FUNDO LAS MERCEDES, CAMINO ROMERAL KM 1,5;19;315636;6154256;COLCHAGUA;CHIMBARONGO;R;SAN FERNANDO;8;075-380648;LONGITUDINAL SUR KM187, ROMERAL;mauriciovalm@yahoo.com;
REGION DEL LIBERTADOR GRAL. BERNARDO O´HIGGINS;Ft;;; ;6-0609;06-08-2010;SANTA ISABEL;GERARDO;INFANTE;VIAL;M;VID;;;A;SANTA ISABEL DEL MEDIO S/N;19;319737;6158177;COLCHAGUA;CHIMBARONGO;R;SAN FERNANDO;0,2;92232077;CASILLA 22, CHIMBARONGO;santaisabeldelmedio@gmail.com;
REGION DEL LIBERTADOR GRAL. BERNARDO O´HIGGINS;;;O;;6-0636;28-03-2011;TALLER LABORAL MONTAÑA MAGICA;TALLER LABORAL MONTAÑA MAGICA;TALLER LABORAL MONTAÑA MAGICA;TALLER LABORAL MONTAÑA MAGICA;PJ;ORNAMENTALES;;;C;LAS PEÑAS S/N;19;336987;6153663;COLCHAGUA;SAN FERNANDO;R;SAN FERNANDO;0,1;96786565;LAS PEÑAS S/N;lombricultura.13@hotmail.com;
REGION DEL LIBERTADOR GRAL. BERNARDO O´HIGGINS;;;;V;6-0671;05-12-2011;ANDRÉS TAMM;ANDRÉS;TAMM;PLESCH;M;VID;MANZANO;;A/C;FUNDO SANTA LUISA DE TOTIHUE TINGUIRIRICA;19;324701;6162754;COLCHAGUA;CHIMBARONGO;R;SAN FERNANDO;2;72-714590;CASILLA 233 SAN FERNANDO;atamm@vinatamm.com;
REGION DEL LIBERTADOR GRAL. BERNARDO O´HIGGINS;;;O;;6-0672;19-10-2011;MAURICIO SERRANO HERNÁNDEZ;MAURICIO;SERRANO;HERNÁNDEZ;M;ORNAMENTALES;;;C;POBLA. STA ELENA LOS AROMOS 22;19;319380;6169829;COLCHAGUA;SAN FERNANDO;U;SAN FERNANDO;0,1;S/N;POBLA. STA ELENA LOS AROMOS 22;;
REGION DEL LIBERTADOR GRAL. BERNARDO O´HIGGINS;Ft;;;;6-0680;07-05-2012;EL MULO;AGRÍCOLA PANAGRO LTDA;AGRÍCOLA PANAGRO LTDA;AGRÍCOLA PANAGRO LTDA;PJ;CEREZO;;;A;LAS TINAJAS S/N;19;318235;6158038;COLCHAGUA;CHIMBARONGO;R;SAN FERNANDO;1,5;72-782753;CASILLA 499 SAN FERNANDO;lmeza@panagro.cl;
REGION DEL LIBERTADOR GRAL. BERNARDO O´HIGGINS;;;;V;6-0692;22-06-2012;EL AROMO;AGRÍCOLA EL AROMO LTDA;AGRÍCOLA EL AROMO LTDA;AGRÍCOLA EL AROMO LTDA;PJ;VID;;;A;FUNDO SAN HERNÁN S/N;19;315744;6172492;COLCHAGUA;SAN FERNANDO;R;SAN FERNANDO;0,25;74103108;CALLE EL ROBLE S/N;agricolaelaromo@gmail.com;
REGION DEL LIBERTADOR GRAL. BERNARDO O´HIGGINS;;;O;;6-0708;06-09-2012;LA BRUJILDA;CLAUDIA PAMELA;GUTIERREZ;LEYTON;F;ORNAMENTALES;;;C;CAMINO A PUQUILLAY N° 200;19;298111;6162910;COLCHAGUA;NANCAGUA;U;SAN FERNANDO;0,05;72-858928;CAMINO A PUQUILLAY N° 200;cgutierrezleyton@gmail.com;
REGION DEL LIBERTADOR GRAL. BERNARDO O´HIGGINS;;;;V;6-0718;01-10-2012;AGRICOLA SAN ANDRÉS LIMITADA;AGRICOLA SAN ANDRÉS LIMITADA;AGRICOLA SAN ANDRÉS LIMITADA;AGRICOLA SAN ANDRÉS LIMITADA;PJ;VID;;;C;POTRERO EL TUBO LOTE 4;19;301168;6163016;COLCHAGUA;NANCAGUA;R;SAN FERNANDO;1;76497427;CASILLA 12, NANCAGUA;nataliadiazpenaloza@hotmail.com;
REGION DEL LIBERTADOR GRAL. BERNARDO O´HIGGINS;;;O;;6-0725;03-12-2012;VIVERO EL EDÉN;JAIME ANDRÉS;CORONA;FUENZALIDA;M;ORNAMENTALES;;;C;POBLACIÓN LOS ARENEROS CASA 2;19;317776;6167540;COLCHAGUA;CHIMBARONGO;R;SAN FERNANDO;0,05;85566952;POBLACIÓN LOS ARENEROS CASA 2;;
REGION DEL LIBERTADOR GRAL. BERNARDO O´HIGGINS;Ft;;;;6-0730;19-03-2013;VIVERO ULMEN;AGRICOLA ULMEN LTDA;AGRICOLA ULMEN LTDA;AGRICOLA ULMEN LTDA;PJ;NOGAL;;;A/C;SANTA ISABEL PC 66, 67, LOTE B, QUICHARCO;19;323274;6157245;COLCHAGUA;CHIMBARONGO;R;SAN FERNANDO;0,2;98297581;HUERFANOS 669 OF 311 SANTIAGO;aavainst@uc.cl;
REGION DEL LIBERTADOR GRAL. BERNARDO O´HIGGINS;;;;;6-0750;26-09-2013;VIVEROS CARITAS;JORGE ANTONIO;SALAZAR;URZUA;M;MANZANO;;;A;LAS VERTIENTES LOTE A2 CAMINO ANTIGUO;19;304195;6164019;COLCHAGUA;PLACILLA;R;SAN FERNANDO;3;72-2858388;RUTA I-50 KM 17, PLACILLA;jsalazar@greenvic.cl;072-2858388
REGION DEL LIBERTADOR GRAL. BERNARDO O´HIGGINS;;;;V;6-0751;27-09-2013;VIVERO LAS TRES MARIAS;AGRICOLA LAS TRES MARIAS LTDA;AGRICOLA LAS TRES MARIAS LTDA;AGRICOLA LAS TRES MARIAS LTDA;PJ;VID;;;A;PARCELA LAS TRES MARIAS, SAN GREGORIO;19;293292;6161495;COLCHAGUA;NANCAGUA;R;SAN FERNANDO;0,4;72-2858395;CASILLA 91 NANCAGUA;agric3marias@gmail.com;
REGION DEL LIBERTADOR GRAL. BERNARDO O´HIGGINS;Ft;;;;6-0752;27-09-2013;CRISTI;JORGE ALEJANDRO;URETA;JORQUERA;M;MEMBRILLO;MANZANO;;A/C;PARCELA 8 LOTE C EL RINCON DE PEOR ES NADA;19;314799;6147123;COLCHAGUA;CHIMBARONGO;R;SAN FERNANDO;1;97484433;CASILLA 75, CHIMBARONGO;jorgeuretaj@gmail.com;
REGION DEL LIBERTADOR GRAL. BERNARDO O´HIGGINS;;;O;;6-0753;01-10-2013;CAMPO SUR ;SOC. AG. E INV. CAMPO SUR LTDA;SOC. AG. E INV. CAMPO SUR LTDA;SOC. AG. E INV. CAMPO SUR LTDA;PJ;ORNAMENTALES;;;C;SANTA REGINA S/N;19;311701;6168344;COLCHAGUA;PLACILLA;R;SAN FERNANDO;1;26337252;PADRE ERRAZURIZ 7483, LAS CONDES;foteizap@yahoo.com;
REGION DEL LIBERTADOR GRAL. BERNARDO O´HIGGINS;Ft;;;;6-0757;06-12-2013;ENRIQUE VARGAS IBANEZ;ENRIQUE;VARGAS;IBANEZ;M;MANZANO;PERAL;;A;PARCELA EL ROSAL DEL BOSQUE, SAN ENRIQUE S/N;19;318816;6154768;COLCHAGUA;CHIMBARONGO;R;SAN FERNANDO;0,25;9-2244560;CASILLA 45, CHIMBARONGO;;
REGION DEL LIBERTADOR GRAL. BERNARDO O´HIGGINS;Ft;;;;6-0759;24-01-2014;VIVEROS LOS ENCINOS;AGRICOLA LOS ENCINOS LTDA;AGRICOLA LOS ENCINOS LTDA;AGRICOLA LOS ENCINOS LTDA;PJ;CEREZO;;;C;AGRICOLA LOS ENCINOS S/N, CODEGUA;19;317905;6153488;COLCHAGUA;CHIMBARONGO;R;SAN FERNANDO;1;9-9719090;LAVANDULAS 9730, LAS CONDES, SANTIAGO;am.losencinos@gmail.com;
REGION DEL LIBERTADOR GRAL. BERNARDO O´HIGGINS;Ft;;;;6-0769;14-04-2014;VIVEROS SANTA MARIA;ORLANDO;DONOSO;DONOSO;M;OLIVO;NARANJO;NOGAL.PALTO;C;POBL.CARLOS IRIBARNE PJE. B.MAIPU N°47;19;299121;6163509;COLCHAGUA;NANCAGUA;U;SAN FERNANDO;0,006;5-8552601;POBL.CARLOS IRIBARNE PJE. B.MAIPU N°47;;
REGION DEL LIBERTADOR GRAL. BERNARDO O´HIGGINS;Ft;;O;;6-0771;25-04-2014;VIVERO JARDIN TRINIDAD;ROBERTO;GAETE;LABRAÑA;M;ORNAMENTALES;;;C;CUESTA LO GONZALEZ S/N;19;316464;6162324;COLCHAGUA;CHIMBARONGO;R;SAN FERNANDO;0,03;8-5144140;CORREOS TINGUIRIRICA;robertogaetel@gmail.com;
REGION DEL LIBERTADOR GRAL. BERNARDO O´HIGGINS;Ft;;;;6-0778;30-05-2014;VIVERO SAN EDUARDO;EDUARDO DEL CARMEN;ORTEGA;CAMPOS;M;NOGAL;;;C;PARCELA 25 PUQUILLAY;19;299341;6158925;COLCHAGUA;NANCAGUA;R;SAN FERNANDO;0,70;84153161;CAMINO BUIN MAIPO 2714;;
REGION DEL LIBERTADOR GRAL. BERNARDO O´HIGGINS;;;O;;6-0777;30-05-2014;KÜMELEN;KATHERINE NATHALIA;GARCES;SEPULVEDA;F;ORNAMENTALES;;;C;PUERTAS DE HIERRO N° 310;19;316969;6169904;COLCHAGUA;SAN FERNANDO;U;SAN FERNANDO;0,01;98329438;CONDOMINIO PUERTAS DE HIERRO N° 310;;
REGION DEL LIBERTADOR GRAL. BERNARDO O´HIGGINS;;;O;;6-0781;24-06-2014;GABRITO;CECILIA ANDREA;BRICEÑO;LOPEZ;F;ORNAMENTALES;ARÁNDANO;MORAS.FRAMBUESAS;C;PARCELA 111 LATUNA;19;310439;6166314;COLCHAGUA;PLACILLA;R;SAN FERNANDO;0,10;86548151;CORREO PLACILLA ;andreita_992@live.cl;
REGION DEL LIBERTADOR GRAL. BERNARDO O´HIGGINS;;;;V;6-0808;28-10-2014;VIVERO EL MIMBRE;ANDRES;PIRAINO;SEPULVEDA;M;VID;;;A;PARCELA N° 49 PP LA PLATINA;19;311116;6169141;COLCHAGUA;CHIMBARONGO;R;SAN FERNANDO;5,00;722781111;CASILLA 16, CHIMBARONGO;jovy_pao@hotmail.com;722782057
REGION DEL LIBERTADOR GRAL. BERNARDO O´HIGGINS;;;;V;6-0809;28-10-2014;SAN CARLOS;ISABEL;MUÑOZ;NUÑEZ;F;VID;;;A/C;PARCELA 52 ANGOSTURA;19;317873;6176019;COLCHAGUA;SAN FERNANDO;R;SAN FERNANDO;0,40;52351471;ANGOSTURA S/N, LADO CANCHA;franciscopomu@hotmail.cl;
REGION DEL LIBERTADOR GRAL. BERNARDO O´HIGGINS;Ft;;O;;6-0806;22-10-2014;JARDIN MARIFLOR;MARIA INÉS;ARENAS;MARDONES;F;ORNAMENTALES;;;C;CALLEJÓN LO MIRANDA, PRIMERA CASA;19;314160;6159473;COLCHAGUA;CHIMBARONGO;U;SAN FERNANDO;0,05;94088589;CASILLA 128, CHIMBARONGO;;
REGION DEL LIBERTADOR GRAL. BERNARDO O´HIGGINS;Ft;;;;6-0810;28-10-2014;LA DIANA;JULIO CESAR;GIDDINGS;CANDIA;M;CEREZO;;;A;LOTE 2 RESERVA DE LOS FUNDOS LOS PALTOS Y LA DIANA;19;311113;6169142;COLCHAGUA;PLACILLA;R;SAN FERNANDO;4,00;222479647;CASILLA 449 PLACILLA;jgiddings@sbgroup.cl;
REGION DEL LIBERTADOR GRAL. BERNARDO O´HIGGINS;Ft;;;;6-0811;28-10-2014;SANTA CLEMENTINA;RODRIGO;VALDERRAMA;LABRA;M;MANZANO;CEREZO;;A/C;SANTA CLEMENTINA PARCELA 15 Y 16;19;318729;6164956;COLCHAGUA;CHIMBARONGO;R;SAN FERNANDO;1,00;94694772;PUNTILLA DE CODEGUA S/N CHIMBARONGO;rvalderramalabra@hotmail.com;
REGION DEL LIBERTADOR GRAL. BERNARDO O´HIGGINS;Ft;;;;Trámite;;LAS TORRES;JOSE CARLOS;FABRES;VIAL;M;CEREZO;;;A;FUNDO EL CARRIZAL S/N;19;319098;6154121;COLCHAGUA;CHIMBARONGO;R;SAN FERNANDO;1,00;722781784;CASILLA 52, CHIMBARONGO;cfabres@carrizal.cl;
REGION DEL LIBERTADOR GRAL. BERNARDO O´HIGGINS;;;;V;06-0603;10-09-2010;AGRICOLA LAS VERTIENTES;AGRICOLA LAS VERTIENTES;;;PJ;VID VINIFERA;;;C;LIHUEIMO;19;278434;6175356;COLCHAGUA;PALMILLA;R;SANTA CRUZ;2,10;;LIHUEIMO;juanduarte@hotmail.com;
REGION DEL LIBERTADOR GRAL. BERNARDO O´HIGGINS;Ft;;;V;06-0647;12-07-2011;AGRICOLA SAN JORGE DE PUQUILLAY LTDA.;AGRICOLA SAN JORGE DE PUQUILLAY LTDA.;;;PJ;VID VINIFERA;;;A;SAN DIEGO. PUQUILLAY;19;268738;6180753;COLCHAGUA;PERALILLO;R;SANTA CRUZ;1,50;861204;SAN DIEGO. PUQUILLAY;a.asenjo@avsd.cl;
REGION DEL LIBERTADOR GRAL. BERNARDO O´HIGGINS;Ft;;O;;06-0240;31-10-2002;BABILONIA;ANA;TOBAR;MORALES;F;FRUTAL;ORNAMENTAL;;C;LOS MAITENES S/Nº;19;261458;6194621;CARDENAL CARO;MARCHIGUE;R;SANTA CRUZ;0,10;;LOS MAITENES S/Nº;jardinbabilonia@gmail.com;
REGION DEL LIBERTADOR GRAL. BERNARDO O´HIGGINS;Ft;;;;06-0281;13-10-2004;BETHANIA;LUIS;MELGAREJO;;M;ARÁNDANO;;;A/C;MOLINEROS;19;262810;6177570;COLCHAGUA;PERALILLO;R;SANTA CRUZ;0,30;;MARTIN DE ZAMORA 4608. MOLINEROS. PERALILLO;amg@bethania.cl;
REGION DEL LIBERTADOR GRAL. BERNARDO O´HIGGINS;;;O;;06-0264;19-04-2004;CAROLINA;MARIA;LEIVA ;LLANCA;F;ORNAMENTALES;;;C;CAHUIL;18;774447;6180421;CARDENAL CARO;PICHILEMU;R;SANTA CRUZ;0,10;;CAHUIL;;
REGION DEL LIBERTADOR GRAL. BERNARDO O´HIGGINS;;;O;;06-0202;13-05-1997;CAROLINA;INES DEL CARMEN ;MARTINEZ;QUINTERO;F;FUCSIA;PAPAYO;ALEGRIA DEL HOGAR;C;CAHUIL;18;774428;6180595;CARDENAL CARO;PICHILEMU;R;SANTA CRUZ;0,20;;CAHUIL;;
REGION DEL LIBERTADOR GRAL. BERNARDO O´HIGGINS;;Fo;;;06-0256;05-01-2004;CARRIZAL;JOSE ;RAMIREZ;ORMAZABAL;M;QUILLAY;EUCALYPTUS GLOBULUS;CIPRES;A;FUNDO CARRIZAL ALCONES;19;248159;6185078;CARDENAL CARO;MARCHIGUE;R;SANTA CRUZ;0,40;;FUNDO CARRIZAL ALCONES;;
REGION DEL LIBERTADOR GRAL. BERNARDO O´HIGGINS;Ft;Fo;O;;06-0586;07-07-2010;CASA FLOR;CARMEN ;DIAZ ;DIAZ;F;GUINDO ÀCIDO;CAQUI;MANZANO;C;CAMINO LA LAJUELA S/N°;19;280780;6163937;COLCHAGUA;SANTA CRUZ;R;SANTA CRUZ;8,00;2821078;CASILLA 194. SANTA CRUZ;invernaderosaneduardo@tie.cl;
REGION DEL LIBERTADOR GRAL. BERNARDO O´HIGGINS;;Fo;;;06-0342;04-05-2006;CHOMEDAHUE;RICARDO ;PEÑA;ROYO;M;EUCALIPTO;PINO;QUILLAY;C;ESCUELA LA GRANJA;19;284990;6160315;COLCHAGUA;SANTA CRUZ;R;SANTA CRUZ;1,00;204653;ESCUELA LA GRANJA;;
REGION DEL LIBERTADOR GRAL. BERNARDO O´HIGGINS;;Fo;;;06-0346;03-08-2006;COGUIL;FRANCISCO ;BAZTAN ;GONZALEZ;M;PINUS RADIATA;EUCALYPTUS GLOBULUS;;A;FUNDO EL COGUIL S/Nº;19;234424;6207480;CARDENAL CARO;PICHILEMU;R;SANTA CRUZ;0,20;2-6727437;FUNDO EL COGUIL S/Nº;oficinacentral@naguilan.cl;2-6727437
REGION DEL LIBERTADOR GRAL. BERNARDO O´HIGGINS;;;;V;06-0478;08-05-2007;COLCHAGUA;JOSE IGNACIO ;CORREA ;RAAB;M;VID VINIFERA;;;C;CAMINO UVA BLANCA S/N°;19;290909;6160606;COLCHAGUA;SANTA CRUZ;R;SANTA CRUZ;10,00;822664;CASILLA 244. SANTA CRUZ;icorrea@viverocolchagua.cl;822664
REGION DEL LIBERTADOR GRAL. BERNARDO O´HIGGINS;Ft;;;V;06-0291;09-12-2004;CULENCO;ROBERTO;VARGAS ;CORNEJO;M;VID VINIFERA;;;C;FUNDO CULENCO;19;252020;6146819;COLCHAGUA;LOLOL;R;SANTA CRUZ;0,50;;FUNDO CULENCO;robertovargascornejo@gmail.com;
REGION DEL LIBERTADOR GRAL. BERNARDO O´HIGGINS;Ft;;O;;06-0262;22-04-2002;DON BOSCO;RICARDO ;GALARCE ;TOLEDO;M;CEREZO;ARÁNDANO;NOGAL;C;BARREALES S/Nº;19;282248;6168053;COLCHAGUA;SANTA CRUZ;U;SANTA CRUZ;3,00;821604;CASILLA 270;ricardo.galarce.t@gmail.com;821604
REGION DEL LIBERTADOR GRAL. BERNARDO O´HIGGINS;;;O;;06-0235;29-01-2002;EBEN EZER;ESTELA ;MARDONES ;RODRIGUEZ;F;ORNAMENTALES;;;C;DIEGO PORTALES S/Nº;19;284114;6165335;COLCHAGUA;SANTA CRUZ;U;SANTA CRUZ;0,20;2823249;DIEGO PORTALES S/Nº;;
REGION DEL LIBERTADOR GRAL. BERNARDO O´HIGGINS;;;;V;06-0529;23-12-2008;EL AROMO;JUAN ;QUIJADA;QUIJADA;M;VID VINIFERA;;;A;PARCELA 20 SAN JOSE DE APALTA;19;293045;6167437;COLCHAGUA;SANTA CRUZ;R;SANTA CRUZ;0,50;;PARCELA 20 SAN JOSE DE APALTA;;
REGION DEL LIBERTADOR GRAL. BERNARDO O´HIGGINS;Ft;Fo;O;;06-0556;08-07-2009;EL BOSQUE;ADRIANA ;GONZALEZ;GUERRA;F;ORNAMENTALES;;;C;LOS TILOS S/Nº;19;256835;6153337;COLCHAGUA;LOLOL;R;SANTA CRUZ;0,50;;LOS TILOS S/Nº;;
REGION DEL LIBERTADOR GRAL. BERNARDO O´HIGGINS;;;O;;06-0263;19-04-2004;EL EDEN;MARIA ;GONZALEZ ;RIQUELME;F;ORNAMENTALES;;;C;CAHUIL;18;774427;6180640;CARDENAL CARO;PICHILEMU;R;SANTA CRUZ;0,10;;CAHUIL;;
REGION DEL LIBERTADOR GRAL. BERNARDO O´HIGGINS;Ft;;;;06-0273;18-05-2004;EL ESTERO;JUAN ;ERAZO ;YAÑEZ;M;ARÁNDANO;;;A/C;PAILIMO;19;244150;6201403;CARDENAL CARO;MARCHIGUE;R;SANTA CRUZ;0,01;;PAILIMO;;
REGION DEL LIBERTADOR GRAL. BERNARDO O´HIGGINS;;;;V;06-0702;03-08-2012;EL HUAICO;AGRICOLA APALTAGUA LTDA.;;;PJ;VID VINIFERA;;;A;FUNDO EL HUAICO S/N°. AGUA SANTA;19;286810;6173291;COLCHAGUA;PALMILLA;R;SANTA CRUZ;1,30;075-558460;;claudio.chavez@apaltagua.com;
REGION DEL LIBERTADOR GRAL. BERNARDO O´HIGGINS;Ft;Fo;O;;06-0359;12-05-1998;EL MEDANO;GAFONAC  LTDA.;;;PJ;PINUS RADIATA;;;A;SAN ANTONIO DE PETREL;19;226640;6191481;CARDENAL CARO;PICHILEMU;R;SANTA CRUZ;0,30;;SAN ANTONIO DE PETREL;;
REGION DEL LIBERTADOR GRAL. BERNARDO O´HIGGINS;;Fo;O;;06-0294;07-01-2005;EL MONTE;PETRONILA DEL CARMEN ;VILCHES ;ZUÑIGA;F;ORNAMENTALES;FORESTAL;;C;HORNOS VIEJOS;19;259099;6155387;COLCHAGUA;LOLOL;R;SANTA CRUZ;0,50;;HORNOS VIEJOS;;
REGION DEL LIBERTADOR GRAL. BERNARDO O´HIGGINS;Ft;Fo;O;;06-0626;09-02-2011;EMILIA SOTO;EMILIA;SOTO;SILVA;F;ORNAMENTALES;FRUTAL;FORESTAL;C;MANUEL RODRIGUEZ 687;19;256904;6168203;COLCHAGUA;PUMANQUE;U;SANTA CRUZ;0,50;;MANUEL RODRIGUEZ 687;ruthsoto55@hotmail.com;
REGION DEL LIBERTADOR GRAL. BERNARDO O´HIGGINS;Ft;Fo;O;V;06-0237;17-07-2002;FERCO;ALEX ;FERNANDEZ ;AGUILERA;M;EUCALIPTO;ORNAMENTAL;LIMONERO;C;AVDA. ERRAZURIZ Nº 471;19;283588;6164588;COLCHAGUA;SANTA CRUZ;U;SANTA CRUZ;0,50;821500;AVDA. ERRAZURIZ Nº 471;fernandezalex6@yahoo.es;
REGION DEL LIBERTADOR GRAL. BERNARDO O´HIGGINS;;;O;;06-0812;12-11-2014;FLORICULTURA;JAVIER HUMBERTO;CÁCERES;CERDA;M;;;;C;PARCELA N° 25 LAS ARAÑAS;19;294450;6156343;COLCHAGUA;CHÉPICA;R;SANTA CRUZ;0,12;89426080;PARCELA N° 25 LAS ARAÑAS;romanescojavier@gmail.com;
REGION DEL LIBERTADOR GRAL. BERNARDO O´HIGGINS;;;;V;06-0660;30-09-2011;GUAYACAN;JOHANNA RAQUEL;BECERRA;VILCHES;F;VID VINIFERA;;;C;QUINAHUE S/N°;19;286337;6158984;COLCHAGUA;SANTA CRUZ;R;SANTA CRUZ;1,20;2822179;LA PUERTA S/N°;"jbhuique@gmail.com; claudio.serranov@gmail.com";
REGION DEL LIBERTADOR GRAL. BERNARDO O´HIGGINS;;;O;;06-0723;28-11-2012;INVERNADERO EL ESFUERZO;HERMINIA;LORCA ;BECERRA;F;CLAVEL;ASTROMELIAS;;C;CHOMEDAHUE S/N°;19;285625;6161319;COLCHAGUA;SANTA CRUZ;R;SANTA CRUZ;0,02;;CHOMEDAHUE S/N°;;
REGION DEL LIBERTADOR GRAL. BERNARDO O´HIGGINS;Ft;;O;;06-0248;06-08-2003;JARDIN ARELLANO;FERNANDO ;ARELLANO;NUÑEZ;M;ORNAMENTALES;;;C;HIJUELA 4 A-2 POBLACION NICOLAS PALACIOS;19;283928;6163846;COLCHAGUA;SANTA CRUZ;U;SANTA CRUZ;0,20;;HIJUELA 4 A-2 POBLACION NICOLAS PALACIOS;;
REGION DEL LIBERTADOR GRAL. BERNARDO O´HIGGINS;Ft;;O;;06-0537;05-05-2009;JARDIN COLINA GARDEN;RICARDO ;PEREZ ;ZAMORANO;M;ORNAMENTALES;;;C;PJE LOS QUELTEHUES S/N ;19;224489;6189382;CARDENAL CARO;PICHILEMU;U;SANTA CRUZ;0,20;842121;PSE. LOS QUELTEHUES S/N ;;
REGION DEL LIBERTADOR GRAL. BERNARDO O´HIGGINS;;;O;;06-0706;05-09-2012;JARDIN JERAMEL;JENNIFER GRACIELA;GAETE ;JORQUERA;F;ORNAMENTALES;;;C;CALLE LOS LIRIOS N° 052. VILLA LOS JARDINES;19;224783;6191054;CARDENAL CARO;PICHILEMU;U;SANTA CRUZ;0,02;;CALLE LOS LIRIOS N° 052. VILLA LOS JARDINES;gaeteje@hotmail.com;
REGION DEL LIBERTADOR GRAL. BERNARDO O´HIGGINS;Ft;;O;;06-0741;10-07-2013;JARDÍN SANTA BLANCA;SOFÍA DEL CARMEN;GONZÁLEZ;LORCA;F;ORNAMENTALES;;;C;RINCONADA DE ALCONES S/N°;19;248397;6194914;CARDENAL CARO;MARCHIGUE;R;SANTA CRUZ;0,20;;RINCONADA DE ALCONES S/N°;;
REGION DEL LIBERTADOR GRAL. BERNARDO O´HIGGINS;;;;V;06-0742;29-07-2013;JOSITO;JOSÉ MANUEL;GUERRERO;CORNEJO;M;VID VINIFERA;;;A;PARCELA N° 34, VIÑA APALTA;19;293836;6164774;COLCHAGUA;SANTA CRUZ;R;SANTA CRUZ;0,10;;PC 34 VIÑA APALTA;;
REGION DEL LIBERTADOR GRAL. BERNARDO O´HIGGINS;Ft;;;V;06-0328;04-11-2005;LA FINCA;VIÑA MONTES S.A.;;;PJ;VID VINIFERA;;;A;FUNDO EL ARCANGEL;19;255699;6195236;CARDENAL CARO;MARCHIGUE;R;SANTA CRUZ;1,50;2721375;FUNDO EL ARCANGEL;spino@monteswines.com;
REGION DEL LIBERTADOR GRAL. BERNARDO O´HIGGINS;;Fo;;;06-0298;03-02-2005;LA INSULA;CARMEN ;PARRAGUEZ;ARAYA;F;EUCALYPTUS GLOBULUS;;;C;CARRETERA A BUCALEMU;19;233787;6161985;CARDENAL CARO;PAREDONES;R;SANTA CRUZ;0,10;;CARRETERA A BUCALEMU;;
REGION DEL LIBERTADOR GRAL. BERNARDO O´HIGGINS;Ft;Fo;O;;06-0278;17-08-2004;LAS VERTIENTES;GLADYS ;VARGAS ;PAVEZ;F;ORNAMENTALES;FRUTAL;FORESTAL;C;YERBAS BUENAS;19;257357;6189723;CARDENAL CARO;MARCHIGUE;R;SANTA CRUZ;0,03;831003;YERBAS BUENAS;;
REGION DEL LIBERTADOR GRAL. BERNARDO O´HIGGINS;;;;V;06-0701;08-08-2012;LORETO;ENRIQUE SEGUNDO;VARGAS ;VALLEJOS;M;VID VINIFERA;;;A;PARCELA N° 24;19;278395;6186013;COLCHAGUA;PERALILLO;R;SANTA CRUZ;;;;;
REGION DEL LIBERTADOR GRAL. BERNARDO O´HIGGINS;;;;V;06-0655;12-09-2011;LOS ESPINOS;VITIVINICOLA MELIOR LTDA.;;;PJ;VID VINIFERA;;;A/C;PARCELA 63 SAN FRANCISCO DE HUIQUE;19;283493;6184392;COLCHAGUA;PALMILLA;R;SANTA CRUZ;1,50;85035455;PARCELA 63 SAN FRANCISCO DE HUIQUE;luissajorojas@hotmail.com;
REGION DEL LIBERTADOR GRAL. BERNARDO O´HIGGINS;;;O;;06-0199;02-07-1997;LOS LINGUES;MARIA LINA ;FERMANDOIS;;F;PROTEAS;;;C;AVENIDA ORTUZAR Nº 339;18;775500;6190927;CARDENAL CARO;PICHILEMU;U;SANTA CRUZ;0,30;842869;AVENIDA ORTUZAR Nº 339;;
REGION DEL LIBERTADOR GRAL. BERNARDO O´HIGGINS;Ft;;O;V;06-0212;02-07-1998;LOS VASCOS;ENRIQUE;MARQUEZ;FUENZALIDA;M;VID VINIFERA;;;A/C;FUNDO LOS VASCOS;19;267511;6179643;COLCHAGUA;PERALILLO;R;SANTA CRUZ;13,10;350907;CASILLA 4. PERALILLO;ppuebla@losvascos.cl;861285
REGION DEL LIBERTADOR GRAL. BERNARDO O´HIGGINS;Ft;Fo;O;;06-0494;24-09-2007;MARIA JOSE;MISAEL ;PALMA ;ZAMORANO;M;TULIPERO;;;C;AGUA SANTA DEL HUIQUE S/Nº;19;284510;6173058;COLCHAGUA;PALMILLA;R;SANTA CRUZ;0,30;;AGUA SANTA DEL HUIQUE S/Nº;;
REGION DEL LIBERTADOR GRAL. BERNARDO O´HIGGINS;Ft;;O;;06-0274;19-05-2004;MARISOL;MARIA ;QUINTEROS ;LLANCA;F;ORNAMENTALES;;;C;CAHUIL;18;774437;6180423;CARDENAL CARO;PICHILEMU;R;SANTA CRUZ;0,20;;CAHUIL;;
REGION DEL LIBERTADOR GRAL. BERNARDO O´HIGGINS;;Fo;;;06-0276;26-05-2004;MIRANDA;LUIS ORLANDO ;DIAZ;DIAZ;M;EUCALYPTUS GLOBULUS;;;C;PAILIMO;19;244628;6202730;CARDENAL CARO;MARCHIGUE;R;SANTA CRUZ;0,02;;PAILIMO;;
REGION DEL LIBERTADOR GRAL. BERNARDO O´HIGGINS;;;O;;06-0338;02-03-2006;PALMAS DE NERQUIHUE;RENE ;RAMIREZ;CALCAGNI;M;PALMA;;;A;LOTE 9 C NERQUIHUE;19;268442;6159862;COLCHAGUA;LOLOL;R;SANTA CRUZ;1,00;;LOTE 9 C NERQUIHUE;;
REGION DEL LIBERTADOR GRAL. BERNARDO O´HIGGINS;;Fo;;;06-0509;02-01-2008;PAREDONES;JOSE MANUEL ;CASTRO ;BOZA;M;PINUS RADIATA;QUILLAY;CIPRES;C;POBLACION SAN JUAN S/N°;19;234607;6161554;CARDENAL CARO;PAREDONES;U;SANTA CRUZ;0,50;;POBLACION SAN JUAN S/N°;;
REGION DEL LIBERTADOR GRAL. BERNARDO O´HIGGINS;Ft;;;V;06-0308;18-07-2005;PEDRO LEON;PEDRO;LEON ;TOLORZA;M;VID VINIFERA;;;A/C;SITIO 1. LOS CARDOS;19;277116;6183084;COLCHAGUA;PERALILLO;R;SANTA CRUZ;0,50;;LOS CARDOS;pleontolorza@gmail.com / pdleon@ventisquero.com;
REGION DEL LIBERTADOR GRAL. BERNARDO O´HIGGINS;;;O;;06-0228;10-08-2001;PROTEA CHILE;JUAN CARLOS;LAGOS;LAZO;M;PROTEAS;LEUCADENDRON;;C;FUNDO CARRIZALILLO;19;247776;6230364;CARDENAL CARO;LITUECHE;R;SANTA CRUZ;2,00;;FUNDO CARRIZALILLO;juancarlos.lagoslazo@gmail.com;
REGION DEL LIBERTADOR GRAL. BERNARDO O´HIGGINS;;Fo;;;06-0343;10-05-2006;RAPEL DE NAVIDAD;CORPORACION NACIONAL FORESTAL;;;PJ;FORESTAL;;;C;RAPEL DE NAVIDAD;19;247277;6240707;CARDENAL CARO;NAVIDAD;R;SANTA CRUZ;0,15;204610;RAPEL DE NAVIDAD;;
REGION DEL LIBERTADOR GRAL. BERNARDO O´HIGGINS;;;;V;06-0597;13-08-2010;RAUL NARVAEZ;RAUL ;NARVAEZ ;REYES;M;VID VINIFERA;;;A/C;PARCELA 123;19;284845;6170109;COLCHAGUA;PALMILLA;R;SANTA CRUZ;0,04;;PARCELA 123;raul.narvaez.r@gmail.com;
REGION DEL LIBERTADOR GRAL. BERNARDO O´HIGGINS;Ft;Fo;O;;06-0203;30-05-1997;RAYEN;JUAN ESTEBAN ;GAETE ;BECERRA;M;FUCSIA;HIEDRA;PAPAYO;C;CAHUIL;18;774471;6180431;CARDENAL CARO;PICHILEMU;R;SANTA CRUZ;0,10;;CAHUIL;;
REGION DEL LIBERTADOR GRAL. BERNARDO O´HIGGINS;;Fo;;;06-0226;08-05-2001;SAN ANDRES;LUIS ;MALDONADO ;MUÑOZ;M;PINUS RADIATA;EUCALYPTUS GLOBULUS;CIPRES;C;LA QUESERIA CHICA;19;236551;6162420;CARDENAL CARO;PAREDONES;R;SANTA CRUZ;0,20;;LA QUESERIA CHICA;;
REGION DEL LIBERTADOR GRAL. BERNARDO O´HIGGINS;;;O;;06-0234;18-12-2001;SAN CARLOS;ERCILIA ;CATALAN ;MARTINEZ;F;ORNAMENTALES;;;C;CAHUIL;18;774558;6179900;CARDENAL CARO;PICHILEMU;R;SANTA CRUZ;0,05;;CAHUIL;;
REGION DEL LIBERTADOR GRAL. BERNARDO O´HIGGINS;;;O;;06-0302;18-04-2005;SAN DIEGO;VICENTE ;LORCA ;BECERRA;M;AROMO;JACARANDA;;C;NERQUIHUE;19;267553;6159643;COLCHAGUA;LOLOL;R;SANTA CRUZ;0,25;;NERQUIHUE;;
REGION DEL LIBERTADOR GRAL. BERNARDO O´HIGGINS;Ft;Fo;;;06-0358;12-06-1994;SAN JUAN;RAMON ;MELLA;MELLA;M;PINUS RADIATA;;;A;LA POBLACION;19;235703;6155968;CARDENAL CARO;PAREDONES;R;SANTA CRUZ;0,20;;LA POBLACION;;
REGION DEL LIBERTADOR GRAL. BERNARDO O´HIGGINS;;;;V;06-0736;22-04-2013;SAN LORENZO;SOCIEDAD AGRÍCOLA Y VITITVINÍCOLA PUMANQUE LTDA.;;;PJ;VID VINIFERA;;;A/C;FUNDO SAN LORENZO;19;256064;6166664;COLCHAGUA;PUMANQUE;R;SANTA CRUZ;2,50;;;ccozzi@hotmail.com;
REGION DEL LIBERTADOR GRAL. BERNARDO O´HIGGINS;;Fo;;;06-0267;05-05-2004;SAN NICOLAS;JOSE LUIS ;GONZALEZ ;LABARCA;M;PINUS RADIATA;;;C;AVDA. LA PAZ S/Nº;19;234021;6162564;CARDENAL CARO;PAREDONES;U;SANTA CRUZ;0,02;;AVDA. LA PAZ S/Nº;;
REGION DEL LIBERTADOR GRAL. BERNARDO O´HIGGINS;;;;V;06-0664;20-10-2011;SANTA ANA AGRICOLA;AGRICOLA Y VIÑEDOS TIERRUCA S.A.;;;PJ;VID VINIFERA;;;;RUTA I 90 KM 70;19;263307;6188112;COLCHAGUA;PERALILLO;R;SANTA CRUZ;1,00;02-5406253;RUTA I 90 KM 70;lcontrera@grupoerrazuriz.cl  -  ncares@eov.cl;
REGION DEL LIBERTADOR GRAL. BERNARDO O´HIGGINS;Ft;Fo;O;;06-0711;24-09-2012;SANTA FILOMENA;BEATRIZ LORETO;GUAJARDO;ABARCA;F;HORTENSIA;FUCSIA;PAPAYO;C;CAHUIL S/Nº;18;774593;6179834;CARDENAL CARO;PICHILEMU;R;SANTA CRUZ;0,00;74140368;CAHUIL S/Nº;;
REGION DEL LIBERTADOR GRAL. BERNARDO O´HIGGINS;Ft;Fo;O;V;06-0710;24-09-2012;SANTA PAMELA;OSVALDO DEL CARMEN;MUÑOZ ;MORALES;M;VID VINIFERA;;;A;PARCELA N° 23;19;293662;6166132;COLCHAGUA;SANTA CRUZ;R;SANTA CRUZ;0,00;;PARCELA N° 23;;
REGION DEL LIBERTADOR GRAL. BERNARDO O´HIGGINS;;;;V;06-0698;03-06-2010;SANTA RAQUEL;JORGE HUMBERTO ;AZUA  ;MUÑOZ;M;VID VINIFERA;;;A;PARCELA N°21 APALTA;19;292622;6167056;COLCHAGUA;SANTA CRUZ;R;SANTA CRUZ;0,50;;PARCELA N°21 APALTA;jazua4@hotmail.com;
REGION DEL LIBERTADOR GRAL. BERNARDO O´HIGGINS;Ft;;;V;06-0214;19-01-1999;SANTA SOFIA;IBES ;SEPULVEDA;MARAMBIO;M;VID VINIFERA;;;C;LA PUERTA S/N°;19;282136;6167236;COLCHAGUA;SANTA CRUZ;R;SANTA CRUZ;8,00;;PSJE. VALPARAISO 433. STA. CRUZ;ibes.sepulveda@gmail.com;
REGION DEL LIBERTADOR GRAL. BERNARDO O´HIGGINS;;Fo;;;06-0204;27-05-1997;SANTA TERESA;TERESA ;GIGLIO ;FERNANDEZ;F;PINUS RADIATA;;;C;DR. MOORE Nº 28;19;234239;6161871;CARDENAL CARO;PAREDONES;U;SANTA CRUZ;1,00;;DR. MOORE Nº 28;;
REGION DEL LIBERTADOR GRAL. BERNARDO O´HIGGINS;;;;V;06-0210;10-12-1997;VIÑA URETA;FERNANDO ;URETA ;CORTES;M;VID VINIFERA;;;A;PARCELA N° 14;19;283817;6178863;COLCHAGUA;PALMILLA;R;SANTA CRUZ;2,50;;SAN JAVIER DE LIHUEIMO;info@ureta.cl;
REGION DEL LIBERTADOR GRAL. BERNARDO O´HIGGINS;;Fo;O;;06-0220;15-10-1999;VIVEFOR;JUAN ;FARFAN;ZUÑIGA;M;EUCALYPTUS GLOBULUS;;;C;PARCELA Nº 69;19;284081;6167276;COLCHAGUA;PALMILLA;R;SANTA CRUZ;0,20;;PARCELA Nº 69;;
REGION DEL LIBERTADOR GRAL. BERNARDO O´HIGGINS;Ft;Fo;O;V;06-0628;21-09-2010;VIVERO B & B;AGRICOLA B&B;;;PJ;VID VINIFERA;;;C;PARCELA N°51 CRUCERO - EL HUIQUE;19;284872;6169410;COLCHAGUA;PALMILLA;R;SANTA CRUZ;3,00;;PARCELA N°51 CRUCERO - EL HUIQUE;vivero.bb@gmail.com;
REGION DEL LIBERTADOR GRAL. BERNARDO O´HIGGINS;Ft;;;V;06-0732;28-03-2013;VIVERO CALABRIA;JOAQUIN WASHINGTON;ROA;MELITA;M;NOGAL;VID;PERAL;C;NILAHUE CORNEJO S/N°;19;248720;6158964;COLCHAGUA;PUMANQUE;R;SANTA CRUZ;1,50;;CASILLA 283;vivero.calabria@gmail.com;
REGION DEL LIBERTADOR GRAL. BERNARDO O´HIGGINS;Ft;;;;06-0748;02-10-2013;VIVEROS CAROLINA;MARÍA CAROLINA ;ÁVILA ;RENGIFO;F;ARÁNDANO;;;C;PARCELA 22, EL CARMEN;19;265271;6186746;COLCHAGUA;PERALILLO;R;SANTA CRUZ;0,02;;PJE LEYTON S/N° VILLA LATO CAMPANARIO;mgalecio@gmail.com;
REGION DEL LIBERTADOR GRAL. BERNARDO O´HIGGINS;;;;V;06-0724;27-11-2012;VIVERO CHOMEDAHUE;AGRICOLA SAN SEBASTIAN LTDA.;;;PJ;VID VINIFERA;;;C;COSTADO PONIENTE CAMINO CHEPICA;19;283946;6163166;COLCHAGUA;SANTA CRUZ;U;SANTA CRUZ;0,10;85960145;PARCELA 96 CHOMEDAHUE;gcorrea.vivero@gmail.com;
REGION DEL LIBERTADOR GRAL. BERNARDO O´HIGGINS;Ft;;;V;06-039;01-06-2001;VIVERO GUILLAUME;VIVEROS GUILLAUME CHILE S.A;;;PJ;VID VINIFERA;;;C;FUNDO LAS PALMAS;19;296449;6157573;COLCHAGUA;CHÉPICA;R;SANTA CRUZ;18,50;;FUNDO LAS PALMAS;efuentes@greenwich.cl;
REGION DEL LIBERTADOR GRAL. BERNARDO O´HIGGINS;Ft;;O;V;06-0557;08-07-2009;VIVERO JARDIN LOS QUILLAYES;ADAN ;PIZARRO;PIZARRO;M;FRUTAL;ORNAMENTAL;;C;RANGUIL S/Nº;19;253286;6142003;COLCHAGUA;LOLOL;R;SANTA CRUZ;0,01;;RANGUIL S/Nº;;
REGION DEL LIBERTADOR GRAL. BERNARDO O´HIGGINS;;;;V;06-0592;04-08-2010;VIVERO LA CRUZ;ISIDRO ;RODRIGUEZ;FARIAS;M;VID VINIFERA;;;C;PARCELA 22 LIHUEIMO;19;277104;6179353;COLCHAGUA;PERALILLO;R;SANTA CRUZ;2,00;;PARCELA 22 LIHUEIMO;rodriguezlihueimo@gmail.com;
REGION DEL LIBERTADOR GRAL. BERNARDO O´HIGGINS;;Fo;;;06-0788;09-09-2014;VIVERO LOLOL;SERVICIO FORESTAL LAS COLES LTDA.;;;PJ;QUILLAY;QUISCO;BAILAHUEN;A;SECTOR RINCÓN DE LAS OVEJAS S/N°;19;257148;6152231;COLCHAGUA;LOLOL;R;SANTA CRUZ;0,14;98873738;SECTOR RINCÓN DE LAS OVEJAS S/N°;sandoval.patricia@gmail.com;
REGION DEL LIBERTADOR GRAL. BERNARDO O´HIGGINS;Ft;Fo;O;;06-0731;04-04-2013;VIVERO MI JARDIN;LAURA OTILIA DEL CARMEN;POBLETE;PEÑALOZA;F;ORNAMENTALES;;;C;LA ZONA. PANAMA S/N°;19;275780;6159928;COLCHAGUA;SANTA CRUZ;R;SANTA CRUZ;0,10;;LA ZONA. PANAMA S/N°;viveromijardinsc@gmail.com;
REGION DEL LIBERTADOR GRAL. BERNARDO O´HIGGINS;;;;V;06-0729;25-03-2013;VIVERO REINO PLANTAE;ROBERTO;VARGAS ;CORNEJO;M;VID VINIFERA;;;C;FUNDO PANILONGO;19;232499;6160272;CARDENAL CARO;PAREDONES;R;SANTA CRUZ;;;FUNDO PANILONGO;robertovargascornejo@gmail.com;
REGION DEL LIBERTADOR GRAL. BERNARDO O´HIGGINS;;;;V;06-0779;28-05-2014;VIVERO SAN JOSÉ;AGRÍCOLA SAN JOSÉ DE PERALILLO S.A.;;;PJ;VID VINIFERA;;;A;FUNDO SAN JOSÉ;19;279570;6172535;COLCHAGUA;PALMILLA;R;SANTA CRUZ;0,80;72-2823242;CASILLA 164 - SANTA CRUZ;asilva@montgras.cl;
REGION DEL LIBERTADOR GRAL. BERNARDO O´HIGGINS;Ft;;;;06-0786;22-08-2014;VIVERO SANTA ELENA LTDA.;SOCIEDAD AGRÍCOLA SANTA ELENA LTDA.;;;PJ;CEREZO;;;A;HIJUELA TERCERA LAS ALAMEDAS S/N°;19;289093;6148766;COLCHAGUA;CHÉPICA;R;SANTA CRUZ;0,80;75-2324443;PRAT 116 OF. 26;erwweberf@yahoo.es;
REGION DEL LIBERTADOR GRAL. BERNARDO O´HIGGINS;;Fo;;;06-0670;02-01-2012;VIVERO SECANO;RAMON ;PEREZ ;AHUMADA;M;EUCALYPTUS GLOBULUS;;;C;CAMINO BUCALEMU CERCO CHICO S/N°;19;233660;6162126;CARDENAL CARO;PAREDONES;R;SANTA CRUZ;0,15;;CAMINO BUCALEMU CERCO CHICO S/N°;ramon251185@hotmail.com;
REGION DEL LIBERTADOR GRAL. BERNARDO O´HIGGINS;Ft;Fo;O;V;06-0758;10-12-2013;VIVERO TRUFAS DEL SUR;VIVERO TRUFAS DEL SUR LTDA.;;;PJ;INOCUO TRUM NEGRA;;;C;FUNDO SANTA ROSA DE PUMANQUE, PUENTE COLHUE;19;264285;6174461;COLCHAGUA;PUMANQUE;R;SANTA CRUZ;0,50;72-2822668;FUNDO SANTA ROSA DE PUMANQUE, PUENTE COLHUE;malarcon@culenes.com;
REGION DEL LIBERTADOR GRAL. BERNARDO O´HIGGINS;Ft;;;;06-0480;15-05-2007;VIVERO VALLE AZUL;VICTOR EDUARDO;VIDAL;VILLA;M;ARÁNDANO;;;A/C;LA MINA. LA LAJUELA;19;277699;6166404;COLCHAGUA;SANTA CRUZ;R;SANTA CRUZ;1,00;;LA MINA. LA LAJUELA;jbustamante@valleazul.cl;
MAULE;;;;V;07-986;09.02.2001;EL PEÑASCO;VIÑA CREMASCHI BARRIGA;;;PJ;VID;;;A;FDO. EL PEÑASCO;19;255695;6053976;LINARES;SAN JAVIER;R;LINARES;1.0;073-340340;casilla 150 , San Javier;bodega@cf.cl;
MAULE;Ft;Fo;O;V;07-982;12.08.2011;LIUJACKMAN;JACQUELINE;ESTELA;MIS NIETOS;F;ORNAMENTALES;;;C;CHOCOA;19;250428;6054245;LINARES;VILLA ALEGRE;R;LINARES;0.3;99593241;;no tiene;
MAULE;;Fo;O;V;07-979;10.07.2007;VIVERO PATAGONIA;JAIME ;GUZMAN;SALVO;M;ORNAMENTALES;FORESTAL;AUTOCTONAS ;C;SAN JOSE;19;268980;5995488;LINARES;LONGAVI;R;LINARES;0.5;79542843;;no tiene;
MAULE;;Fo;;;07-977;06.06.2005;EL LLANO ;MANUEL;NEIRA;RIFFO;M;PINUS RADIATA;EUCALYPTUS;AUTOCTONAS ;C;VUELTA EL ALAMO/LA TERCERA;19;262638;6005143;LINARES;LONGAVI;R;LINARES;0.2;77940028;;viverosllano@gmail.com;
MAULE;;Fo;;;07-964;02.07.2002;DOÑA OLIVIA;RODRIGO;PEREIRA;;M;PINUS RADIATA;EUCALYPTUS;AUTOCTONAS ;C;CRUCE PORVENIR;19;260429;6034870;LINARES;LINARES;R;LINARES;0.5;92182262;;rpereirav@hotmail.com;
MAULE;Ft;;;;07-943;06-09-2005;LA GRANJA;JOSÈ  MANUEL;QUEZADA;CERDA;M;ARÁNDANO;;;A;LA GRANJA, PARCELA 42;19;260886;6019634;LINARES;LONGAVI;R;LINARES;0.5;;;manue7889@gmail.com;
MAULE;Ft;;;;07-941;31-08-2005;MOSTAZA;MARIA JOSE ;CORBALAN ;;F;ARÁNDANO;;;C;C. PANIMAVIDA KM 6;19;270512;6031705;LINARES;LINARES;R;LINARES;0.2;98431583;;mcorbalanstevens3@gmail.com;
MAULE;Ft;;;;07-937;21.12.2004;SAN ESTEBAN;EXPORT. T FRUT.SAN ESTEBAN LTDA.;;;PJ;ARÁNDANO;MANZANO;PERAL;A/C;TRES ESQUINAS;19;267415;6046381;LINARES;YERBAS BUENAS;R;LINARES;3.5;073-390092;;wvidal@corp.cl;
MAULE;Ft;;;;07-936;21.12.2004;ESMERALDA;EXPOR.Y FRUT.ESMERALDA LTDA;;;PJ;ARÁNDANO;;;A/C;BAJO ESMERALDA;19;273451;6044943;LINARES;YERBAS BUENAS;R;LINARES;0.5;1970343;no tienen;jbazaes@phcorp.cl;
MAULE;Ft;;;;07-928;11.11.2004;AGRO.INMOB.GEMAIPA LTDA;AGRO.INMOB.GEMAIPA LTDA;;;PJ;MANZANO;;;A/C;STA. ELENA, FDO SANTA CRISTINA;19;269307;6046232;LINARES;YERBAS BUENAS;R;LINARES;2.0;94193630;;piedrabayas@123.cl;
MAULE;Ft;;;;07-923;07.10.2004;EL DATO;ILUMILA;FIGUEROA;;M;ARÁNDANO;FRAMBUESO;;A/C;LAS ROSAS;19;266264;6041740;LINARES;YERBAS BUENAS;R;LINARES;0.3;073-215370;;no tiene;
MAULE;Ft;;;;07-919;08-08-2007;LA CAMPANA;AGRIC.LA CAMPANA LTDA ;;;M;AVELLANO EUROPEO;;;A/C;SAN LUIS DE MIRAFLORES;19;264188;6018501;LINARES;LONGAVI;R;LINARES;2.5;73-451102;;c.vicencio@avellanos.cl;
MAULE;Ft;;;;07-900;02-09-2004;FLORESTA;MAURICIO;PENDOZ;ALVARADO;M;ARÁNDANO;FRAMBUESO;;A/C;FLORESTA;19;276486;6044052;LINARES;COLBUN;R;LINARES;0.5;98872190;;no tiene;
MAULE;Ft;;;;07-892;30-08-2004;VERBERRIES;SOC.AGRIC.INDUSTRIAL EL ROBLE LTDA;;;PJ;ARÁNDANO;;;A;CAM. LA TORRE;19;269135;6031528;LINARES;LINARES;R;LINARES;0.3;99780346;;southandesberries.cl;
MAULE;Ft;;O;;07-890;30-08-2004;LOS KIWIS;CARLOS;MENDEZ;;M;ARÁNDANO;KIWI;;A;SAN GABRIEL;19;260837;6026350;LINARES;LONGAVI;R;LINARES;0.3;97610519;;mendezcadiz@gmail.com;
MAULE;Ft;;;;07-888;30-08-2004;SANTA TERESA;ROBERTO;LOPEZ;CERDA;M;ARÁNDANO;;;A;ALMENDRO 77;19;267423;6028916;LINARES;LINARES;U;LINARES;0.3;073-216444;;rrlopezc@gmail.com;
MAULE;Ft;;;;07-884;30-08-2004;SAN AGUSTIN;MARIA EUGENIA;SOTERAS ;PUIG;M;AVELLANO EUROPEO;;;C;LLANCANAO;19;270543;6026226;LINARES;LINARES;R;LINARES;0.3;09-3025659;;marujasoteras@yahoo.com;
MAULE;Ft;;;;07-873;22.05.2000;SAN MARTIN;GERMAN;FARR;;M;ARÁNDANO;;;C;LAS CUELLAR;19;264007;6028885;LINARES;LINARES;R;LINARES;0.3;66288598;casilla 284 LINARES;gfarr@niceblue.cl;
MAULE;Ft;;;;07-870;30-07-2004;SAN ANDRES;CARLOS;CAMPOS;ALFARO;M;ARÁNDANO;FRAMBUESO;;C;LLANCANAO;19;271448;6026391;LINARES;LINARES;R;LINARES;0.5;79910911;;viverossanandres@gmail.com;
MAULE;Ft;Fo;O;V;07-869;03.02.2000;LA FLOR;ROBERTO;HIRRIBARREN;;M;NOGAL;KIWI;AUTOCTONAS ;A/C;FDO. LA FLOR;19;272975;6042657;LINARES;YERBAS BUENAS;R;LINARES;0.5;98877614;;robertohiribarren@hotmail.com;
MAULE;Ft;;;;07-865;15.05.2009;CANAIMA III;MARIO;GAETE;ESPINOZA;M;MANZANO;;;A/C;MESAMAVIDA;19;268628;6016161;LINARES;LONGAVI;R;LINARES;4.0;93285119;;j.vergara.socgaetefischer@gmail.com;
MAULE;Ft;;;;07-856;13.10.2003;LAS TOSCAS;LEONARDO ;MUÑOZ;;M;ARÁNDANO;;;A/C;LAS TOSCAS;19;266446;6039128;LINARES;YERBAS BUENAS;R;LINARES;0.2;98845592;;leoberries@hotmail.com;
MAULE;Ft;;;;07-855;19.11.1999;PATKIWI;RODOLFO;QUEVEDO;;M;KIWI;;;A/C;PEÑUELAS;19;269622;6048748;LINARES;YERBAS BUENAS;R;LINARES;0.2;88496192;;rquev@vtr.net;
MAULE;Ft;;;;07-845;10-08-2003;LA TORRE;HERNAN ;OPAZO;VILLAGRAN;M;FRAMBUESO;;;C;CAMINO LA TORRE;19;269217;6031425;LINARES;LINARES;R;LINARES;0.1;;;no tiene;
MAULE;Ft;;;;07-839;07-10-2000;SAN FRANCISCO;VICTOR;MAUREIRA;OSSES;M;ARÁNDANO;;;C;SAN LUIS CAMINO A LA PUNTILLA;19;265522;6020883;LINARES;LONGAVI;R;LINARES;0.2;;;victor-maureira@hotmail.com;
MAULE;Ft;;;;07-836;15-04-2002;BUENA VIDA;MARIANO ;CASTILLO;CHANDIA;M;ARÁNDANO;;;C;EL PERAL QUIMAIMO;19;264267;5990320;LINARES;RETIRO;R;PARRAL;0,003;;NO TIENE;NO TIENE;NO TIENE
MAULE;Ft;;;;07-834;16-07-2003;LA FORTUNA;JAIME ;ARAYA;YAÑEZ;M;ARÁNDANO;;;A;V.S.LUIS MIRAFLORES;19;263870;6019933;LINARES;LONGAVI;R;LINARES;0.2;73-447874;;no tiene;
MAULE;Ft;;;;07-829;30-06-2003;SAN ALBERTO;MARIA ORIANA ;HAMAME;ORREGO;F;ARÁNDANO;;;C;HIJUELA 2 SAN ALBERTO, PARRAL;19;248400;5993899;LINARES;PARRAL;R;PARRAL;1;73-463700;NO TIENE;NO TIENE;NO TIENE
MAULE;;Fo;;;07-827;8-6-2005;COYANCO;VALENTIN MARCHANT Q.;MARCHANT;QUINTANILLA;M;PINO INSIGNE;EUCALYPTUS GLOBULUS;;C;PUTU S/N;18;747234;6098708;TALCA;CONSTITUCION;R;TALCA;0,5;;  ---;kinestron@gmail.com;  ---
MAULE;Ft;Fo;O;;07-826;08-06-2005;AGROBIOTRUF S.A.;AGROBIOTRUF S.A.;;;PJ;ENCINO;;;C;ESCUELA AGRICOLA DE DUAO, S/N°;19;264747;6062739;TALCA;MAULE;R;TALCA;0,5;71-233011;CASILLA 428, TALCA;agrobiotruf@trufaschile.cl;71-233011
MAULE;Ft;;O;;07-824;17-11-2004;AGROFRUTA BELLA UNION;AGROFRUTA LTDA;;;PJ;MANZANO;;;A;BELLA UNION;19;273641;6060029;TALCA;SAN CLEMENTE;R;TALCA;6;71-227495;CASILLA 32, SAN CLEMENTE;vicente@agrofruta.cl; --
MAULE;Ft;;O;;07-821;13-3-1999;OASIS;JUAN E. VALENZUELA RAMOS;VALENZUELA;RAMOS;M;ORNAMENTALES;CASTAÑO;;C;SAN JORGE HIJUELA 4 PENCAHUE;19;250828;6077169;TALCA;PENCAHUE;R;TALCA;0,5;;14 ORIENTE N° 595, TALCA; --;
MAULE;Ft;;;;07-819;05-04-2004;JARDIN ALEMAN 2;MARIA DAZA DAZA;DAZA;DAZA;F;ORNAMENTALES;FRUTAL;;C;CAM. SAN CLEMENTE (LADO IANSA), Km 3, Talca;19;263141;6074751;TALCA;TALCA;U;TALCA;0,5;71-242517;  ---;  ---;242517
MAULE;Ft;;;;07-818;21-06-2000;U. CATOLICA DEL MAULE;UNIVERSIDAD CATOLICA DEL MAULE;;;PJ;ORNAMENTALES;NATIVAS;;C;ALTO LAS CRUCES S/N;19;262159;6075512;TALCA;TALCA;R;TALCA;0,5;71-203500;Av. SAN MIGUEL n° 3605, CASILLA 617, TALCA; ---; ---
MAULE;;;O;;07-812;21-5-2006;FLORENCIO JARDIN;FLORENCIO ALBORNOZ;ALBORNOZ;TOLOZA;M;ORNAMENTALES;FRUTAL;;C;LAS MERCEDES, PARC. 16 A;19;291878;6095664;TALCA;RIO CLARO;R;TALCA;0,25;; ---;;
MAULE;;;O;;07-811;18-4-2005;ALEJANDRA HERRERA;ALEJANDRA HERRERA M;HERRERA;MACHUCA;F;CRISANTEMO;;;C;SAN CLEMENTE- CRUCE VILCHES;19;288990;6060771;TALCA;SAN CLEMENTE;R;TALCA;3;;CASILLA 1016, TALCA;walter.alejandra@gmail.com; --
MAULE;;;;V;07-809;10-05-2004;EL NATIVO;HUGO MORALES DIAZ;MORALES;DIAZ;M;COPIHUE;;;C;CAMINO SAN CLEMENTE, EL GOLF;19;264492;6073447;TALCA;TALCA;R;TALCA;0,12;71-260582;LOTEO EL GOLF, PARC. 4;hemoralesd@gmail.com; ---
MAULE;;;O;;07-807;05-06-2003;LOS AROMOS;HECTOR ORTIZ BERRIOS;ORTIZ;BERRIOS;M;ORNAMENTALES;;;C;CRUCE MAULE 12 KM TALCA A MAULE;19;257035;6065745;TALCA;MAULE;R;TALCA;2;; --; --;232559
MAULE;;;;V;07-779;20-10-2000;LOURDES;VIÑA CONCHA Y TORO S.A.  ;;;PJ;VID VINIFERA;EUCALYPTUS GLOBULUS;;A/C;FUNDO LOURDES/ FUNDO POCOA S/N CORINTO;19;250828;6077169;TALCA;PENCAHUE;R;TALCA;30;1971129;CASILLA 485-TALCA;iagnic@conchaytoro.cl; --
MAULE;;;O;;07-778;15-03-2004;CAMPO LINDO;VIÑA SAN RAFAEL ;;;PJ;ORNAMENTALES;;;A;SAN RAFAEL S/N;19;276711;6090625;TALCA;SAN RAFAEL;R;TALCA;0,25;651000;CASILLA 35 SAN RAFAEL;asilva@viawines.com;651000
MAULE;;Fo;;;07-770;26-8-2005;DON AUGUSTO;AUGUSTO BARRIOS SAN MARTIN;BARRIOS;SAN MARTIN;M;PINUS RADIATA;EUCALYPTUS GLOBULUS;;C;QUEBRADA DE REYES S/N;19;231031;6111706;TALCA;CUREPTO;R;TALCA;0,5;231031; ---; --; ---
MAULE;;Fo;;;07-769;20-7-1999; QUIVOLGO;FORESTAL CELCO SA;;;PJ;PINUS RADIATA;EUCALYPTUS GLOBULUS;;A/C;QUIVOLGO, CAMINO A PUTÚ;18;737936;6089778;TALCA;CONSTITUCION;R;TALCA;;81980631;SCHEPELER 515, CONSTITUCION;luisguerra@cbcltda.cl; ---
MAULE;;Fo;;;07-768;5-11-2003; PANTANILLO;UNIVERSIDAD DE CHILE;;;PJ;PINO INSIGNE;EUCALYPTUS GLOBULUS;ARBOLES NATIVOS;A;FUNDO JUSTO PASTOR LEÓN, PANTANILLO;18;745412;6074057;TALCA;CONSTITUCION;R;TALCA;1; ---; ---; ---; ---
MAULE;;Fo;;;07-767;05-11-2003;MARCOS SALGADO;MARCOS;SALGADO;ENCALADA;M;PINO ;EUCALYPTUS;;C;CAMINO DUAO 600 METROS;19;257827;6066054;TALCA;MAULE;R;TALCA;2,5;071-212803;VILLA SAN ANDRES, 3 PONIENTE 0151;marcossalgad@gmail.com; --
MAULE;;Fo;;;07-766;05-08-2002;SUCESION M. H. ANTUNEZ;SUC. M. H. ANTUNEZ;;;PJ;ORNAMENTALES;NATIVAS;;C;AV. LIRCAY FRENTE UTAL.;19;260758;6079860;TALCA;TALCA;U;TALCA;0,25;237793;PARC.. N° 11, EX FUNDO PROSPERIDAD; ---; ---
MAULE;;Fo;;;07-765;18-12-2002;UNIVERSITARIO;UNIVERSIDAD DE TALCA;;;PJ;ORNAMENTALES;NATIVAS;;C;U DE TALCA, ESTACIÓN EXP. PANGUILEMO;19;264113;6082756;TALCA;TALCA;R;TALCA;0,25;224446;CASILLA 786, TALCA;khschulze@utalca.cl;71-224446
MAULE;;Fo;;;07-764;15-06-2002;HUILQUILEMU;ISABEL GONZALEZ;;;F;ORNAMENTALES;NATIVAS;;C;HUILQUILEMU KM 8;19;266000;6071891;TALCA;TALCA;R;TALCA;1;260268;HUILQUILEMU S/N;vivero_huilquilemu@hotmail.com;  --
MAULE;;Fo;;;07-763;30-09-2004;EL RETAMO;RESAM SA;;;PJ;ARBOLES NATIVOS;;;A;HUILLIBORGOA;19;259706;6086665;TALCA;TALCA;R;TALCA;0,25;1972780; ---; ---; ---
MAULE;;Fo;;;07-762;22-09-2003;C.E.T. TALCA;C.E.T. TALCA;;;PJ;ORNAMENTALES;;;C;SECTOR EL SAUCE, CAMINO A SAN CLEMENTE;19;268386;6070996;TALCA;TALCA;R;TALCA;0,25;71-245817;CASILLA 993, TALCA; ---; ---
MAULE;;Fo;;;07-756;16-12-2002;VIVERO ALAMO;UNIVERSIDAD DE TALCA;;;PJ;ALAMO;;;A;UNIVERSIDAD DE TALCA, CAMPUS  LIRCAY;19;260861;6078461;TALCA;TALCA;U;TALCA;0,5;71-200442;2 NORTE 685;freddy_ascencio@hotmail.com;71-200428
MAULE;;Fo;;;07-754;05-08-2006;VIVERO PURISIMA LTDA.;SOC. VIVERO PURISIMA LTDA.;;;PJ;PINO INSIGNE;;;C;PURISIMA;19;269682;6074967;TALCA;TALCA;R;TALCA;2;95736651;1 SUR 508, OF. 105;  ---;511091
MAULE;;Fo;;;07-751;11-4-2002; VEO VEO ;FOR.Y AGR. VEO VEO LTDA;;;PJ;PINUS RADIATA;;;A;FUNDO EL DOLLIMO, MAROMILLAS;18;743321;6096173;TALCA;CONSTITUCION;R;TALCA;2;71-675599;  ----;  ----;71-675599
MAULE;Ft;;;;07-743;2-9-2004;WAPRI RIO CLARO;AGROPECUARIA WAPRI SA;;;PJ;MANZANO;;;C;PARCELA 16,  LOTE 2 SANTA ROSA;19;295572;6098743;TALCA;RIO CLARO;R;TALCA;4;71-291007;CASILLA 417, CURICÓ;fundorioclaro@123.cl; ---
MAULE;Ft;;;;07-739;12-8-2004;LA CUMBRE;ALBERTO POCH Y CIA;;;PJ;CIRUELO;MANZANO;;C;FUNDO LA CUMBRE,  BRAMADERO;19;290785;6058593;TALCA;SAN CLEMENTE;R;TALCA;30;71-1970803;MERCED 255  OF  31 y 32, CURICO;lacumbre@entelchile.net; --
MAULE;Ft;;;;07-736;13-10-2003;GLOBAL SEEDLINGS EIRL;GLOBAL SEEDLINGS EIRL;;;PJ;ARÁNDANO;;;C;LONGITUDINAL SUR, KM 240;19;266624;6085859;TALCA;SAN RAFAEL;R;TALCA;1,4;;4 1/2 NORTE 4025, TALCA;absalas@uc.cl; --
Maule;;Fo;;;07-733;16-03-2007;LOS NUEVE ROBLES;PAOLA MONDACA SALAZAR;MONDACA;SALAZAR;F;ESPECIES NATIVAS;;;C;RADAL LOS MAQUIS;;311403;6079474;CURICÓ;MOLINA;R;CURICÓ;;;NO TIENE;NO TIENE;NO TIENE
MAULE;Ft;;;;07-726;19-02-2007;SAN JOSE;JOSE;GAJARDO;HERRERA;M;VIVERO SIN EXISTENCIA;;;;ORILLA MARTINEZ;19;294435;6128039;CURICÓ;CURICO;R;CURICÓ;0;;VIVERISTA FALLECIDO;NO TIENE;
MAULE;Ft;;;;07-722;05.02.2007;SAN PABLO;FIDEL;ARAVENA;ROJAS;M;MEMBRILLO;CEREZO;;C;PARCELA 10, HUAÑUÑE;19;301497;6119407;CURICÓ;CURICO;R;CURICÓ;0.5;;VILLA PADRE HURTADO PASJ.9 N°1191 CCO;NO TIENE;
MAULE;Ft;;;;07-716;25.08.2006;CAMUS;NANCY ;MEJIAS ;ROJAS;M;VIVERO SIN EXISTENCIA;;;;LAS CATRERAS S/N;19;302265;6129955;CURICÓ;ROMERAL;R;CURICÓ;;;CALLEJON LAS CATRERAS S/N ;NO TIENE;
MAULE;Ft;;;;07-713;5-1-2007;VIVERO AUSTRAL;VIVERO AUSTRAL LTDA;;;PJ;NOGAL;CASTAÑO;;C;BRAMADERO ;19;289552;6059988;TALCA;SAN CLEMENTE;R;TALCA;8;;LO GUERRA N° 141, ISLA DE MAIPO;phr1@terra.cl;
MAULE;;Fo;O;;07-712;15-12-2006;UNIVERSIDAD DE TALCA;UNIVERSIDAD DE TALCA;;;PJ;ORNAMENTALES EXÓTICAS;NATIVAS;;C;AVDA. LIRCAY  S/N;19;260815;6078747;TALCA;TALCA;U;TALCA;0,5;200421;2 NORTE 685;pbarrera@utalca.cl;200442
MAULE;Ft;;;;07-711;13-12-2006; TIEMPO NUEVO;SOC. VIVERISTA TIEMPO NUEVO;;;PJ;MANZANO;CEREZO;;C;PARCELA 13 SAN LUIS DE ALICO;19;278080;6063650;TALCA;SAN CLEMENTE;R;TALCA;4;;;viverotiemponuevo@hotmail.com;
MAULE;;;O;;07-710;13-12-2006;ECOFLOR;ALEJANDRA ;VILLALOBOS;GUZMAN;F;ORNAMENTALES;;;C;SAN MARTIN S/N;19;251725;6006854;LINARES;RETIRO;U;PARRAL;0,0012;73-421071;NO TIENE;NO TIENE;NO TIENE
MAULE;;;;V;07-709;7-12-2006;AITUE;AGRICOLA AITUE LTDA.;;;PJ;VID VINIFERA;;;C;PORVENIR S/N;19;291203;6104185;TALCA;PENCAHUE;R;TALCA;2;78634997;  ---;agricolaaituefs@yahoo.com; ---
MAULE;Ft;;;;07-707;20.11.2006;STA JULIA ;CRISTIAN;BRAVO;GALAZ;M;VIVERO SIN EXISTENCIA;;;;SECTOR LAS NIEVES;19;303325;6128999;CURICÓ;ROMERAL;R;CURICÓ;;;AV RAMON FREIRE;NO TIENE;
MAULE;Ft;Fo;O;;07-706;27-12-2005;LOS NARANJOS;SOCIEDAD AGRICOLA LOS NARANJOS LTDA.;;;PJ;BULBOS LILIUM;ARÁNDANO;EUCALYPTUS;C;RETIRO;19;248937;6000034;LINARES;RETIRO;R;PARRAL;0,25;73-463965;NO TIENE;NO TIENE;NO TIENE
MAULE;Ft;Fo;;;07-703;23-08-2005;VALDIVIESO;JUAN ;MUÑOZ;PARADA;M;FRAMBUESO;ARÁNDANO;EUCALYPTUS;C;AJIAL VALDIVIESO;19;250517;5995451;LINARES;RETIRO;R;PARRAL;0,003;73-1972880;NO TIENE;NO TIENE;NO TIENE
MAULE;Ft;Fo;O;;07-701;27-04-2004;LOS LITRES;ALEJO ;CASTILLO;INOSTROZA;M;FORESTAL;ORNAMENTAL;;C;SAN ALEJO S/N;19;271706;5986664;LINARES;PARRAL;R;PARRAL;0,25;73-1973303;NO TIENE;NO TIENE;NO TIENE
MAULE;Ft;Fo;O;;07-700;05-04-2004;EMBALSE DIGUA;ADM.EMBALSE DIGUA;;;PJ;FORESTAL;ORNAMENTAL;;C;DIGUA;19;271044;5984364;LINARES;PARRAL;R;PARRAL;0,025;73-462769;NO TIENE;NO TIENE;NO TIENE
MAULE;;Fo;O;V;07-699;29-10-1997;LOS ALAMOS;CIA. AGRICOLA Y FORESTAL EL ALAMO LTDA. ;;;PJ;FORESTAL;ORNAMENTAL;;C;PANAMERICANA SUR KM 333 CASILLA 36 PARRAL;19;250637;6002415;LINARES;RETIRO;R;PARRAL;29;73-462179;NO TIENE;NO TIENE;NO TIENE
MAULE;;Fo;O;;07-698;24-05-2002;LOS CASTAÑOS  (VILLA BAVIERA);INMOVILIARIA E INVERSIONES CERRO FLORIDO LTDA;;;PJ;FORESTAL;ORNAMENTAL;;C;VILLA BAVIERA PARRAL CASILLA 250, PARRAL;19;267731;5970049;LINARES;PARRAL;R;PARRAL;0,5;42-224753;NO TIENE;NO TIENE;NO TIENE
MAULE;Ft;;;;07-697;16.11.2006;SANTA CAMILA;JOSE LUIS;GUERRA;POBLETE;M;CEREZO;PERAL;MANZANO;C;CALLEJON DON FERNANDO POR VIÑA PARIS;19;299626;6134375;CURICÓ;CURICO;R;CURICÓ;0.3;;CALLEJON SAN FERNANDO VIÑA PARIS;NO TIENE;
MAULE;;;O;;07-694;30-09-2003;DON LOLO;RODOLFO ;SOTO;RIVERA;M;ORNAMENTALES;;;C;SECTOR LOS CARROS;19;254852;5989070;LINARES;PARRAL;R;PARRAL;0,5;02-2786244;NO TIENE;NO TIENE;NO TIENE
MAULE;Ft;;;V;07-690;14-04-1998;VISTA HERMOSA;RAUL PABLO ;DASTRE;ABARCA;M;ARÁNDANO;;;C;PARCELA 55 LAS CAMELIAS 22 KM ;19;267446;5992886;LINARES;RETIRO;R;PARRAL;2;73-461648;NO TIENE;NO TIENE;NO TIENE
MAULE;;Fo;O;;07-687;26-01-2003;VIVERO PARRAL;EDUARDO ;GODOY;CASARETTO;M;FORESTAL;ORNAMENTAL;;C;FUNDO LAS GARZAS;19;232979;6001757;LINARES;PARRAL;R;PARRAL;0,11;73-461109;NO TIENE;NO TIENE;NO TIENE
MAULE;;Fo;;;07-686;16-11-1998;LA ISLA;SOC. AGRICOLA Y FORESTAL LA ISLA LTDA.;;;PJ;PINO;;;C;DIGUA 32 KM DE PARRAL;19;272749;5986818;LINARES;PARRAL;R;PARRAL;0,5;02-2309401;NO TIENE;NO TIENE;NO TIENE
MAULE;;Fo;;;07-683;13-03-2002;VIVERO AJIAL;MARIA EUGENIA;MILLAR;GONZALEZ;F;EUCALYPTUS;PINO;;C;CAMINO LA MONTAÑA PARRAL;19;250007;5995644;LINARES;PARRAL;R;PARRAL;0,09;73-463845;NO TIENE;NO TIENE;NO TIENE
MAULE;Ft;;;;07-682;13-12-2006;HORTISUR;JOSE ;VALENZUELA;VALLEJOS;M;ARÁNDANO;LIMONERO;;C;RETIRO SITIO 3;19;250311;6006143;LINARES;RETIRO;R;PARRAL;0,25;;NO TIENE;NO TIENE;NO TIENE
MAULE;Ft;;;;07-674;22-08-2005;CAMPO K;MARIA EUGENIA;GALLARDO;CHAVEZ;F;ARÁNDANO;;;C;LOS OLIVOS AJIAL;19;251534;5995710;LINARES;RETIRO;R;PARRAL;0,27;73-1972792;NO TIENE;NO TIENE;NO TIENE
MAULE;Ft;;;;07-669;03-06-2005;SAN FRANCISCO;PEDRO ;TILLERIA;FUENTES;M;ARÁNDANO;;;C;CAMELIA NORTE;19;266832;5990406;LINARES;RETIRO;R;PARRAL;0,0072;;NO TIENE;NO TIENE;NO TIENE
MAULE;Ft;;;;07-667;16-05-2005;HIGUERA ORIENTE;FRUTICOLA HIGUERA ORIENTE LTDA.;;;PJ;ARÁNDANO;;;C;LONGUITUDINAL SUR KM. 339, PARRAL;19;247719;5997076;LINARES;PARRAL;R;PARRAL;1;73-464495;NO TIENE;NO TIENE;NO TIENE
MAULE;Ft;;;;07-662;05-06-1998;MILLAHUE;SOC. AGRICOLA MILLAHUE LTDA.;;;PJ;KIWI,MANZANO;CEREZO;ARÁNDANO;C;LOS MAITENES 5 KM DE RETIRO,FUNDO MILLAHUE;19;254988;6008880;LINARES;RETIRO;R;PARRAL;5;73-1972897;NO TIENE;NO TIENE;NO TIENE
MAULE;Ft;;;;07-661;27-01-2006;VILLA ROSA;SOC AGRIC. Y GAN. LA POLCURA;;;PJ;MANZANO;VID;;C;PARRAL S/N, FUNDO PALOMAR;19;254828;5989092;LINARES;PARRAL;R;PARRAL;1,5;462726;NO TIENE;NO TIENE;NO TIENE
MAULE;Ft;;;;07-660;30-09-2001;SANTA ILDA;LUIS ;HIRIBARREN;EYHEMENDY;M;MANZANO;PERAL;CEREZO;C;MAITENES 16 KM DE PARRAL ;19;252903;6009154;LINARES;RETIRO;R;PARRAL;0,35;72-713922;NO TIENE;NO TIENE;NO TIENE
MAULE;Ft;;;;07-658;30-08-2004;VIVERO BIOSUR;SOC. AGRICOLA BIOSUR LTDA.;;;PJ;FRAMBUESO;ARÁNDANO;MORA;C;CAMINO 1 SAN NICOLAS KM 4;19;245949;6004981;LINARES;RETIRO;R;PARRAL;0,3;;NO TIENE;NO TIENE;NO TIENE
MAULE;Ft;;;;07-657;08-05-2000;CAMPO FLORIDO;AGUSTIN ;MILLAR;BRAVO;M;ARÁNDANO;AVELLANO  EUROPEO;;C;SANTA ISABEL DE LOS ROBLES RETIRO;19;252039;6001292;LINARES;RETIRO;R;PARRAL;0,7;73-463457;NO TIENE;NO TIENE;NO TIENE
MAULE;Ft;;;;07-654;05-04-2004;FLORES DE ROMERAL;ORLANDO ;FLORES ;RETAMAL;M;ARÁNDANO;;;C;ROMERAL;19;257409;5992482;LINARES;RETIRO;R;PARRAL;0,002;73-1972715;NO TIENE;NO TIENE;NO TIENE
MAULE;Ft;;;;07-651;15-10-2003;LOS PINOS;JUAN CARLOS ;SALDAÑA;;M;ARÁNDANO;;;C;LOS CUARTELES, PARRAL;19;265039;5989641;LINARES;RETIRO;R;PARRAL;0,001;73-4661109;NO TIENE;NO TIENE;NO TIENE
MAULE;Ft;;;;07-650;15-10-2003;LAS CAMELIAS;JUAN HUMBERTO ;CASTILLO;CHANDIA;M;ARÁNDANO;;;C;CAMELIA NORTE;19;267386;5991634;LINARES;RETIRO;R;PARRAL;0,004;;NO TIENE;NO TIENE;NO TIENE
MAULE;Ft;;;;07-645;25-08-2003;SANTA CAROLINA;JOSE ;CARO;INOSTROZA;M;ARÁNDANO;FRAMBUESO;;C;AJIAL;19;253855;5994768;LINARES;RETIRO;R;PARRAL;0,004;;NO TIENE;NO TIENE;NO TIENE
MAULE;Ft;Fo;O;;07-634;09-05-2005;CURAMAPU;LUIS ;RODRIGUEZ;GARCIA;M;ARÁNDANO;QUILLAY;;C;LAS CAMELIAS S/N;19;265013;5989408;LINARES;RETIRO;R;PARRAL;0,09;;NO TIENE;NO TIENE;NO TIENE
MAULE;Ft;;;;07-633;21-06-2003;LOS ANGELES;OSCAR ;ZUÑIGA ;CHANDIA;M;ARÁNDANO;;;C;LA ORILLA S/N;19;267506;5990419;LINARES;PARRAL;R;PARRAL;0,02;;NO TIENE;NO TIENE;NO TIENE
MAULE;Ft;;;;07-631;30-03-2001;SANTA TERESA;FRANCISCO ;GARCIA;MENDEZ;M;MANZANO;KIWI;CEREZO;C;PAN. SUR KM 328 RETIRO;19;250657;6007192;LINARES;RETIRO;R;PARRAL;1,5;;NO TIENE;NO TIENE;NO TIENE
MAULE;Ft;Fo;O;V;07-624;26.10.2006;LOS NOTROS;AGROMEN LTDA;;;PJ;PINUS RADIATA;EUCALYPTUS;AUTOCTONAS ;C;CRUCE HAURACULEN;19;256291;6049748;LINARES;VILLA ALEGRE;R;LINARES;1.0;79671433;;viverolosnotros@agromen.cl;
MAULE;Ft;Fo;O;;07-623;07-09-2006;Jose Avila Salgado;Jose ;Avila ;Salgado;M;Pino;Moron;EUCALYPTUS;C;Padre Hurtado # 131;18;742808;6014817;CAUQUENES;CAUQUENES;U;CAUQUENES;0,14;;Padre Hurtado # 131;;
MAULE;;Fo;;;07-620;04-09-2006;Quinta Rodriguez;Manuel;Garro;Perreira;M;Pino;;;C;Quinta Rodriguez;18;742385;6018818;CAUQUENES;CAUQUENES;R;CAUQUENES;0,1;073-512154;Quinta Rodriguez;;
MAULE;Ft;;;;07-617;29-09-2006;COPIHUE ROJO;PETRONILA ;FERRADA;ABARZUA;F;ARÁNDANO;;;C;HIJ. COPIHUE ROJO ROMERAL;19;261445;5991191;LINARES;RETIRO;R;PARRAL;0,003;;NO TIENE;NO TIENE;NO TIENE
MAULE;Ft;;;V;07-816;19-12-1997;AGROMILLORA SUR S.A.;AGROMILLORA SUR S.A. ;;;PJ;CEREZO;OLIVO;BERRIES, CIRUELO;C;SAN GERARDO A 13 KM DE MOLINA ;19;294839;6102818;TALCA;RIO CLARO;R;TALCA;28;;CASILLA 131, TALCA;raranguiz@agromillora.cl;
MAULE;Ft;;;;07-614;14-09-2006;PLANT FRUT;AVELINA ;SEGURA;TORRES;F;BERRIES;ARÁNDANO;;C;PARCELA 39 AJIAL;19;254582;5994366;LINARES;RETIRO;R;PARRAL;0,125;;NO TIENE;NO TIENE;NO TIENE
MAULE;Ft;;;;07-608;18.08.2006;SAN ALBERTO;CARLOS;ESPINOZA;VILLEGAS;M;PHYSALIS;ARÁNDANO;FRAMBUESO;C;PARCELA 8 LOTE 1, COLONIA TENIENTE CRUZ;19;307583;6137902;CURICÓ;TENO;R;CURICÓ;0.002;;AVENIDA COMALLE N| 167, TENO;NO TIENE;
MAULE;Ft;;;;07-603;07-08-2006;EL LLANO I;MANUEL;NEIRA;DURAN ;M;ARÁNDANO;;;C;LA TERCERA, PARCELA 3;19;262638;6005143;LINARES;LONGAVI;R;LINARES;0.2;54559089;;viverosllano@gmail.com;
MAULE;;;;V;07-595;26.01.2006;EL PERAL;JAIME;PROBOSTE;ZIEGLER;M;VIVERO SIN EXISTENCIA;;;;LOS NICHES KM 1;19;278732;6120474;CURICÓ;SAGRADA FAMILIA;R;CURICÓ;0.5;82386446;CASILLA 74 CURICO.VILLOTA N°91;NO TIENE;
MAULE;;;;V;07-591;25.08.2009;SAN JUAN;JUAN CARLOS;GARRIDO;QUINTEROS;M;VIVERO SIN EXISTENCIA;;;;TRINIDAD S/N;19;279177;6124308;CURICÓ;SAGRADA FAMILIA;R;CURICÓ;0.5;93056314;CORREO SAGRADA FAMILIA;NO TIENE;
MAULE;;;;V;07-590;05.02.1999;TODOS LOS SANTOS;JESSICA;CAMPOS;REYES;F;VIVERO SIN EXISTENCIA;;;;CORRAL DE PIEDRA S/N;19;286003;6124772;CURICÓ;SAGRADA FAMILIA;R;CURICÓ;2.0;99365954;LO VALDIVIA CORRAL DE PIEDRA S/N;NO TIENE;
MAULE;Ft;;;;07-585;03.03.2006;EL ESPINO;GABRIEL;LOZANO;ENCALADA;M;CEREZO;;;A;PARCELA N° 4 EL TREBOLAR QUINTA;19;310887;6144835;CURICÓ;TENO;R;CURICÓ;0.5;;PARCELA 12, QUINTA;NO TIENE;
MAULE;Ft;;;;07-582;17-05-2006;MARIA LUISA;SOC. AGR. PARQUE MARIA LUISA LTDA.;;;PJ;MANZANO;ARÁNDANO;KIWI;C;MAITENES;19;253103;6010822;LINARES;RETIRO;R;PARRAL;0,5;;NO TIENE;NO TIENE;NO TIENE
MAULE;Ft;Fo;O;;07-581;17-05-2006;LA PROVIDENCIA;JOSE ;SOTO;VILLALOBOS;M;ARÁNDANO;GRANADO;;C;KM. 333;19;246957;6005567;LINARES;RETIRO;R;PARRAL;4;;NO TIENE;NO TIENE;NO TIENE
MAULE;Ft;Fo;O;;07-580;17-05-2006;AGROGOLDEN;JOSE ;SOTO;VILLALOBOS;M;ORNAMENTALES;ARÁNDANO;;C;KM. 335;19;248167;6000764;LINARES;RETIRO;R;PARRAL;0,5;;NO TIENE;NO TIENE;NO TIENE
MAULE;Ft;Fo;O;;07-579;17-05-2006;AGROGOLDEN;JOSE ;SOTO;VILLALOBOS;M;ARÁNDANO;;;C;SECTOR LA ORILLA;19;267568;5990235;PARRAL;RETIRO;R;PARRAL;9;;NO TIENE;NO TIENE;NO TIENE
MAULE;;Fo;O;;07-577;14-06-2006;CHILEFLORA.COM;IRINA LAVRUCHIN;LAVRUCHIN;;F;NATIVAS ORNAMENTALES;;;C;HIJUELA 1 Y 2 LIBUENO;19;293301;6076399;TALCA;PELARCO;R;TALCA;0,5;71-1971218; ---;irina@chileflora.com; ---
MAULE;;;;V;07-568;06.01.2004;SONIA;PATRICIO;NUÑEZ;MUÑOZ;M;VIVERO SIN EXISTENCIA;;;;LA ESPERANZA;19;283636;6124176;CURICÓ;SAGRADA FAMILIA;R;CURICÓ;7.0;91285425;VILLA DON RODRIGO,CALLE EL QUILLAY N°698 EL BOLDO;patonuplantasvid@gmail.com;
MAULE;;;;V;07-562;11.11.2005;LA HILACHA;RUBEN;VERGARA;SILVA;M;VIVERO SIN EXISTENCIA;;;;FUNDO PUNTA DE ROSAS S/N;19;270962;6117835;CURICÓ;SAGRADA FAMILIA;R;CURICÓ;0.2;98729119;AV. ESTADIO 2244;NO TIENE;
MAULE;;;;V;07-533;14.07.1997;SAN PATRICIO;PATRICIO;ACUÑA;MUÑOZ;M;VID;;;C;PARCELA N° EL MAITEN;19;297678;6118564;CURICÓ;CURICO;R;CURICÓ;1.0;;EL MAITEN PARCELA 17;NO TIENE;
MAULE;Ft;;;V;07-526;29.07.2008;TERRAMATER;TERRAMATER SA;;;PJ;VID;OLIVO;;C;FDO PETEROA S/N;19;277549;6122564;CURICÓ;SAGRADA FAMILIA;R;CURICÓ;0.8;75187623;CASILLA 926 CURICO;spezoa@terramater.cl;
MAULE;Ft;;;;07-524;31.01.2003;SAN JUAN;IGNACIO;ARANCIBIA;INOSTROZA;M;VIVERO SIN EXISTENCIA; ;;;FUNDO LOS QUILLAYES-AL FONDO LAS CASAS PATRONALES;19;274310;6116130;CURICÓ;SAGRADA FAMILIA;R;CURICÓ;0;83600091;POBLACION SAN ANTONIO N°4;NO TIENE;
MAULE;;Fo;O;;07-517;05.01.2005;TRIPAN;ALEXIS;WAINER;ARDITI;M;FORESTAL;NATIVAS;;C;KM 2 CRUCE STA ROSA;19;290003;6120813;CURICÓ;SAGRADA FAMILIA;R;CURICÓ;1.0;82770163;KM 2 CRUCE STA ROSA;ccandia@tripan.cl;
MAULE;;;O;;07-516;22.08.1999;EL CERRILLO;HECTOR;BARRIOS;CHAPARRO;M;ORNAMENTALES;NATIVAS;;C;PARCELA 30 SANTA ROSA;19;289855;6117989;CURICÓ;SAGRADA FAMILIA;R;CURICÓ;0.3;91545168;PARCELA 30 SANTA ROSA;NO TIENE;
MAULE;Ft;;;;07-504;27.08.1995;TRINIDAD;JOSE SOLER SA;;;PJ;CEREZO;CIRUELO;;C;SAN JUAN DE PETEROA;19;274599;6119013;CURICÓ;SAGRADA FAMILIA;R;CURICÓ;0.3;98707644;SAN JUAN DE PETEROA;NO TIENE;
MAULE;Ft;;;;07-493;02.02.2002;SAN JOSE;ESSAU;CASTILLO;ROJAS;M;PALTO;;;C;ORILLA DE NAVARRO;18;262773;6118334;CURICÓ;VICHUQUEN;R;CURICÓ;0.5;83610181;ORILLA DE NAVARRO;NO TIENE;
MAULE;Ft;;;;07-490;29.08.2002;EL TIBURON;FRNANDO;BRAVO;KAWLES;M;VIVERO SIN EXISTENCIA; ;;;LIPIMAVIDA;18;761367;6140439;CURICÓ;VICHUQUEN;R;CURICÓ;0;84425695;LIPIMAVIDA S/N;NO TIENE;
MAULE;Ft;;O;;07-485;06.03.2002;JARDIN INFIERNILLO;MARIBEL;GAMBOA;GAMBOA;F;PAPAYO;HORTENSIA;CALA;C;INFIERNILLO S/N VICHUQUEN;18;761285;6141777;CURICÓ;VICHUQUEN;R;CURICÓ;0.1;84527839;INFIERNILLO S/N VICHUQUEN;NO TIENE;
MAULE;;;O;;07-471;01.08.2002;CAMPO LINDO;HILARIO;FLORES;GUERRA;M;ORNAMENTALES;;;C;LOS COIPOS S/N HUALAÑE;18;256705;6132878;CURICÓ;HUALAÑE;R;CURICÓ;1.0;075-2784550;LOS COIPOS S/N HUALAÑE;NO TIENE;2784550
MAULE;;;O;;07-470;20.02.2001;DINA ;DINA ;CACERES ;MUÑOZ;F;ORNAMENTALES;;;A;LLICO S/N VICHUQUEN;18;768289;6148511;CURICÓ;VICHUQUEN;R;CURICÓ;0.01;76562390;LLICO S/N VICHUQUEN;NO TIENE;
MAULE;;;O;;07-466;29.07.2003;STA. ADRIANA;ADRIANA;BRAVO;CORREA;F;ORNAMENTALES;;;C;DUAO S/N;18;757764;6134419;CURICÓ;LICANTÉN;R;CURICÓ;0.001;075-1975221;DUAO S/N;NO TIENE;
MAULE;;;O;;07-465;19.02.2001;CULEN MAPU;EVELYN;DRUMMONDY;YOUNG;F;ORNAMENTALES;;;C;LLICO S/N VICHUQUEN;18;767538;6146508;CURICÓ;VICHUQUEN;R;CURICÓ;0.01;99470533;LLICO S/N VICHUQUEN;NO TIENE;
MAULE;;;O;;07-448;27.02.2004;JARDIN EL EDEN ;XIMENA;JOFRE;ROJAS;F;ORNAMENTALES;;;C;LIPIMAVIDA;18;761256;6140591;CURICÓ;VICHUQUEN;R;CURICÓ;0.5;77542262;LIPIMAVIDA;NO TIENE;
MAULE;;;O;;07-446;12.09.2001;LOS CANELOS;MARCO;RIVERA;RIVERA;M;ORNAMENTALES;;;C;AV.ALESSANDRI  PARAD 8 N°614;19;297664;6127386;CURICÓ;CURICO;U;CURICÓ;0.02;;AV.ALESSANDRI PARAD.8 N°614;marco.rivera@easi.cl;
MAULE;;;;V;07-431;05.10.2005;LAS MERCEDES;OSVALDO;HERRERA;RETAMAL;M;VIVERO SIN EXISTENCIA;;;;PARCELA 22;19;288639;6109881;CURICÓ;MOLINA;R;CURICÓ;0.5;94183902;POBLACION LA FLORIDA-CASA 6 PASJ SANTA ANA;NO TIENE;
MAULE;;;O;;07-430;21.10.2005;LA ARAUCARIA;JUAN;GONZALEZ;RAMIREZ;M;VIVERO SIN EXISTENCIA;;;;EL PROGRESO SITIO 16;19;291646;6110380;CURICÓ;MOLINA;R;CURICÓ;1.0;68791425;EL PROGRESO SITIO 16;NO TIENE;
MAULE;;;;V;07-427;20.09.2005;SANTA ROSA;SAMUEL ;ILLANES;QUINTEROS;M;VIVERO SIN EXISTENCIA;;;;PARCELA 27 LOTE A;19;293454;6107924;CURICÓ;MOLINA;R;CURICÓ;1.0;82585627;CASILLA 77 MOLINA;NO TIENE;
MAULE;;;;V;07-419;06.10.2008;SANTA MARTA;RENE;CETTY;D'ANDURAIN;M;VIVERO SIN EXISTENCIA;;;;AGRICOLA SANTA MARTA QUECHEREGUAS;19;242755;6112416;CURICÓ;MOLINA;R;CURICÓ;0.1;77515511;QUECHEREGUAS 1314;NO TIENE;
MAULE;;;;V;07-417;28.06.2005;SAN JOSE;JOSE;CONTRERAS;MOLINA;M;VIVERO SIN EXISTENCIA;;;;CAMINO A BUENA FE;19;291503;6108210;CURICÓ;MOLINA;R;CURICÓ;2.0;98936411;CAMINO A BUENA FE;NO TIENE;
MAULE;;;;V;07-407;22.06.1987;SANTA CRISTINA;JUAN;GALLEGUILLOS;MARTINEZ;M;VIVERO SIN EXISTENCIA;;;;FUNDO SANTA CRISTINA LONGITUDINALSUR KM 208;19;286996;6111013;CURICÓ;MOLINA;R;CURICÓ;2.0;98794474;FUNDO SANTA CRISTINA LONGITUDINAL SUR KM 208;jjgalleguillos@gmail.com;
Maule;;;o;;07-397;02-02-2005;JARDIN ORIENTE;MARIA ;PALMA;LOPEZ;F;ORNAMENTALES;;;c;MOLINA;;292479;6111699;CURICÓ;MOLINA;R;CURICÓ;;075/492349;NO TIENE;NO TIENE;NO TIENE
MAULE;Ft;;;;07-390;08.10.1986;JARDIN LOS GOMEROS;HUGO;PARDO;OYARCE;M;VIVERO SIN EXISTENCIA;;;;BUENA PAZ;19;302158;6107031;CURICÓ;MOLINA;R;CURICÓ;0.3;87508338;BUENA PAZ;NO TIENE;
MAULE;Ft;;;;07-386;19.11.1999;MASTERPLANT;CRISTIAN;EWERST;VICUÑA;M;VIVERO SIN EXISTENCIA; ;;;LONGITUD SUR KM 213;19;286053;6110386;CURICÓ;MOLINA;R;CURICÓ;0;94995816;LONGITUD KM 213;masterplantsur@gmail.com;
MAULE;;;;V;07-382;07.05.1998;SAN JOSE;ROSARIO;VALENZUELA;TOLEDO;F;VIVERO SIN EXISTENCIA;;;C;EL PORVENIR PARC 16-18;19;300513;6125682;CURICÓ;MOLINA;R;CURICÓ;0.4;88372456;STA MARIA NORTE S/N QUECHEREGUAS;NO TIENE;
MAULE;Ft;;;;07-381;22.01.1998;VIVERO RIO CLARO;NICODEMUS;CAMPOS;JORQUERA;M;VIVERO SIN EXISTENCIA;;;;PARCELA 26 BUENA FE ORIENTE;19;296428;6105653;CURICÓ;MOLINA;R;CURICÓ;2.5;98748080;PARCELA SANTA LUCIA S/N;nicodemuscampos@gmail.com;
MAULE;Ft;;;;07-380;14.11.1997;LOS MAITENES;JOSE;OLIVARES;TORRES;M;VIVERO SIN EXISTENCIA;;;;ITAHUE;19;283589;6107484;CURICÓ;MOLINA;R;CURICÓ;0.03;96997848;CORREO MOLINA;joseolivarest@hotmail.com;
MAULE;Ft;;;;07-375;28.08.1992;SANTA CAROLINA;HUGO;CAMPOS;JORQUERA;M;VIVERO SIN EXISTENCIA;;;;PARCELA 26 BUENA FE;19;296428;6105653;CURICÓ;MOLINA;R;CURICÓ;2.5;95999296;PARCELA 37 BUENA FE;nicodemuscampos@gmail.com;
MAULE;;;;V;07-374;02.07.2007;ESCUELA AGRICOLA;NELSON;MORALES;MORALES;M;VIVERO SIN EXISTENCIA;;;;QUECHEREGUAS S/N;19;292648;6113730;CURICÓ;MOLINA;R;CURICÓ;0.1;84192563;CASILLA E-62 MOLINA;;
MAULE;Ft;;;;07-373;31.10.2000;LOS MAITENES;JOSE;OJEDA;ROACH;M;VIVERO SIN EXISTENCIA;;;;FAVORITA SECTOR A FUNDO MANZANALES;19;295553;6114929;CURICÓ;MOLINA;R;CURICÓ;0.5;98855885;CASA BLANCA SECTOR A FUNDO MANZANAL;joseojedar@gmail.com;
MAULE;Ft;;;;07-371;03.12.1996;VIVERO NOEMI;DOMINGO;VIELMA;HERRERA;M;VIVERO SIN EXISTENCIA;;;;HUERTOS DE QUECHEREGUAS CAMINO A PICHINGAL S/N ;19;293683;6114318;CURICÓ;MOLINA;R;CURICÓ;0.08;69054233;CORREO MOLINA;NO TIENE;
MAULE;Ft;;;;07-368;07.10.1987;LA ERMITA;FELIX;MOLINOS;OSSANDON;M;VIVERO SIN EXISTENCIA;;;;BUENA PAZ;19;297970;6112608;CURICÓ;MOLINA;R;CURICÓ;0;62474341;VILLA LOS JARDINES GOMERO 15;;
MAULE;Ft;;;;07-365;07.12.2003;SAN CARLOS;CARLOS;GONZALEZ;ALEGRIA;M;KIWI;MANZANO;CEREZO;C;KM 12 LOS NICHES;19;304161;6117056;CURICÓ;MOLINA;R;CURICÓ;0.5;85311816;LUZ PEREIRA S/N LONTUE;NO TIENE;
MAULE;Ft;;;;07-364;11.05.2004;CORCOLEN;FERNANDO;CALVO;GONZALEZ;M;MANZANO;;;C;FUNDO CORCOLEN S/N;19;299423;6108222;CURICÓ;MOLINA;R;CURICÓ;0.5;97638969;CASILLA 173;calvoycia@ctrnet.cl;
MAULE;Ft;;;;07-363;07.09.1994;SANTA LUCIA;CRISTIAN;PINOCHET;TONELLI;M;MANZANO;CEREZO;KIWI;C;PARCELA 3 BUENA PAZ;19;293296;6107438;CURICÓ;MOLINA;R;CURICÓ;0.5;98735875;PARCELA 3 BUENA PAZ;viverossantalucia@gmail.com;
MAULE;;;;V;07-360;19.07.2001;FRUTICOLA QUECHEREGUAS S.A;NIBALDO;SEPULVEDA;MOJER;M;VID;;;C;LONGITUDINAL SUR KM 218 ITAHUE;19;279543;6102208;CURICÓ;MOLINA;R;CURICÓ;0.5;95468374;LONGITUDINAL SUR KM 218 ITAHUE;amedina@grupoerrazuriz.cl;
MAULE;Ft;;;;07-338;14.06.2005;AGRICOLA EL FOSO;LUIS;CASTRO ;GALLARDO;M;CEREZO;;;A/C;HACIENDA TENO, FUNDO EL FOSO;19;295931;6137101;CURICÓ;TENO;R;CURICÓ;0.2;;CASILLA 809, CURICO;NO TIENE;
MAULE;Ft;;;;07-329;09.09.1993;VIVERO SUR;ALEJANDRO;NAVARRO;DIAZ;PJ;MANZANO;ARÁNDANO;GRANADO;C;LONGITUDINAL SUR KM 174;19;304292;6139089;CURICÓ;TENO;R;CURICÓ;2.0;075-412103;CASILLA 781 CURICO;viverosur@viverosur.com;
MAULE;;;;V;07-329;19.01.2009;VIVERO SUR;ALEJANDRO;NAVARRO;DIAZ;M;MANZANO;CIRUELO;KIWI;C;PARCELA 34 BUENA UNION;19;294744;6107787;CURICÓ;MOLINA;R;CURICÓ;1.6;65967350;PARCELA 34 BUENA UNION;viverossur@viverossur.com;
MAULE;Ft;;;;07-327;11.08.2004;LA LAGUNA;LUIS ;AVALOS;TOBAR;M;FRAMBUESO;;;C;KM 14, LA LAGUNA;19;316991;6131677;CURICÓ;TENO;R;CURICÓ;0.2;;KM 14 LA LAGUNA;NO TIENE;
MAULE;Ft;;;;07-324;29.07.2004;SAN JOSE;JOSE ALFREDO;SILVA ;ACEVEDO;M;FRAMBUESO;;;C;LOTE C, LA LAGUNA, TENO;19;319868;6129351;CURICÓ;TENO;R;CURICÓ;0.01;;SANTA SUSANA PARC.15 SITIO 17;NO TIENE;
Maule;Ft;;;;07-316;15-07-2004;R  y  S  VIVEROS;RICARDO;SOMMER;;M;MANZANO;KIWI;;C;LA MONTAÑA;;320801;6129043;CURICÓ;TENO;R;CURICÓ;;;NO TIENE;NO TIENE;NO TIENE
MAULE;Ft;;;;07-309;04.09.2002;LOS ALISOS;JOSE;FUENZALIDA;VERDUGO;M;CEREZO;;;C;PARCELA 28, LOS ALISOS;19;293746;6134257;CURICÓ;TENO;R;CURICÓ;0.1;;CASILLA 719 CURICO;jfuenzalidav@gmail.com;
MAULE;Ft;;;;07-308;30.06.2003;AGRIC. MONETVERDE;ANTONIO;LORCA;PARRAGUEZ;M;MEMBRILLO;MANZANO;;C;PARCELA 31, EL MOLINO;19;309657;6136193;CURICÓ;TENO;R;CURICÓ;0.3;;ARTURO PEREZ CANTO 720 CURICO;agricolamonteverde@gmail.com;
MAULE;Ft;;;;07-304;10.05.2004;EL PORVENIR;JUAN JOSE;ALARCON;SUAZO;M;CEREZO;;;C;PARCELA DOÑA CHEPA, COMALLE;19;292017;6141033;CURICÓ;TENO;R;CURICÓ;0.5;;RESERVA ACIENDA COMALLE;NO TIENE;
MAULE;Ft;Fo;;V;07-266;12.08.1998;LOS NICHES;JUAN CARLOS ;GALILEA;;M;ARAUCARIA;;;C;KM 12 LOS NICHES;19;303744;6116632;CURICÓ;CURICO;R;CURICÓ;0.5;;;NO TIENE;
MAULE;Ft;Fo;;;07-261;28.09.1994;MANSO DE VELAZCO;JUAN;BARRIGA;TUÑON;M;MANZANO;CEREZO;;C;FUNDO FLORIDA EL ALTO;19;302530;6117921;CURICÓ;CURICO;R;CURICÓ;0.3;075-371009;CASILLA 139, CURICO;colneotrop@yahoo.com;
MAULE;Ft;Fo;;;07-260;21.11.1991;VIVEROS JAZMIN;HERNAN;FARIAS;NEGRETE;M;CEREZO;MANZANO;;C;VIÑA PARIS, SECTOR LAS VEGAS, SARMIENTO;19;299391;6133249;CURICÓ;CURICO;R;CURICÓ;0.1;;AV. ARTURO PRAT N° 1621;NO TIENE;
MAULE;Ft;;O;;07-256;20.11.1986;SAN CARLOS;CARLOS;BAEZA;SAN MARTIN;M;ORNAMENTALES;FRUTAL;;C;ISLA MARCHANT KM 3.8  RUTA J - 60;19;293332;6131226;CURICÓ;CURICO;R;CURICÓ;1.5;;ISLA DE MARCHANT, KM 3.8, RUTA j-60;NO TIENE;
MAULE;;;;V;07-253;01.12.2005;VIVEROS LOS NOGALES;XIMENA;TORTI;SOLAR;F;VID;;;A/C;VIÑA LOS NOGALES  -  TUTUQUEN;19;292631;6128293;CURICÓ;CURICO;R;CURICÓ;0.001;075-320351;VIÑA LOS NOGALES TUTUQUEN BAJO S/N;ximenatorti@viña los nogales.cl;75.320.351
MAULE;;;;V;07-251;05.10.2005;SANTA ROSA;LUIS;MORALES;VALENZUELA;M;VID;;;C;HUAÑUÑE - LOS NICHES;19;292321;6108445;CURICÓ;CURICO;R;CURICÓ;1.0;;HUAÑUÑE S/N LOS NICHES;luismoralesv2@hotmail.com;
Maule;;;;V;07-248;21-07-2005;VALENTINA;FRANCESCA;GOMEZ;R.;F;VID;;;C;VIÑA PARIS;;298148;6105070;CURICÓ;CURICO;R;CURICÓ;;;VILLA EL PORTAL AVDA MANANTIAL 2009;marcelogomezgon@gmail.com;NO TIENE
MAULE;Ft;;;;07-232;10.03.2006;SAN PEDRO;PEDRO;ROJAS;REYES;M;MANZANO;CEREZO;;C;LOS CRISTALES PARC .38;19;302149;6128043;CURICÓ;CURICO;R;CURICÓ;0.5;;LOS CRISTALES PARC. 38;NO TIENE;
MAULE;Ft;;;;07-223;18.02.2005;SAN PABLO;PABLO;CASTRO;JOFRE;M;MANZANO;CEREZO;;C;PARC.18 RINCON DE SARMIENTO;19;299928;6136000;CURICÓ;CURICO;R;CURICÓ;1.0;;RICON DE SARMIENTO S/N;NO TIENE;
MAULE;Ft;;;;07-222;11.01.2005;LLEKEMN;VICTOR ;CAMAÑO;URRUTIA;M;CEREZO;ARÁNDANO;;C;CALLEJON LOS DIAZ,LOTE 3;19;298657;6131930;CURICÓ;CURICO;R;CURICÓ;0.5;;CALLEJON LOS DIAZ SARMIENTO;viverollekemn@gamil.com;
MAULE;Ft;;;;07-221;28.10.2004;SAN MARTIN;JAIME ;LEON;SILVA;M;CEREZO;MANZANO;PERAL;C;SARMIENTO.COSTADO RETEN CARABINEROS;19;298920;6131911;CURICÓ;CURICO;R;CURICÓ;0.5;;VILLA CRISTO REY 36 SARMIENTO;NO TIENE;
MAULE;Ft;;;;07-216;30.09.2004;SAN JUAN;JUAN;CORREA;CORREA;M;VIVERO SIN EXISTENCIA;;;;PARCELA 3 EL ZINC;19;302719;6110789;CURICÓ;CURICO;R;CURICÓ;0;;PARC.3 EL ZINC;NO TIENE;
MAULE;Ft;;;;07-214;19.10.2004;CRUCE PARIS;LUIS;VARGAS;SORIANO;M;MANZANO;CEREZO;PERAL;C;CRUCE FERREA, A 50 MTS CALLEJON AL FONDO;19;299222;6132368;CURICÓ;CURICO;R;CURICÓ;0.5;;;NO TIENE;
MAULE;Ft;;;;07-210;31.10.2000;LAS MERCEDES;PAULINA;HERRERA;ALVAREZ;F;CEREZO;MANZANO;;C;SANTA JULIA LOTE # 5 CAMINO A EL BOLDO;19;296624;6130033;CURICÓ;CURICO;R;CURICÓ;0.5;;POBL. SANTA MARTA S/N;NO TIENE;
MAULE;Ft;;;;07-208;19.05.1998;VIVERO TECNO;PATRICIO;MARTINEZ;ARAYA;M;MANZANO;VID;CEREZO;C;PARC SANTA JIMENA KM 12.;19;303886;6116598;CURICÓ;CURICO;R;CURICÓ;2.0;;CORREO CURICO;NO TIENE;
MAULE;Ft;;;;07-207;24.01.2003;2 VIOLETAS;RAMIRO;GONZALEZ;HERRERA;M;KIWI;MANZANO;CEREZO;C;FLORIDA EL ALTO LOS NICHES;19;302678;6118250;CURICÓ;CURICO;R;CURICÓ;2.0;97990603;FLORIDA ALTO LOS NICHES;NO TIENE;
MAULE;Ft;;;;07-205;15,09,2004;LOS REYES;JOHANA ;CASTRO;VILLASECA;F;VID;PERAL;MANZANO;C;PARCELA 13, QUILVO ALTO;19;304399;6133984;CURICÓ;ROMERAL;R;CURICÓ;0.5;;A.PRAT 57 NUEVA ESTRELLA SARMIENTO;NO TIENE;
MAULE;Ft;;;;07-205;15-09-2004;LOS REYES;YOHANA ANDREA;CASTRO;VILLASECA;F;VID;;;C;FUNDO LO URZUA;;301311;6129838;CURICÓ;CURICO;R;CURICÓ;;;ARTURO PRAT 57 - NVA ESTRELLA SARMIENTO;NO TIENE;NO TIENE
MAULE;Ft;;;;07-198;04-08-1999;SAN FRANCISCO;MANUEL ;MUÑOZ;G.;M;Guindos;PERAL;;C;CABALIN;;301073;6129931;CURICÓ;CURICO;R;CURICÓ;;;NO TIENE;NO TIENE;NO TIENE
MAULE;Ft;;;;07-193;02.10.2000;SANTA ANA;HECTOR;HERRERA ;LOYOLA;M;CEREZO;MANZANO;PERAL;C;SAN JOSE DE QUILVO;19;304399;6133984;CURICÓ;CURICO;R;CURICÓ;0.5;;POB.VILLA EL SOL PASJ 1 N°71;NO TIENE;
MAULE;Ft;;;;07-193;03.08.1999;STA ANA;HECTOR ;HERRERA;LOYOLA;M;VIVERO SIN EXISTENCIA;;;;SAN JOSE DE QUILVO;19;301420;6130100;CURICÓ;ROMERAL;R;CURICÓ;0.5;;;NO TIENE;
MAULE;Ft;;;;07-192;18.10.1993;AGRICHILE;ANDRES;REYES;REYES;M;AVELLANO EUROPEO; ;;C;FLORIDA EL BAJO - HIJUELA N°1;19;304006;6118928;CURICÓ;CURICO;R;CURICÓ;3.7;65878242;CASILLA 211 - CURICO;mabarcon@agrichile.cl;
MAULE;Ft;;;;07-191;09.07.2004;RAUQUEN;ANDREA DEL PILAR;VERGARA;HERRERA;F;CEREZO;ORNAMENTAL;;C;RAUQUEN CAMPO 6, VILLA LAS ROSAS;19;300030;6129990;CURICÓ;CURICO;R;CURICÓ;0,1;;RAUQUEN CAMPOS CALLEJON LAS ROSAS;anne_0618@hotmail.com;
MAULE;Ft;;;;07-190;15.01.2007;SANTA CAROLINA;MARIA CAROLINA;DOSAL;LOPEZ;F;MANZANO;CEREZO;;C;PARCELA STA ISABEL, LOS NICHES;19;303873;6113197;CURICÓ;CURICO;R;CURICÓ;3;075-310034;FUNDO MERCEDES CAROLINA S/N TUTUQUEN;agricola@dosal.cl;
MAULE;Ft;;;;07-187;29.08.2003;DON OTTO;SALVADOR;BUSTOS;VALDEAVELLANO;M;VID;MANZANO;;;TUTUQUEN, CONVENTO VIEJO, LA TURBINA ;19;290488;6127633;CURICÓ;CURICO;R;CURICÓ;2.0;;PASAJE RODRIGUEZ  18 CURICO;salvadorbustos@gmail.com;
MAULE;Ft;;;;07-185;05.01.2006;EL CARMEN;ALEJANDRO;BARRERA;MANRIQUEZ;M;CEREZO;MANZANO;;C;FUNDO LOS URZUA;19;301413;6130073;CURICÓ;ROMERAL;R;CURICÓ;0.5;;POBLACION NUEVA ESTRELLA # 36;NO TIENE;
MAULE;Ft;;;;07-184;02.01.2004;R Y S LTDA;RICARDO;SOMMER;LOHRMAN;M;MEMBRILLO;MANZANO;CEREZO;C;LAS VERTIENTES, ISLA DE MARCHANT;19;292632;6131717;CURICÓ;CURICO;R;CURICÓ;1;;CASILLA 867 CURICO;rysviveros@gmail.com;
MAULE;Ft;;;;07-183;13.01.2004;SARMIENTO CENTRO;JUAN;FARIAS ;NEIRA;M;CEREZO;PERAL;;C;AVENIDA LOS LIRIOS S/N;19;299312;6134155;CURICÓ;CURICO;R;CURICÓ;0.25;;SARMIENTO CENTRO, CALLE CURICO N°975;NO TIENE;
MAULE;Ft;;;;07-177;16.07.2003;PIEDRAS PINTADAS;CHRISTIAN ;GULDMAN;BUSTOS;M;CEREZO;FRAMBUESO;ORNAMENTAL;C;PC N° 15, LOTE B, SN ALFONSO VISTA HERMOSA;19;300487;6135335;CURICÓ;CURICO;R;CURICÓ;0.5;;PARC.15 LOTE B Y C SAN ALFONSO. V HERMOSA;christianguldman@gmail.com;
MAULE;Ft;;;;07-174;26.02.2003;SANTA ELENA;ANTONIO;BELTRAN;ROJAS;M;MANZANO;CEREZO;;C;FUNDO SANTA ELENA, EL ZINC A;19;303756;6110967;CURICÓ;CURICO;R;CURICÓ;0.5;;POBLACIÓN LOS PIRINEOS, JESUS PONS #669;abeltranr@vtr.net;
MAULE;;;;V;07-1647;08-05-2013;VIVERO ALTO CAONE;JOSE MIGUEL ;FELIU;SANHUEZA;M;VID;;;C;FUNDO D´FELIU;19;267564;6129204;CURICÓ;HUALAÑE;R;CURICÓ;1;95193329;LAS ARAUCARIAS 9050, QUILICURA, SANTIAGO;jmfeliu161@gmail.com;
MAULE;;;;V;07-1646;08-05-2013;LA PRIMAVERA;VIÑA VALDIVIESO;;;PJ;VID;;;C;LA PRIMAVERA;19;278903;6119238;CURICÓ;SAGRADA FAMILIA;R;CURICÓ;1;075-520586;PARCELA 39, LOS QUILLAYES;zcanales@valdiviesovneyard.com;
MAULE;;;;V;07-1645;08-05-2013;DON NINO;SATURNINO;CERESUELA;MUÑOZ;M;VID;;;C;PARCELA 39 SITIO 21;19;275458;6113840;CURICÓ;SAGRADA FAMILIA;R;CURICÓ;´0,6;95792574;PARCELA 39, LOS QUILLAYES;;
MAULE;;;;V;07-1643;22-03-2013;VILLALOBOS HERMANOS;SOC.AGROINDUSTRIAL CERRILLOS LTDA.;;;PJ;VID;;;A/C;PREDIO EL EDEN, MELOZAL CENTRO S/N;19;247643;6042100;LINARES;SAN JAVIER;R;LINARES;0,2;98740993;CORREO SAN JAVIER MELOZAL;;
MAULE;Ft;;;;07-1642;22-03-2013;EL PERAL;ROBERTO;PREISIG;VON ENO;M;ESPARRAGOS; ;;C;PARCELA N°2, LA TERCERA, A 1000 M CHALET QUEMADO;19;265692;6011304;LINARES;LONGAVI;R;LINARES;1,9;78299534;CASILLA 51 LONGAVÍ;preisigvoneno@gmail.com;
MAULE;Ft;;;;07-1641;21-02-2013;VIVERO SAN NICOLAS;EXPORTADORA AGROMAR S.A.;;;PJ;NOGAL;;;A/C;CALLEJON EL MANZANO LA 3;19;261537;6007138;LINARES;LONGAVI;R;LINARES;2;;AVDA. SANTA TERESA 737;gustavo@agromar.net;
MAULE;;Fo;;;07-1640;22-01-2013;CRISTAL DEL MONTE;SOC. AGR. Y FOREST. SANTOS Y ORTEGA;;;PJ;MAÑIO;ROBLE;;C;SAN MARTIN PARCELA 22 SITIO 10;19;262801;6031099;LINARES;LINARES;R;LINARES;;073-218430;OHIGGINS 852 LINARES;croblesrojas25@hotmail.com;
MAULE;Ft;;;;07-1639;22-01-2013;VIVERO 3 MAITENES;AGRICOLA 3 MAITENES;;;PJ;NOGAL;ARÁNDANO;;C;CAMINO VILLASECA KM 17;19;247807;6023979;LINARES;RETIRO;R;PARRAL;;;NO TIENE;NO TIENE;
MAULE;Ft;;;;07-1638;22-01-2013;VIVERO 3 MAITENES;AGRICOLA 3 MAITENES;;;PJ;NOGAL;;;C;HIJUELA N° 1, FUNDO EL LINGUE;19;261839;5997562;LINARES;RETIRO;R;PARRAL;;;7 ORIENTE N° 103 MACHALI;NO TIENE;
MAULE;;;;V;07-1637;18-01-2013;SAN FELIPE;LUIS;RIVERA;VELIZ;M;VID;;;C;SANTA ROSA HIJUELA 2 LOTE A/2;19;290626;6132489;CURICÓ;RAUCO;R;CURICÓ;0,4;;CASILLA 326, CURICO;;
MAULE;Ft;;;;07-1636;10-01-2013;SAN CARLOS;CARLOS ;TELLO;RAMIREZ;M;CEREZO;;;C;LA VEGA LOS LIRIOS SARMIENTO;19;299389;6133263;CURICÓ;CURICO;R;CURICÓ;0,1;;POB.DON MATIAS BDO OHIGGINS 23, CURICO;;
MAULE;Ft;;;;07-1635;10-01-2013;VIVERO CORCOLEN LTDA.;SOC. AGRICOLA VIVERO CORCOLEN LTDA.;;;PJ;CEREZO;;;C;SECTOR EL CISNE;19;286047;6124782;CURICÓ;CURICO;R;CURICÓ;1,5;;;viverocorcolen@gmail.com;
MAULE;;;;V;07-1634;08-01-2013;CASAS VIEJAS;GERARDO;ESPRANCEDA;ESPRANCEDA;M;VID;;;A/C;CAMINO VIEJO LO VALDIVIA CASA 24;19;286694;6125019;CURICÓ;SAGRADA FAMILIA;R;CURICÓ;0,02;;CAMINO VIEJO LO VALDIVIA CASA 24;;
MAULE;Ft;;;;07-1632;08-01-2013;SAN ALFONSO;DANTE;TORRES;LEYTON;M;NOGAL;;;C;RESERVA LAS CASAS LA LA VALDESINA;19;300742;6100147;CURICÓ;MOLINA;R;CURICÓ;0,3;;AGUAS FRIAS 1260;;
MAULE;;;;v;07-1631;08-01-2013;LA HIGUERA;ABRAHAM;MEZA  ;DIAZ;M;VID;;;C;CAMINOA A LA COSTA;19;289406;6121769;CURICÓ;SAGRADA FAMILIA;R;CURICÓ;0,4;;LA ISLA LONTUE LOTE 7-3 LA CRUZ;;
MAULE;;;;V;07-1629;09-11-2012;Viña Cabernet Sauvignon;Gustavo ;Grandon;Arellano;M;VID;;;A/C;Fundo Camarico S/N;18;754285;6025356;CAUQUENES;Cauquenes;U;Cauquenes;0,06;073-1975405;Quiriquina, comuna de San Ignacio VIII Region;;
MAULE;;;;V;07-1628;03-12-2012;VIVERO PATRICIA;EDUARDO ;BECERRA;PIMIENTA;M;VID;;;C;CAMINO A TUTUQUEN S/N;19;292921;6127513;CURICÓ;CURICO;R;CURICÓ;0,02;075-320183;CAMINOA TUTUQUEN CASA 6;;
MAULE;Ft;;;;07-1626;03-12-2012;VITENBAPLUS;SOC. PROD. Y COM. DE PLANTAS Y PROD. Agrícolas;;;PJ;CEREZO;ARÁNDANO;;C;NUEVA 2, SAN FRANCISCO CASA 27;19;302139;6138969;CURICÓ;TENO;R;CURICÓ;0,07;;NUEVA 2, SAN FRANCISCO CASA 27;fcoacevedo2@hotmail.com;
MAULE;Ft;;;;07-1625;03-12-2012;KO KURA;AGRICOLA KO KURA S.A.;;;PJ;MANZANO;;;C;LAS MERCEDES, PICHINGAL;19;298859;6110216;CURICÓ;MOLINA;R;CURICÓ;0,2;;CASILLA 2 MOLINA;jfuentes@agricolakokura.cl;
MAULE;;;;V;07-1624;17-08-2012;LA ESTRELLA;CRISTIAN ANTONIO;VALENZUELA;MARTINEZ;M;VID;C46 CABERNET SAUVIGNON;;A/C;LA ESTRELLA PARCELA 9, LOTE B;19;284357;6123379;CURICÓ;SAGRADA FAMILIA;R;CURICÓ;´0,5;82841863;CASILLA 5;cristian_fulll@hotmail.com;
MAULE;;Fo;O;;07-1623;03-12-2012;ANDEAN TRUFFLES;RICARDO;RAMIREZ;CARRASCO;M;QUERCUS;;;A/C;LOTE 17, TEJAS VERDES;;263091;6077006;TALCA;TALCA;R;TALCA;0,25;;LOTE 17 TEJAS VERDES;rramirez@sembrador.cl;
MAULE;Ft;;;;07-1622;26-11-2012;santa adela;Julio ROQUEFORT;;;PJ;MANZANO;;;A;LOTE 3 HIJUELA NORTE FDO. SANTA ADELA;19;293899;6112706;CURICÓ;MOLINA;R;CURICÓ;0,5;075-471488;;;
MAULE;;;;V;07-1621;26-11-2012;LA ESPERANZA;AGRICOLA SANTA CATALINA;;;PJ;VID;;;A/C;CALLEJON SANTA CATALINA;19;308751;6129852;CURICÓ;ROMERAL;R;CURICÓ;0,5;;CALLEJON SANTA CATALINA;;
MAULE;;;O;;07-1620;13-11-2012;VIVERO ARCO IRIS;IRIS;MUÑOZ;PIZARRO;F;ORNAMENTALES;;;C;AVDA. CABALIN N° 4, SARMIENTO;19;299409;6131610;CURICÓ;CURICO;R;CURICÓ;0,01;;AVDA. CABALIN N° 4, SARMIENTO;;
MAULE;Ft;;;;07-1619;13-11-2012;RAQUELITA;OSCAR;MUÑOZ;TEJOS;M;ARÁNDANO;;;C;PARCELA N° 4 HUASO CHILENO;19;253278;6006548;RETIRO;PARRAL;R;PARRAL;0,0024;;BARTOLOME BLANCHE 3655;;
MAULE;Ft;;;;07-1618;13-11-2012;SANTA FABIOLA;FABIAN;QUEZADA;ALVAREZ;M;ARÁNDANO;;;C;PARCELA 37 PORVENIR SOTO;19;255297;5985071;LINARES;PARRAL;R;PARRAL;0,0042;;;;
MAULE;Ft;;;;07-1617;13-11-2012;EL MANZANO;VICTOR ;LEIVA;MOLINA;M;ARÁNDANO;;;C;EL MANZANO, LA ORILLA, PARRAL;19;268084;5988472;LINARES;PARRAL;R;PARRAL;0,012;;;;
MAULE;Ft;;;;07-1616;13-11-2012;ESPERANZA;RAMON;INOSTROZA;LOYOLA;M;ARÁNDANO;;;C;CUARTELES SUR S/N;19;265088;5989702;LINARES;RETIRO;R;PARRAL;0,0015;;NO TIENE;NO TIENE;NO TIENE
MAULE;;;;V;07-1615;13-11-2012;LA PALMA;AGRICOLA LA PALMA S.A.;;;PJ;VID;;;A;PIEDRA BLANCA;19;301384;6137365;CURICÓ;TENO;R;CURICÓ;0,06;;CASILLA 296, CURICO;agricolalapalma@gmail.com;
MAULE;;;;V;07-1614;12-11-2012;VIVERO CAONE;SOC.AGRICOLA SAN JOAQUIN LTDA.;;;PJ;VID;;;A/C;LOTE 1 BUENA ESPERANZA;19;262351;6129621;CURICÓ;HUALAÑE;R;CURICÓ;0,1;;SAN MARTIN 456 CURICO;socsanjoaquin@live.com;
MAULE;;;;V;07-1613;12-11-2012;VIVERO SAN JORGE;TERRAMATER S.A.;;;PJ;VID;;;A/C;LOS NICHES KM 16;19;306765;6114513;CURICÓ;CURICO;R;CURICÓ;0,1;075-371012;CASILLA 926 CURICO;sanjorge@terramater.cl;
MAULE;Ft;;;;07-161;14.02.2002;EL MAITEN;VICTOR;OLIVOS;OVALLE;M;PERAL;;;C;FUNDO SAN GREGORIO, LA OBRA;19;298425;6120485;CURICÓ;CURICO;R;CURICÓ;1;075-323269;MONTT 357, OFICINA 701;victor.olivosc@olivosexportaciones.cl;
MAULE;;;O;;07-1609;12-11-2012;JARDIN RAITRAI;DALILA;LAGOS;CHAVEZ;F;ORNAMENTALES;;;C;RUTA 5 SUR KM 229,4;;273754;6095113;TALCA;SAN RAFAEL;R;TALCA;0,0312;;RUTA 5 SUR KM 229,4;dalila_lagos@hotmail.com;
MAULE;;;;V;07-1608;11-10-2012;VIVERO SANTA TERESA;AGRICOLA SANTA ROSA DE LONTUE;;;PJ;VID;;;A;FUNDO SANTA TERESA ITAHUE;19;283834;6108240;CURICÓ;MOLINA;R;CURICÓ;1;;CASILLA 591 CURICO;;
MAULE;Ft;;;;07-1607;11-10-2012;VIVERO DOÑA ISIDORA;AGRICOLA DOÑA ISISDORA LTDA.;;;PJ;CEREZO;;;A;LOS LIRIOS PARC. 28, SARMIENTO;19;300063;6133626;CURICÓ;CURICO;R;CURICÓ;0,5;;LOS LIRIOS PARC. 28 SARMIENTO;;
MAULE;;;O;;07-1606;11-10-2012;STEVIA REAL;SEBASTIAN RODRIGO;CISTERNA;BRAVO;M;PLANTINES STEVIA REBAUDIANA;;;C;RESTO HIJUELA  N° 1;19;275555;6045480;LINARES;COLBUN;R;LINARES;0,012;;POB. YERBAS BUENAS PEHUEN 1260;;
MAULE;Ft;;;;07-1605;11-10-2012;EL CASTAÑO;JUANA;SEPULVEDA;PARRA;F;ARÁNDANO;;;C;KM. 15 ROMERAL;19;259031;5992229;LINARES;RETIRO;R;PARRAL;0,0021;;ROMERAL KM. 15;NO TIENE;NO TIENE
MAULE;Ft;;;;07-1604;11-10-2012;SAN EUGENIO;EUGENIO;VELIZ;QUEZADA;M;CEREZO;;;A/C;SECTOR LA ISLA;19;290152;6121170;CURICÓ;SAGRADA FAMILIA;R;CURICÓ;0,25;;VILLA DELICIAS CASA 47- CAMPANA;;
MAULE;;;;V;07-1603;11-10-2012;VIVERO HIJUELA;VICTOR;GONZALEZ;;M;VID;;;A;LOTEO 1;19;304631;6132144;CURICÓ;ROMERAL;R;CURICÓ;0,12;;CUARTA HIJUELA DEL CERRO S/N;;
MAULE;;;;V;07-1602;11-10-2012;VIVERO AGUSTINA;CRISTIAN MANUEL;PALMA;HERRERA;M;VID;;;A;LA CAMPANA;19;279095;6119956;CURICÓ;SAGRADA FAMILIA;R;CURICÓ;0,25;;CORREO SAGRADA FAMILIA;;
MAULE;;;;V;07-1601;11-10-2012;VIVERO EL MOLINO;COMUNIDAD PEREZ AREVALO;;;PJ;VID;;;A;CERRILLO BASCUÑAN PARC. 13;19;290197;6110357;CURICÓ;MOLINA;R;CURICÓ;0,15;;CERRILLO BASCUÑAN PARC. 13;;
MAULE;;;;V;07-1599;11-10-2012;VIVRO MGOMEZ;MARIA ANGÉLICA;ILLANES;VASQUEZ;F;VID;;;C;FUNDO SANTA ANA- PICHIMGAL;19;300515;6109241;CURICÓ;MOLINA;R;CURICÓ;0,75;;AVDA. CEMENTERIO 1718;;
MAULE;Ft;;;;07-1597;11-10-2012;SANTA SOFIA;DIEGO;PEREZ;GUZMAN;M;MANZANO;;;C; BUENA FE;19;293807;6106680;CURICÓ;MOLINA;R;CURICÓ;0,2;;CAMINO BUENA FE S/N - MOLINA;;
MAULE;;;;V;07-1596;11-10-2012;SANTA MARTA;LAURA;ZAMORA;GAETE;F;VID;;;A;PARC. 46, LOS ROBLES ;;290837;6102150;TALCA;RIO CLARO;R;TALCA;0,5;;PARC. 54 LOS ROBLES - RIO CLARO;lzamora77@hotmail.com;
MAULE;;;;V;07-1595;11-10-2012;SANTA INES;ROMINA ;LAZO;SALAS;F;VID;;;C;PAR. 45, CASA 22, PASO ANCHO;;288497;6106955;TALCA;RIO CLARO;R;TALCA;0,25;;POB. TRIGAL, PASAJE 14, 1546- MOLINA;;
MAULE;;;;V;07-1594;11-10-2012;VIVERO FUNDO LA CONSTANCIA HIJ. 1 B;EMPRESA LOURDES S.A.;;;PJ;VID;;;A;FUNDO LA CONSTANCIA, BOTALCURA;;246458;6095719;TALCA;PENCAHUE;R;TALCA;2;02/8192104;SANTELICES N° 2830 -   SANTIAGO;receplourdes@lourdes.cl;
MAULE;Ft;;;;07-1592;27-09-2012;SAN CAMILO;RAMON ANTONIO DE JESUS;CAMILO;AHUMADA;M;GUINDOS;;;A/C;PARCELA N° 8 LOS CRISTALES;19;285808;6109865;CURICÓ;CURICO;R;CURICÓ;0,4;;CASILLA 650, CURICO;;
MAULE;Ft;;;;07-1590;27-09-2012;VIVEROS ALLIPEN;AGRICOLA LA HACIENDA LTDA;;;PJ;MEMBRILLO;;;C;FUNDO PARAGUAY S/N;19;200637;6112441;CURICÓ;MOLINA;R;CURICÓ;0,5;075-1975369;;rfernandezsegura@gmail.com;
MAULE;Ft;;;;07-159;05.08.1996;STA CECILIA;JAIME;SAGREDO;MORA;M;MANZANO;;;C;LOS NICHES;19;304065;6116942;CURICÓ;CURICO;R;CURICÓ;0.2;;PARCELA N° 40 LOS CRISTALES;NOTIENE;
MAULE;;;;V;07-1589;27-09-2012;QUEULES;NESTOR IGNACIO;CELIS ;FREDES;M;VID;;;A;PARCELA N°5 PARCELACION LA UNION;19;321516;6125515;CURICÓ;ROMERAL;R;CURICÓ;0,2;;PARCELA 43 PROYECTO SAN MANUEL, ROMERAL;;
MAULE;Ft;;;V;07-1588;27-09-2012;VIVERO EL ESCUDO ;AGRICOLA FORESTAL EL ESCUDO LTDA.;;;PJ;PERAL;MEMBRILLERO;VID;A/C;FUNDO EL ESCUDO S/N;19;318108;6138692;CURICÓ;TENO;R;CURICÓ;1,5;075-1975311;CASILLA 1813;rdiaz@afee.cl;
MAULE;;;;v;07-1587;27-09-2012;VIVERO PANQUECO;SOC. AGRICOLA PANQUECO LTDA.;;;PJ;VID;;;A;FUNDO EL PEUMAL;19;311292;6125264;CURICÓ;ROMERAL;R;CURICÓ;0,5;;MARCELINO CHAMPAGNAT N°847 CURICO;emilio.egm59@gmail.com;
MAULE;;;;V;07-1585;27-09-2012;VIVERO SANTA EMILIA;BELARMINO DEL CARMEN ;BENAVIDES ;GONZALEZ;M;VID;;;A/C;PARCELA 20 PP. LAUTARO S/N;19;273576;6118399;CURICÓ;SAGRADA FAMILIA;R;CURICÓ;0,25;;SANTA EMLIA S/N SAGRADA FAMILIA;;
MAULE;Ft;;;;07-1584;27-09-2012;VIVERIOS VIVEFRUT;VALERIA;RATTHGED;HERRERA;F;CEREZO;MANZANO;;C;LAS PIEDRAS S/N LOS NICHES;19;305937;6112812;CURICÓ;CURICO;R;CURICÓ;0,5;;;;
MAULE;Ft;;;;07-1583;26-09-2012;VIVEROS AGRO RIVERA DEL TRANCURA LTDA.;FELIPE ;OJEDA;CHATEAU;M;NOGAL;;;C;PARCELA 3 GUAICO BAJO;19;308751;6130641;CURICÓ;ROMERAL;R;CURICÓ;0,5;;;;
MAULE;Ft;;;;07-1582;29.09.2012;EL PARRON;OSVALDO;SEPULVEDA;PARRA;M;ARÁNDANO;;;C;POB. PADRE FERNANDO 301 CAMELIAS;19;265568;5989001;LINARES;RETIRO;R;PARRAL;0,0008;;POB. PADRE FERNADO CAMELIAS 301, RETIRO;NO TIENE;NO TIENE
MAULE;Ft;;;;07-1581;29.09.2012;EL MAITEN;JOSE;FLORES;RETAMAL;M;ARÁNDANO;;;C;SANTA RITA, ROMERAL S/N;19;256463;5994447;LINARES;RETIRO;R;PARRAL;0,0032;073-1972941;SANTA RITA ROMERAL, S/N RETIRO;;
MAULE;Ft;;;;07-1580;26.09.2012;QUILLAIMO;RAMON GILBERTO;URRUTIA;MORA;M;ARÁNDANO;;;C;KM. 20 QUILLAIMO;19;264731;5990270;LINARES;RETIRO;R;PARRAL;0,0006;;;;
MAULE;Ft;;;;07-158;16.11.1988;LAS VIOLETAS;MIGUEL;URZUA;MUÑOZ;M;VIVERO SIN EXISTENCIA;;;;SARMIENTO;19;297436;6134070;CURICÓ;CURICO;R;CURICÓ;;;POBL. SANTA MARTA CASA 88;NO TIENE;
MAULE;Ft;;;;07-1579;26.09.2012;SAN  SEBASTIAN;FLAMINIO ENRIQUE;FUENTES;PARADA;M;ARÁNDANO;;;C;SECTOR AJIAL 390;19;254123;5994561;LINARES;RETIRO;R;PARRAL;0,0018;;;;
MAULE;Ft;;;;07-1578;26-sep-12;VIVERO CAMPO 1;SOC. AGRICOLA Y GANADERA CAMPO 1;;;PJ;CEREZO;;;A/C;HIJUELA 2 LOTE 1, CAMARICO;;280365;6100190;TALCA;RIO CLARO;R;TALCA;0,5;;BRASIL 8795, LA FLORIDA SANTINAGO;campo1limitada@gmail.com;
MAULE;Ft;;O;;07-1577;29.08.2012;NUEVA JERUZALEM;JOSE FELIPE;CONTRERAS;VILLAGRA;M;ARÁNDANO;;;C;CARMEN ORIENTE N°4140;19;255426;5993968;LINARES;RETIRO;R;PARRAL;0,032;;CARMEN ORIENTE N°4140;NO TIENE;NO TIENE
MAULE;Ft;;;;07-1576;29.08.2012;LA ARAUCARIA;MARIO ENRIQUE;CARRASCO;CERDA;M;ARÁNDANO;;;C;MACHICURA 306, LAS CAMELIAS;19;265552;5988915;LINARES;RETIRO;U;PARRAL;0,036;;POBLACION PADRE FERNANDO 306, CAMELIA;NO TIENE;NO TIENE
MAULE;Ft;;;;07-1575;29.08.2012;EL CANELO;JUAN ;MENDEZ;FUENTES;M;ARÁNDANO;;;C;SITIO N° 7, RINCON VALDES;19;265417;5991831;LINARES;RETIRO;R;PARRAL;0,036;;NO TIENE;NO TIENE;NO TIENE
MAULE;Ft;Fo;;V;07-1574;29.08.2012;MULTIPLAN;HERNAN ;LASTRA;PONCE;M;ARÁNDANO;EUCALYPTUS;VID;C;PARCELA 73 LOTE 4, ROMERAL;19;257302;5993161;LINARES;RETIRO;R;PARRAL;0,024;;;;
MAULE;Ft;Fo;;;07-1573;29.08.2012;ENZO HIDALGO;ENZO;HIDALGO;GONZALEZ;M;ARÁNDANO;EUCALYPTUS;;C;SITIO N° 2, RINCON VALDES;19;265971;5991568;LINARES;RETIRO;R;PARRAL;0,008;;;;
MAULE;;;;V;07-1569;13-08-2012;VIVERO NUÑEZ;HUMBERTO;NUÑEZ;VENEGAS;M;VID;;;A;HIJUELA N° 1 SITIO N° 2, LA VIÑA;19;239663;6137790;CURICÓ;HUALAÑE;R;CURICÓ;0,2;;;humbertonuve@hotmail.com;
MAULE;Ft;;;;07-1568;13-08-2012;VIVERO LOS PINOS;CESAR ANTONIO;PINO ;ITURRIAGA;M;CEREZO;;;C;KM 11,6 FUNDO LOURDES;19;287086;6131381;CURICÓ;RAUCO;R;CURICÓ;0,2;;PARC. 30 LOTE B- VIÑA PARIS - SARMIENTO;cpinoiturriaga@gmail.com;
MAULE;;;;V;07-1567;09-08-2012;SAGA;SAGA LTDA.;;;PJ;VID;;;A;PARCELA N°5 LOTE 2;;290588;6100240;TALCA;RIO CLARO;R;TALCA;0,25;;;sagaltda_andino@gmail.com;
MAULE;Ft;;;;07-1565;09-08-2012;SAN SEBASTIAN;RODRIGO;RIBEROS;BRIONES;M;CEREZO;;;C;CALLEJON LOS REYES, PARCELA N° 8. LOS GUINDOS;19;297079;6132508;CURICÓ;CURICO;R;CURICÓ;0,5;;POBLACION LUIS CRUZ M. CASA N° 1 SARMIENTO;;
MAULE;Ft;;;;07-1563;30-07-2012;FUNDO LLEPO;SOC. AGRICOLA EL AMANECER DE MOSTAZAL;;;PJ;DAMASCO;CIRUELO;DURAZNERO;A/C;FUNDO LLEPO;19;255233;6024576;LINARES;LINARES;R;LINARES;0,03;;FUNDO LLEPO;jrperez@cabodehornos.cl;
MAULE;;;O;;07-1561;26-06-2012;LOS GUINDOS;JOSE ALVARO;AMADEO;SCHIAVETTI;M;PALMA CHILENA;ENCINO;;C;LOS GUINDOS, SANTA OLGA S/N ;19;297108;6134092;CURICÓ;CURICO;R;CURICÓ;0,02;;LAUTARO N° 288, TENO;;
MAULE;Ft;;;;07-1560;25-04-2012;SANTO TOMAS;JOSE ;MUÑOZ;BARRA;M;MANZANO;PERAL;;C;RES. FUNDO SANTO TOMAS;19;250661;5998726;LINARES;RETIRO;R;PARRAL;1,5;;NO TIENE;NO TIENE;NO TIENE
MAULE;Ft;;;;07-156;07.07.1995;CURICAVEN;FERNANDO;ARRAZTIO;LEYTON;M;VIVERO SIN EXISTENCIA;;;;SANTA CLAUDIA;19;305355;6114276;CURICÓ;CURICO;R;CURICÓ;;;FDO SANTA JULIA , LOS NICHES ;NO TIENE ;
MAULE;;;o;;07-1558;17-04-2012;Piguchen , Nativos Australes;PATRICIO ALEJANDRO;OSSES;PUGA;M;QUILLAY;Avellano nativo;;A;Membrillar 0118;19;295900;6125408;CURICÓ;Curico;U;CURICÓ;;;Membrillar 0118;;
MAULE;Ft;;;;07-1556;10.04.2012;VIVEROS BRAMADERO;MARIO;MARQUEZ;OYARCE;M;CEREZO;MANZANO;;C;VILLA RAUQUEN,LOS ALMENDROS 704;19;309398;6114853;CURICÓ;CURICO;R;CURICÓ;0.4;95798043;LA CAÑADA - EL BOLDO N°710;NO TIENE;
MAULE;;;;V;07-1554;09.02.2012;PIEDRA BLANCA;MARIO;CRUZ;GONZALEZ;M;VID;;;C;CALLEJON LOS FRANCOS/ PIEDRA BLANCA;19;298928;6137936;CURICÓ;TENO;R;CURICÓ;1,2;;CALLEJON LOS FRANCOS PIEDRA BLANCA;NO TIENE;
MAULE;Ft;;;;07-1553;25.01.2012;EL SILO;PAULO;MUÑOZ;ALBORNOZ;M;CEREZO;;;C;EL PORVENIR PARC.6;19;300767;6126066;CURICÓ;CURICO;R;CURICÓ;0.5;82390324;MERINO JARPA N° 308;NO TIENE;
MAULE;Ft;;;;07-1552;15.02.2012;FRAIBURGO;AGRICOLA FRAIBURGO E.I.R.L.;;;PJ;MANZANO;PERAL;;A/C;CARACOLES;19;276142;6046542;LINARES;COLBUN;R;LINARES;1.5;82297190;;vivero.fraiburgo@gmail.com;
MAULE;Ft;;;;07-1551;31.01.2012;SANTA MARIA;MARIA VERONICA;FLORES;MUÑOZ;F;CEREZO;;;C;FUNDO LA HUERTA SUR;18;255352;6113677;CURICÓ;HUALAÑE;R;CURICÓ;0.5;98722466;FUNDO LA ESPERANZA N°2 LOTE C;NO TIENE;
MAULE;Ft;Fo;O;;07-1550;2012;AYUN PEUMA;ELIANA GONZALEZ G.;GONZALEZ;;F;ARBOLES NATIVOS;FRUTAL;ORNAMENTAL;C;VILCHES ALTO S/N;19;303071;6061828;TALCA;SAN CLEMENTE;R;TALCA;0,1;;CORREO-SAN CLEMENTE;  -----; ---
MAULE;Ft;;;;07-155;12.07.2001;MACARENA;MARIA;CABRERA;VELASCO;F;CEREZO;;;C;LAS VEGAS, CAMINO LOS LIRIOS;19;299391;6133249;CURICÓ;CURICO;R;CURICÓ;0.3;;VILLA ESPAÑA, CASA N° 4 D, SARMIENTO;NO TIENE;
MAULE;Ft;;;;07-1549;09.01.2012;PEULLA;RICARDO;GARRIDO;;M;MANZANO;;;A/C;SAN LUIS DE MIRAFLORES;19;263980;6020462;LINARES;LONGAVI;R;LINARES;0.5;7944542;;rgarrido@bancoestado.cl;
MAULE;Ft;;;;07-1546;03.01.2012;UNIVIVEROS LONGAVI;SOC.AGRI.UNI AGRI COPIAPO.LTDA;;;PJ;MANZANO;;;A/C;PARCELA 35, EL CARMEN;19;269258;6002542;LINARES;LONGAVI;R;LINARES;2.0;28241340;;ovargas@univiveros.cl;
MAULE;;;;V;07-1544;27.12.2011;SANTA ANA;PABLO;CORTA;BUCAREY;M;VID;;;C;FUNDO SANTA ANA;19;275062;6121292;CURICÓ;SAGRADA FAMILIA;R;CURICÓ;0.5;91510724;CASILLA 607-CURICO;NO TIENE;
MAULE;;;;V;07-1542;27-12-2011;TRES JOTAS;JUAN;PONCE;LEYTON;M;VID;;;C;Parcela 24 callejon bascuñan;19;288244;6110245;CURICÓ;CURICO;R;CURICÓ;0,1;;Maipu 2359, curico;;
MAULE;;;;V;07-1541;12.12.2011;SANTA ISABEL;JORGE ;AMENABAR;WORMALD;M;VID;;;A;COLIN S/N SAG FAMILIA;19;280926;6123958;CURICÓ;SAGRADA FAMILIA;R;CURICÓ;0.02;075-451015;CASILLA 150 CURICO;jorgeamenabar@gmail.com;
MAULE;;;;V;07-1538;28-11-2011;Vivero Stella;Soc. Agric. Y Forestal Stella Ltda.;;;PJ;VID;;;C;Fundo Stella, camino a Molco Km. 1;18;741542;6019459;CAUQUENES;CAUQUENES;R;CAUQUENES;0,25;073-512228;Av. Claudina Urrutia N° 11, CAUQUENES;;
MAULE;;;;V;07-1537;24.11.2011;PUNTA EL MONTE;RODRIGO ;FRIAS;GIACONI;M;VID;;;A;CAMINO A COMALLE;19;294726;6136577;CURICÓ;TENO;R;CURICÓ;0,7;075-313373;CASILLA # 42 CURICO;agricolarfd@entelchile.ne;
MAULE;;;;V;07-1536;11-11-2011;Los Conquistadores 2;Agricola Los Conquistadores S.A.;;;PJ;VID;;;A/C;Fundo El Arenal, camino a San Javier Km. 25;18;765768;6023381;CAUQUENES;CAUQUENES;R;CAUQUENES;1,3;;Av. 11 de Septiembre, Providencia 1860, Santiago;csaavedra@sutil.cl;
MAULE;;;;V;07-1535;07-11-2011;Eco Viveros;Eco inversiones Ltda.;;;PJ;VID;;;C;Fundo Retulemu, Retulemu S/N;18;741019;6018070;CAUQUENES;CAUQUENES;R;CAUQUENES;1,35;;Retulemu S/N, CAUQUENES;;
MAULE;;;;V;07-1533;2011;JOSE CABELLO;JOSÉ CABELLO ARAVENA;CABELLO;ARAVENA;M;VID;;;C;BELLAVISTA, PARC 31;19;291535;6106327;TALCA;RIO CLARO;R;TALCA;0,5;; ---; ---;
MAULE;Ft;;;;07-1531;04-11-2011;EL MEMBRILLO;SOC. AGRIC. CULTIVO ORG. COPIHUE LTDA.;;;PJ;ARÁNDANO;;;C;FUNDO EL MEMBRILLO;19;248771;6003575;LINARES;RETIRO;R;PARRAL;0,1;;NO TIENE;cevergara75@gmail.com;
MAULE;Ft;;;;07-1530;2011;CAMARICO NUTS;SOC AGRIC. Y FORESTAL SANTA ELENA LTDA;;;PJ;AVELLANO EUROPEO;;;A/C;FUNDO SAN ANTONIO , KM 5 CAMINO A CUMPEO;19;285747;6099179;TALCA;RIO CLARO;R;TALCA;4;071-1974662;CASILLA 13, TALCA;santaelena@hamdorf.cl;
MAULE;Ft;;;;07-1529;26.11.2011;VIÑA PARIS;ROBERT;DESPLAS;BLANC;M;CEREZO;;;C;VIÑA PARIS, PARCELA 24, LOTE B;19;300067;6134003;CURICÓ;CURICO;R;CURICÓ;0.4;;BILBAO 775;ignaciowoodb@gmail.com;
MAULE;;;;V;07-1528;09.11.2011;PARRONCILLO;PELAYO;CORREA;KRUMENACKER;M;VID;;;C;CAMINO PARRONCILLO A HIGUERILLAS S/N;19;288861;6121278;CURICÓ;SAGRADA FAMILIA;R;CURICÓ;0.5;82492184;CASILLA 796-CURICO;NO TIENE;
MAULE;Ft;;;;07-1527;10-11-2011;SANTA XIMENA E.I.R.L.;XIMENA ;GUZMAN;VASQUEZ;F;MANZANO;PERAL;CEREZO;C;PARC. Nº 10 STA. INES;19;259502;5999392;LINARES;RETIRO;R;PARRAL;3;;NO TIENE;NO TIENE;NO TIENE
MAULE;;;;V;07-1526;20.10.2011;JESSICA;JOSE;OPAZO;MOLINA;M;VIVERO SIN EXISTENCIA;;;;SECTOR EL PROGRESO MOLINA;19;291667;6110525;CURICÓ;MOLINA;R;CURICÓ;0.1;93769716;SECTOR EL PROGRESO MOLINA;NO TIENE;
MAULE;;;;V;07-1525;20.10.2011;EL CANELO;ORLANDO;GONZALEZ;VERGARA;M;VIVERO SIN EXISTENCIA;;;;PARC 11 CERRILLO BASCUÑAN;19;289787;6110336;CURICÓ;MOLINA;R;CURICÓ;0.1;88781116;PARC 11 CERRILLO BASCUÑAN;NO TIENE;
MAULE;;;;V;07-1523;2011;LOS TRONCOS;ARESTI CHILE WINE LTDA;;;PJ;VID;;;A;FUNDO LA RESERVA, BELLAVISTA, S/N;19;287985;6105352;TALCA;RIO CLARO;R;TALCA;4;75-205201;  ---;rturedo@arestichile.cl;
MAULE;Ft;Fo;O;V;07-1522;2011;LOS CASTAÑOS;BLANCA FUENTES MUÑOZ;FUENTES;MUÑOZ;F;ORNAMENTALES;;;C;AV LIRCAY N° 9;19;261163;6079434;TALCA;TALCA;R;TALCA;1;99050182;AV. LIRCAY N°9, TALCA, CLASIFICADOR 8;blanquitaelena@hotmail.com;
MAULE;;;;V;07-1521;12.09.2011;SAN JOSE;JOSE;LIRA;MONTT;M;VIVERO SIN EXISTENCIA;;;;IJUELA 1 FDO SAN JOSE ;19;294187;6116311;CURICÓ;MOLINA;R;CURICÓ;0.4;75318795;CASILLA 14 LONTUE;liramontt@gmail.com;
MAULE;Ft;;;;07-1519;04.10.2011;LA CAÑADA;HUMBERTO;CAMUS;ARRIAGADA;M;CEREZO;;;C;AV LAS CATRERAS ROMERAL;19;301738;6129219;CURICÓ;ROMERAL;R;CURICÓ;0.6;98656673;CORREO ROMERAL;NO TIENE;
MAULE;Ft;;;;07-1516;13.10.2011;CATANCURA;PAULA;VELIZ;FARIAS;F;FRAMBUESO;MORA;;C;GUAICO 3 S/N;19;316676;6128430;CURICÓ;ROMERAL;R;CURICÓ;0.2;99680687;GUAICO 3 S/N;NO TIENE;
MAULE;;;;V;07-1515;13.10.2011;LAS MELOSAS;SEBASTIAN;FRIAS;OLEA;M;VID;;;C;CAMINO COMALLE POR PUENTE RAUCO KM 0.5;19;292311;6132572;CURICÓ;RAUCO;R;CURICÓ;0.5;98716309;CAMINO COMALLE POR PUENTE RAUCO KM 0.5;contabilidadhfd@gmail.com;
MAULE;;Fo;O;;07-1514;2011;PUERTAS NEGRAS;DUHALDE Y CÍA LTDA;;;PJ;ORNAMENTALES;;;C;PARCELACIÓN HUADALUPE, PUERTAS NEGRAS S/N KM 4,1;19;262192;6071559;TALCA;TALCA;R;TALCA;1;98401832;2 SUR 665, DEPTO 1409, TALCA;l.duhalde@hotmail.com;
MAULE;;;;V;07-1513;26.09.2011;SAN MARCOS;MARCOS;CAMPOS;SAAVEDRA;M;VIVERO SIN EXISTENCIA;;;;RINCON DE MELLADO S/N;19;271365;6117038;CURICÓ;SAGRADA FAMILIA;R;CURICÓ;0.7;99145629;RINCON DE MELLADO S/N;NO TIENE;
MAULE;;;;V;07-1512;27.09.2011;SAN CARLOS;CARLOS;SPENCER;CASAS-CORDERO;M;VID;;;C;SAN ALBERTO LA OBRA;19;297286;6121521;CURICÓ;CURICO;R;CURICÓ;0.5;88414190;SAN ALBERTO LA OBRA;NO TIENE;
MAULE;;;;V;07-1511;27.09.2011;SANTA JIMENA;OSVALDO;GONZALEZ;GUERRERO;M;VIVERO SIN EXISTENCIA;;;;PARADERO 6,CALLEJON AQUILES.LA ISLA;19;289829;6122979;CURICÓ;SAGRADA FAMILIA;R;CURICÓ;0.7;87518832;PARADERO 6,CALLEJON AQUILES.LA ISLA;NO TIENE;
MAULE;Ft;;;;07-1510;27.09.2011;SANTA FILOMENA;JORGE;FARIAS;GONZALEZ;M;CEREZO;MANZANO;MEMBRILLERO;C;SANTA ELENA KM 284 ROMERAL;19;300705;6130100;CURICÓ;ROMERAL;R;CURICÓ;0.5;94864105;CORREO ROMERAL;NO TIENE;
MAULE;Ft;;;;07-151;27.09.1994;AGUAS NEGRAS;ABELINO ;RAMIREZ;LLEVES;M;MANZANO;;;C;PARCELA 1 Y 2 EL PORVENIR;19;302948;6128164;CURICÓ;CURICO;R;CURICÓ;0,5;;VILLA MIRALLAY PASAJE CARAHUE N°1832;NO TIENE;
MAULE;;;;V;07-1509;26.09.2011;SANTA TERESA;CLAUDIO;ESBARBARO;ENERO;M;VID;;;A;CAMINO ALA COSTA S/N;19;289110;6122573;CURICÓ;SAGRADA FAMILIA;R;CURICÓ;0.5;91295865;CASILLA 442 CURICO;NO TIENE;
MAULE;Ft;;;;07-1508;02-09-2011;EL CASTAÑO;MARIA ;BASOALTO;CASTILLO;F;ARÁNDANO;;;A;HIJ. EL PARRON ROMERAL;19;261046;5991685;LINARES;RETIRO;R;PARRAL;0,0033;;NO TIENE;NO TIENE;NO TIENE
MAULE;Ft;Fo;O;;07-1507;21-09-2011;SANTA ISABEL;ISABEL ;IBAÑEZ;TILLERIA;F;ARÁNDANO;;;C;PARC. Nº 84, ROMERAL;19;260032;5991958;LINARES;RETIRO;R;PARRAL;0,01;073-1970574;NO TIENE;NO TIENE;NO TIENE
MAULE;;;;V;07-1506;21.09.2011;SAN CARLOS;CARLOS;GALLEGOS;BARRERA;M;VIVERO SIN EXISTENCIA;;;;PARC 15 EL CONDOR;19;291854;6109301;CURICÓ;MOLINA;R;CURICÓ;1.0;99310343;DOS ESQUINAS AGUA POTABLE MOLINA;NO TIENE;
MAULE;;;;V;07-1503;30.08.2011;STA CATALINA;GUIDO;PERUCCI;OLTRA;M;VIVERO SIN EXISTENCIA;;;;FDO STA MARIA QUECHEREGUAS;19;293127;6114856;CURICÓ;MOLINA;R;CURICÓ;3.5;93354657;LAS ACCIAS J36 CLUB DE GOLF LOS LIRIOS ;NO TIENE;
MAULE;;;;V;07-1502;18-08-2011;Vivero Hualve;Gabriela ;Yañez ;Sepulveda;F;VID;;;A;Km. 16 Camino a Hualve;18;753750;6011706;CAUQUENES;CAUQUENES;R;CAUQUENES;0,25;;Perez #268, CAUQUENES;gyañez73@hotmail.com;
MAULE;Ft;;;;07-1499;18-08-2011;FUNDO EL CARMEN;JOSE ALFONSO;RODRIGUEZ;DEL RIO;M;NOGAL;MANZANO;ARÁNDANO;A/C;FUNDO EL CARMEN, CAM A LA MONTAÑA;19;255461;5993734;LINARES;RETIRO;R;PARRAL;1;73-463879;Casilla 68 Parral;fundoelcarmenjar@gmail.com;
MAULE;Ft;;;;07-1496;28.10.2009;SANTA GABRIELA;JOSE;SEPULVEDA;ARAVENA;M;MANZANO;;;C;CALLEJON LAS PIEDRAS;19;305326;6114278;CURICÓ;CURICO;R;CURICÓ;0.01;;CALL.LAS PIEDRAS LOTE 1 HIJ 10 SANTA BELARMINA;NO TIENE;
MAULE;Ft;;;;07-1495;26.01.2011;JUAN VERGARA;LUZMIRA;MARDONES;MARTINEZ;F;CEREZO;;;C;CALLEJON LOS LEONES;19;301068;6129095;CURICÓ;ROMERAL;R;CURICÓ;1.5;91567909;CALLEJON LOS LEONES;NO TIENE;
MAULE;;Fo;o;v;07-1494;26.07.2011;GREEN PLACE;MARCELA;FIERRO;CARRASCO;F;CRASULACEAS;ORNAMENTAL;VID;C;PIRINEOS DE ARAGON 3, CALLE MUNICIPAL 474;19;296684;6125875;CURICÓ;CURICO;U;CURICÓ;0,01;;CALLE MUNICIPAL 1, Nº 474;marcelafierro@yahoo.com;
MAULE;Ft;;;;07-1493;21-07-2011;VIVEROS LA ESPERANZA;IVAN ANTONIO ;SALDAÑA;INOSTROZA;M;ARÁNDANO;;;C;LOTE 2 SAN ANTONIO ROMERAL;19;261450;5991574;LINARES;RETIRO;R;PARRAL;0,0015;;NO TIENE;NO TIENE;NO TIENE
MAULE;;;;V;07-1492;09.08.2011;DON MEMO;JAIME;MELLADO;VELIZ;M;VIVERO SIN EXISTENCIA;;;;HIJUELA 1-EL RINCON DE MELLADO;19;271162;6116684;CURICÓ;SAGRADA FAMILIA;R;CURICÓ;0.2;99969908;CORREO SAGRADA FAMILIA;NO TIENE;
MAULE;;;;V;07-1491;2011;CTVV;UNIVERSIDAD DE TALCA;;;PJ;VID;;;A ;FUNDO LAGUNA NEGRA, HIJUELA SUR;19;264135;6083265;TALCA;TALCA;R;TALCA;1;71-201556;  ---;marojas@utalca.cl;71-201557
MAULE;;;;V;07-1490;2011;EL CORTIJO;AGRÍCOLA EL CORTIJO LTDA;;;PJ;VID;;;A;HUILQUILEMU S/N;19;266193;6072905;TALCA;TALCA;R;TALCA;2;75-319259;VILLA VICHUQUEN, CALLE RIO LOA 571, CURICO;mgg690@yahoo.cl;
MAULE;;;;V;07-1489;2011;LOMAS DE RAUQUÉN;MARÍA INÉS GAMBOA VALENZUELA;GAMBOA;VALENZUELA;F;VID;;;C;RAUQUÉN, HIJUELA 1;19;248271;6072828;TALCA;PENCAHUE;R;TALCA;1;71-681420; ---;  ---;
MAULE;;;;V;07-1488;15-06-2011;VIVEROS LA HIGUERA;VICTOR ;JORDAN;VIZCARRA;M;VID;;;A;HIJ. 4 LA HIGUERA;19;251206;6012800;LINARES;RETIRO;R;PARRAL;0,005;;NO TIENE;NO TIENE;NO TIENE
MAULE;Ft;;;;07-1487;24.05.2011;EL SAUCE LTDA;ECOFRESH LTDA;;;PJ;MANZANO;;;A;CAM LA PUNTILLA;19;267011;6019541;LINARES;LONGAVI;R;LINARES;1.0;89279770;;afresno@ecofresh.cl;
MAULE;;Fo;O;;07-1486;12-05-2011;El Esfuerzo;Alicia; Salgado ;Perez;F;Pino;EUCALYPTUS;;C;Lagunilla Km. 16, CHANCO;18;733696;6036773;CAUQUENES;CHANCO;R;CAUQUENES;0,5;;Av. Hospital # 1050, CHANCO;;
MAULE;Ft;Fo;O;V;07-1485;12-05-2011;Las Delicias;Mirza ;Bravo ;Henriquez;F;VID;;;A;Las Delicias, camino a Parral Km. 12;18;751016;6012762;CAUQUENES;CAUQUENES;R;CAUQUENES;0,25;;Santa Elsa, Km. 12,5, camino a Parral;;
MAULE;Ft;Fo;O;V;07-1484;2011;SANTA BERTA;AGRICOLA Y COMERCIAL SANTA BERTA LTDA;;;PJ;VID;FRUTAL;;C;CHACRA SANTA SARA, COLIN KM 5,6;19;251173;6071548;TALCA;MAULE;R;TALCA;1;;CASILLA 732, TALCA;oscar.urzuaf@gmail.com;
MAULE;Ft;Fo;O;;07-1483;2011;VERDEVIVO LTDA;VERDEVIVO LTDA;;;PJ;ARBOLES NATIVOS;;;C;NUMPAY PARC 14, LOTE 1;19;256096;6068094;TALCA;MAULE;R;TALCA;0,25;95091522;6 SUR 830, TALCA;verdevivoltda@gmail.com;
MAULE;;;O;;07-1482;14.03.2011;LA ESTRELLA;JUAN BAUTISTA;GONZALEZ;SAN MARTIN;M;PALMA;;;C;BOMBERO GARRIDO, SAN GUIDO 2169;19;293810;6126718;CURICÓ;CURICO;U;CURICÓ;0,005;;BOMBERO GARRIDO SAN GUIDO, Nº 2169;NO TIENE;
MAULE;Ft;Fo;O;;07-1481;2011;LAS PIEDRAS;INVERSIONES J Y B LTDA.;;;PJ;OLIVO; FORESTALES NATIVAS;;C;FUNDO EL SAUCE, SECTOR TAPIHUE;19;253334;6099672;TALCA;PENCAHUE;R;TALCA;0,5;02-4202000;HUERFANOS 669 OF. 408, SANTIAGO;abozo@laspiedrs .cl;
MAULE;;;;V;07-1478;09.02.2011;STA EMA;JOSE;QUERA ;PALACIOS;M;VIVERO SIN EXISTENCIA;;;;AMPURDAN PARC 12 ROMERAL;19;302476;6131668;CURICÓ;MOLINA;R;CURICÓ;0.5;78773816;CASILLA 23 CURICO;agricolaampurdan@gmail.com;
MAULE;Ft;;;;07-1475;14.01.2011;SAN CRISTIAN;PABLO;DONOSO ;LARA;M;NOGAL;;;C;LAS BRISAS;19;275485;6044779;LINARES;COLBUN;R;LINARES;2.0;87273951;;viverosancristian.LINARES@gmail.com;
MAULE;Ft;;;;07-1474;27.01.2011;HUERTOS HUAIQUIVILO;MIGUEL;ELISSALT;;M;MANZANO;KIWI;;A/C;MESAMAVIDA;19;265082;6018357;LINARES;LONGAVI;R;LINARES;0.3;073-641000;;miguel.elissalt@gmail.com;
MAULE;Ft;;;;07-147;05.03.2001;LOS LIRIOS;JOSE;IBARRA;INOSTROZA;M;CEREZO;PERAL;;C;PARC. 28  LOS LIRIOS;19;300039;6133529;CURICÓ;CURICO;R;CURICÓ;0.3;88351216;CASILLA 224 - SARMIENTO;;
MAULE;;;;V;07-1467;15.12.2010;SAN VICENTE;GABRIEL;ALIAGA;HERNANDEZ;M;VIVERO SIN EXISTENCIA;;;;LOTE C PARCELA 22 LA HIGUERILLA;19;287825;6122383;CURICÓ;SAGRADA FAMILIA;R;CURICÓ;0.5;66165266;CASILLA 385;NO TIENE;
MAULE;Ft;;;;07-1463;12-11-2010;EL PEUMAL;SOC. AGR. Y/O FORESTAL EL LABRADOR 1 LTDA.;;;PJ;MANZANO;;;C;FUNDO EL PEUMAL S/N;19;311324;6125369;CURICÓ;ROMERAL;R;CURICÓ;;;NO TIENE;NO TIENE;NO TIENE
MAULE;;;;V;07-1461;05-11-2010;Loma Larga;Soc. Agricola Vial Y Salas Ltda.;;;PJ;VID;;;A;Lote 2, Santa Amelia, Loma Larga Km. 38,5;18;762672;6030477;CAUQUENES;CAUQUENES;R;CAUQUENES;0,025;;Medinacelli # 1144, Las Condes, Santiago;andresvials@gmail.com;
MAULE;Ft;;;V;07-1460;05-11-2010;San Antonio;Aquiles ;Rodriguez ;Sandoval;M;VID;;;A;San Antonio, Km. 11 camino a Parral;18;751485;6015344;CAUQUENES;CAUQUENES;R;CAUQUENES;1;;Claudina Urrutia # 601, CAUQUENES;;
MAULE;;;;V;07-1459;25.10.2010;LA ESPERANZA;CAMILO;FRIAS;GIACONI;M;VIVERO SIN EXISTENCIA;;;;FUNDO LA ESPERANZA;19;282930;6125534;CURICÓ;SAGRADA FAMILIA;R;CURICÓ;0.5;311046;MERCED 214;NO TIENE;
MAULE;Ft;;;;07-1455;05-11-2010;EL NOGAL;FRANCISCO ;VASQUEZ;GUTIERREZ;M;ARÁNDANO;;;C;SITIO 17 AJIAL MANZANO;19;255873;5993838;LINARES;RETIRO;R;PARRAL;0,006;;NO TIENE;NO TIENE;NO TIENE
MAULE;;;;V;07-1454;2010;INVERGEN;SOC. DE INVERSIONES GENERALES LTDA.;;;PJ;VID;;;C;PARC. N° 1, PARCELACIÓN VIENA, HIJUELA 3 CAMARICO;19;281083;6100866;TALCA;RIO CLARO;R;TALCA;0,5;;VILLA APUMANQUE, N° 839, CURICO;soc.invergen@gmail.com;
MAULE;;;;V;07-1453;2010;SANTA IRENE VICTORIA;JULIAN GONZALEZ VACCAREZA;GONZALEZ;VACCAREZA;M;VID;;;A;PARC. 35 PEÑAFLOR VIEJO;19;291499;6102689;TALCA;RIO CLARO;R;TALCA;2;75-327799;MANUEL MONTT 357, OF 604, CURICO;juangonzalezv49@gmail.com;75-327799
MAULE;;;;V;07-1452;2010;VALLE FRIO;SOC AGRIC. VALLE FRIO LTDA.;;;PJ;VID;;;C;FUNDO SANTA ELENA;19;275601;6071121;TALCA;SAN CLEMENTE;R;TALCA;2;02-5820540; ---;macevedo@vallefrio.cl; ---
MAULE;;;;V;07-1450;2010;MARIA ANGELICA ROJAS PARRA;MARIA ANGÉLICA ROJAS PARRA;ROJAS;PARRA;F;VID;;;A;PARCELA PIEDRAS NEGRAS, BOTALCURA;19;253334;6099672;TALCA;PENCAHUE;R;TALCA;2;; ---; ---;
MAULE;;;;V;07-1447;14.10.2010;SAN PEDRO;JOSE LUIS;NUÑEZ;TAPIA;M;VIVERO SIN EXISTENCIA;;;;PARADERO LA ISLA-TRAPICHE;19;290143;6123912;CURICÓ;SAGRADA FAMILIA;R;CURICÓ;1.0;82921705;PARCELA 5 Y 6 TRAPICHE BAJO;NO TIENE;
MAULE;;;o;;07-1443;08-10-2010;VIVERO LICEO GONZALO CORREA;LICEO GONZALO CORREA;;;F;NATIVAS ORNAMENTALES;;;C;QUECHEREGUAS S/N MOLINA;19;292974;6114110;CURICÓ;MOLINA;R;CURICÓ;;075/491552;;NO TIENE;NO TIENE
MAULE;;;;V;07-1442;2010;SMARTCAT;AGRICOLA SMARTCAT LTDA;;;PJ;VID;;;A;PARC. 110, PANGUE ABAJO;19;278233;6086297;TALCA;SAN RAFAEL;R;TALCA;2;;GERMAN RIESCO 320,  RANCAGUA;caravena@hotmail.es; --
MAULE;Ft;;;;07-1438;30-09-2010;VIVERO EL PERAL;JOEL ;ORTEGA;VIVANCO;M;ARÁNDANO;;;C;LOTE A 3 SANTA RITA;19;260366;5991384;LINARES;RETIRO;R;PARRAL;0,0012;;NO TIENE;NO TIENE;NO TIENE
MAULE;Ft;;;;07-1435;21.09.2010;ANDREA;JESSICA;PEREZ;MAUREIRA;F;FRAMBUESO;;;C;QUIVO BAJO S/N;19;306013;6130455;CURICÓ;ROMERAL;R;CURICÓ;0.4;82853875;AV QUILVO 275;NO TIENE;
MAULE;;;;V;07-1434;2010;JOAQUIN IRIARTE;JOAQUIN IRIARTE;JOAQUIN;IRIATE;M;VID;;;A;FUNDO CAMARICO, LOTE 1;19;280860;6098733;TALCA;RIO CLARO;R;TALCA;0,5;75-315547; ---;joaquin@iriarte.cl;75-315547
MAULE;;;;V;07-1431;17.08.2010;EL MILAGRO;JUAN;CABELLO;DIAZ;M;VIVERO SIN EXISTENCIA;;;;FUNDO LOS MAITENES-TUTUQUEN;19;291950;6126780;CURICÓ;CURICO;R;CURICÓ;0.2;;VILLA ANAQUENA -CALLE ANAQUENA CASA 43;jcabellodiaz@yahoo.es;
MAULE;Ft;;;;07-1429;16-09-2010;VIVEROS EL ESFUERZO;JUAN  CARLOS ;LAGOS;BURGOS;M;NOGAL;ALMENDRO;CIRUELO;C;PARCELA 91 STA. ISABEL;19;253275;6000718;LINARES;RETIRO;R;PARRAL;1,5;09-7903117;NO TIENE;NO TIENE;NO TIENE
MAULE;;;;V;07-1427;2010;PARCELA 35 PP VIENA;HERMOGENES TOBAR OSORIO;TOBAR;OSORIO;M;VID;;;A;PARC 35, PP VIENA, SECTOR LOS ROBLES;19;290414;6100049;TALCA;RIO CLARO;R;TALCA;0,25; --;LOS ALERCES N° 1024,  RANCAGUA;htobar46@gmail.com; ---
MAULE;;Fo;;;07-1424;05.07.2010;DON PEPE LTDA;AGRIC.DON PEPE ;;;PJ;ORNAMENTALES;FORESTAL;AUTOCTONAS ;C;SAN JOSE;19;268857;5995674;LINARES;LONGAVI;R;LINARES;0.5;;;vivero_san_valentin@hotmail.com;
MAULE;Ft;;;;07-1422;15.06.2010;LA TERCERA NORTE;AGRIC.FORS.TIERRA BUENA LTDA;;;PJ;MANZANO;PERAL;;A/C;CHALET QUEMADO;19;264660;6010109;LINARES;LONGAVI;R;LINARES;1.5;76967838;;projas_tierrabuena@hotmail.com;
MAULE;;;;V;07-1418;18.12.2009;STA ADELA ;LUIS;PRIETO ;SANCHEZ;M;VIVERO SIN EXISTENCIA;;;;QUECHEREGUAS VIÑA STA ADELA;19;292550;6112821;CURICÓ;MOLINA;R;CURICÓ;;91930312;VIÑA STA ADELA QUECHEREGUAS S/N;NO TIENE;
MAULE;;;;V;07-1417;16.11.2009;STA MARTA;FRANCISCO;RIVEROS;HERRERA;M;VIVERO SIN EXISTENCIA;;;;PARC 9 LA SERENA;19;292498;6108436;CURICÓ;MOLINA;R;CURICÓ;;95768051;PARC 9 LA SERENA;NO TIENE;
MAULE;Ft;;;;07-1415;19.05.2010;EL MANANTIAL;DANIEL;JACUSIEL;KIRSCHSTEIN;M;GRANADO;;;A;SECTOR LA AURORA, SAN RAFAEL;19;303055;6144608;CURICÓ;TENO;R;CURICÓ;0.002;1975519;FUNDO EL MANANTIAL TENO;NO TIENE;075-1975519
MAULE;;;O;;07-1414;03.05.2010;PAPIRO EGIPCIO;IVAN;SEPULVEDA;VILLANUEVA;M;ORNAMENTALES;;;C;CASA N°6 EL PORVENIR CAMINO A ZAPALLAR;19;300979;6124114;CURICÓ;CURICO;R;CURICÓ;0.01;;EL PORVENIR N°1;NO TIENE;
MAULE;;;;V;07-1413;2010;NUEVA ESPERANZA;BORIS JARA CORNEJO;;;M;VID;;;C;BELLAVISTA, POBLACION NUEVA ESPERANZA;19;291155;6106794;TALCA;RIO CLARO;R;TALCA;0,25; --; ---; ---;  ---
MAULE;;;;V;07-1412;27.04.2010;SOC. AGRICOLA R-3;RODRIGO;FRIAS;GIACONO;M;VID;;;C;FUNDO LAS ACACIAS - CAMINO AL BOLDO ;19;303959;6115772;CURICÓ;CURICO;R;CURICÓ;0.4;075-313373;FUNDO LAS ACACIAS- CAMINO AL BOLDO S/N;agricolarfd@entelchile.net;
MAULE;Ft;;;;07-1411;15.04.2010;CHOCOA;ALVAREZ Y PEREZ LTDA;;;PJ;MANZANO;;;C;CHOCOA;19;250053;6054280;LINARES;VILLA ALEGRE;R;LINARES;1.0;79671433;;skf_schilling@hotmail.com;
MAULE;Ft;Fo;;;07-1410;07-04-2010;BYBOTEB;MARCOS ;MAUREIRA;VALDES;M;BERRIES;ARÁNDANO;;C;DR. MARIO MUJICA 189;19;246761;5996816;LINARES;PARRAL;U;PARRAL;0,3;073-462244;NO TIENE;NO TIENE;NO TIENE
MAULE;Ft;;;;07-1409;12.03.2010;ECOFRUT;MARIA FRANCISCA;TAPIA;;F;AVELLANO EUROPEO;;;A/C;SAN LUIS DE MIRAFLORES;19;259922;6020176;LINARES;LONGAVI;R;LINARES;0.2;73-735009;;mftmacd@hotmail.com;
MAULE;;;O;;07-1408;16.02.2010;SANTA ERMINIA;SYLVIA;GAMBOA;CORREA;F;ORNAMENTALES;;;C;PICHIBUDI S/N;18;760059;6136170;CURICÓ;LICANTÉN;R;CURICÓ;0.2;87011197;PICHIBUDI S/N;NO TIENE;
MAULE;;;;V;07-1407;17.10.2011;LA PALMA;GERARADO;RAMOS;SANCHEZ;M;VIVERO SIN EXISTENCIA;;;;KM 7 CAMINO ALA COSTA ;19;286807;6125138;CURICÓ;SAGRADA FAMILIA;R;CURICÓ;0.1;94793387;CASILLA 395 CURICO;agriramos@lovaldivia.com;
MAULE;Ft;;;;07-1406;03.02.2010;ALKA BERRIES LTDA.;ALKA BERRIES LTDA ;;;PJ;ARÁNDANO;;;A/C;SAN ANTONIO ENCINA;19;274393;6028562;LINARES;LINARES;R;LINARES;0.5;99183209;;agarrido@primeharvest.cl;
MAULE;Ft;;O;;07-1405;02-07-1905;EL CANELO;NORMA IBAÑEZ ESPINOZA ;;;F;FRUTAL;;;C;CASERIO LIRCAY, CALLEJON 2;19;261424;6079460;TALCA;TALCA;U;TALCA;0,25; --;CASERIO LIRCAY, CALLEJON 2;rosita.maso@hotmail.com;  ---
MAULE;;;;V;07-1404;28-12-2009;La Rioja;Viña Undurraga S.A.;;;PJ;VID;;;A/C;Fundo El Boldo, camino a Hualve S/N;18;747251;6010831;CAUQUENES;CAUQUENES;R;CAUQUENES;2;02-3722900;Av. Vitacura # 2939, piso 21, Santiago;aaguerrea@undurraga.cl;02-3722901
MAULE;Ft;;;V;07-1400;14-12-2009;SAN MARCOS;NICOLAS ;DIAZ;ABAZOLO;M;VID;FRAMBUESO;;C;PARCELA Nº 29 FDO. SAN MARCOS;19;252766;5993018;LINARES;RETIRO;R;PARRAL;0,25;;NO TIENE;NO TIENE;NO TIENE
MAULE;Ft;;;;07-1391;30.11.2009;SANTA CAROLINA;JULIA;PALMA;GONZALEZ;F;ARAUCARIA;;;C;PARCELA 3 LOS MAQUIS;19;328725;6126814;CURICÓ;ROMERAL;R;CURICÓ;0.02;81967630;PARCELA 3 LOS MAQUIS;NO TIENE;
MAULE;;;;V;07-1388;14.10.2009;LA PERLA;PEDRO;LORENZINI;JACQUES;M;VIVERO SIN EXISTENCIA;;;;AGUA FRIA KM 1;19;293391;6111094;CURICÓ;MOLINA;R;CURICÓ;0.1;75491658;AGRI. LA PERLA KM 1 AGUA FRIA;laperlacdl@gmail.com;
MAULE;;;;V;07-1383;06.10.2009;SAN ALBERTO;IGNACIO;MATURANA;ARRIAGADA;M;VIVERO SIN EXISTENCIA;;;;PARCELA 23 P.P LAUTARO,SANTA EMILIA;19;272889;6118157;CURICÓ;SAGRADA FAMILIA;R;CURICÓ;0.8;88215028;PARCELA 23 P.P LAUTARO,SANTA EMILIA;NO TIENE;
MAULE;Ft;;;;07-1361;2009;CORRALONES;AGROFRUTICOLA CORRALONES;;;PJ;FRAMBUESO;;;C;MARIPOSAS, PARC. 183, LOTE A, CORRALONES;19;287440;6064562;TALCA;SAN CLEMENTE;R;TALCA;0,125;1970083; ---;corralones@gmail.com; --
MAULE;Ft;;;;07-1354;28.08.2009;SAN SEBASTIAN;JORGE;FAUNDEZ;ARAYA;M;MANZANO;;;C;FLORIDA EL ALTO S/N;19;302440;6117606;CURICÓ;CURICO;R;CURICÓ;0.03;;VILLA PRUDENCIO LOZANO, PSJE 9 CASA 4 H;NO TIENE;
MAULE;;Fo;;;07-1339;27.07.2009;AGROMARKETING LTDA;AGROMARKETING LTDA;;;PJ;VETIVER;;;C;LOMAS DE PUTAGAN;19;277929;6032940;LINARES;COLBUN;R;LINARES;2.0;95395251;;agromarketingltda@gmail.com;
MAULE;Ft;;;;07-1338;27.07.2009;FUNDO SANTA IRENE;SOC. AGRIC.COPEQUEN;;;PJ;MANZANO;;;A/C;HUASO CAMPESINO;19;277767;6048244;LINARES;COLBUN;R;LINARES;2.0;23622887;;fundosantairene@prediosddc.cl;
MAULE;Ft;;;;07-1337;29-07-2009;TOQUI;AGRICOLA Y GANADERA TOQUI LTDA;;;PJ;AVELLANO EUROPEO;;;C;FUNDO EL TOQUI;19;276857;6077667;TALCA;PELARCO;R;TALCA;4;230584;1 SUR 2260, TALCA;fundotoqui@ctrnet.cl; --
MAULE;;Fo;;;07-1331;15-07-2009;Los Molinos;Luis ;Cancino; Perez;M;Pino;EUCALYPTUS;;C;Los Castaños, Carreras Cortas, CHANCO;18;724967;6050988;CAUQUENES;CHANCO;R;CAUQUENES;0,05;;Los Castaños, Carreras Cortas, CHANCO;;
MAULE;;Fo;;;07-1330;15-07-2009;El Litre;Agriforrm Ltda.;;;PJ;Pino;EUCALYPTUS;;C;El Litre, Km. 30 camino a CHANCO;18;723925;6034867;CAUQUENES;CHANCO;R;CAUQUENES;0,4;073-511083;Chacabuco # 889, CAUQUENES;;
MAULE;Ft;;;;07-133;15.10.2004;LAS GARZAS;ALEJANDRO;LAGUNA;NUÑEZ;M;VIVERO SIN EXISTENCIA; ;;;LAS GARZAS;19;277250;6125145;CURICÓ;RAUCO;R;CURICÓ;0;97798838;CUESTA LAS GARZAS;NO TIENE;
MAULE;Ft;;;;07-1327;22.12.2008;CANAIMA V;SOC.AGRI.GAETE Y FISCHER;;;PJ;MANZANO;PERAL;;C;GUADANTUN;19;264069;6036678;LINARES;LINARES;R;LINARES;5.0;73-215007;;mariogaeteespinoza@gmail.com;
MAULE;;Fo;;;07-1325;26.01.2010;LA LAGUNA;LAURA;MORALES;CONTRERAS;F;ARAUCARIA;ARRAYAN;CIPRES;C;SECT. LA LAGUNA S/N CAMINO LA MONTAÑA;19;318874;6130425;CURICÓ;TENO;R;CURICÓ;0,01;;SITIO 30 LOTE B;NO TIENE;
MAULE;Ft;;;;07-1321;13.03.2009;DON RAFAEL;RENE ;ABUHADBA;FERNANDEZ;M;VIVERO SIN EXISTENCIA;;;;LAS MERCEDES S/N PICHINGAL;19;297041;6111321;CURICÓ;MOLINA;R;CURICÓ;0.1;95902648;LAS MERCEDES S/N PICHINGAL;NO TIENE;
MAULE;Ft;;O;;07-1320;14-04-2009;SAN FRANCISCO;INSTITUTO DE EDUCACIÓN RURAL;;;PJ;ORNAMENTALES;;;C;LICEO MARIA AUXILIADORA, COLIN;19;251977;6071821;TALCA;MAULE;U;TALCA;0,25;226121;VICUÑA MACKENA 391, SANTIAGO;liceo.mariaauxiliadora@ier.cl;229484
MAULE;;;;V;07-1318;19-03-2009;EL SAUCE;LUIS MARCELO GAETE G.;GAETE;GAETE;M;VID;;;C;SECTOR EL SAUCE S/N;19;267778;6069887;TALCA;TALCA;R;TALCA;0,5;211400; ---;mgaete@gmail.com;211400
MAULE;Ft;;;;07-1317;13-03-2009;San Javier;Agricola La Concordia Ltda.;;;PJ;ARÁNDANO;GRANADO;;A;Fundo San Javier S/N;18;736053;6013537;CAUQUENES;CAUQUENES;R;CAUQUENES;0,25;;Fundo Las Vegas De La Concordia;;
MAULE;Ft;;;;07-1316;09-03-2009;MERMELAND;FANNY ;FALCON;PEREZ;F;ZARZAPARRILLA;;;C;TARAPACA 255;19;245149;5996860;LINARES;PARRAL;U;PARRAL;0,0008;73-464594;NO TIENE;NO TIENE;NO TIENE
MAULE;;Fo;;;07-1314;09-03-2009;Los Conquistadores;Jose ;Maliqueo ;Agurto;M;Pino;EUCALYPTUS;;C;Los Conquistadores Km. 1,1, camino a San Javier;18;750584;6016563;CAUQUENES;Cauquenes;R;Cauquenes;0,25;073-512060;General Baquedano # 711, Cauquenes;;
MAULE;;;;V;07-1313;06-03-2009;Pilen Alto;Francisco ;Olave; Naves;M;VID;;;A;Rincon de Pilen;18;731742;6016493;CAUQUENES;CAUQUENES;R;CAUQUENES;0,036;;Villalobos # 415;;
MAULE;Ft;;;V;07-1312;06-03-2009;Santa Monica;Ignacio ;Williams ;Camparini;M;VID;;;A;Km. 10, camino a Pilen;18;733212;6016694;CAUQUENES;CAUQUENES;R;CAUQUENES;0,05;;Km. 10, camino a Pilen;;
MAULE;;;;V;07-1311;29.07.2008;SAN LUIS;LUIS;VALENZUELA;JARA;M;VIVERO SIN EXISTENCIA;;;;PARRONCILLO;19;288461;6121209;CURICÓ;SAGRADA FAMILIA;R;CURICÓ;1.5;62462430;PARONCILLO;NO TIENE;
MAULE;Ft;;;;07-1308;19-02-2009;EL TEMBLADOR;AGRICOLA SEPULVEDA Y WENK LTDA.;;;PJ;ARÁNDANO;OLIVO;;C;PARCELA 3 TEMBLADOR;19;249024;5999412;LINARES;RETIRO;R;PARRAL;0,25;73-461138;NO TIENE;NO TIENE;NO TIENE
MAULE;;Fo;;;07-1306;19-02-2009;LA VILLA;JOSE ;CASTILLO;VALLEJOS;M;EUCALYPTUS;;;C;VILLA J. RAMIREZ - 24 COPIHUE;19;247624;6001637;LINARES;RETIRO;U;PARRAL;0,004;;NO TIENE;NO TIENE;NO TIENE
MAULE;;Fo;;;07-1305;19-02-2009;EL AROMO;FLAVIO ;CASTILLO;VALLEJOS;M;PINO;EUCALYPTUS;;C;COPIHUE;19;248371;6002608;LINARES;RETIRO;U;PARRAL;0,006;;NO TIENE;NO TIENE;NO TIENE
MAULE;Ft;;;;07-1304;16.02.2009;VIVEROS MARIDEN;RODEMIR;ALVAREZ;MUÑOZ;M;PERAL;CEREZO;MANZANO;C;LOTE 24, VIÑA PARIS, LOS LIRIOS;19;299790;6134296;CURICÓ;CURICO;R;CURICÓ;0.1;;VILLA NAVIDAD, PASAJE 3, D-14;NO TIENE;
MAULE;Ft;;;;07-1301;04-02-2009;ORGANICOS ARCHIL;MARIA ;CHAPARRO;ARGUELLO;F;ARÁNDANO;;;C;CAMINO A LA LLOICA;19;249660;5998507;RETIRO;PARRAL;R;PARRAL;0,010;;NO TIENE;NO TIENE;NO TIENE
MAULE;;Fo;;;07-1297;08.01.2009;COMALLE;AGRICOLA COMALLE S.A;EDUARDO ;VALENZUELA ;M;VIVERO SIN EXISTENCIA;;;;PARCELACION VIZCAYA, COMALLE;19;291059;6142272;CURICÓ;TENO;R;CURICÓ;0;075-325799;NO TIENE;NO TIENE;1975038
MAULE;Ft;;;;07-1292;26.12.2008;VIVEROS MEYER;EXPORTACIONES MEYER;;;PJ;CEREZO;;;A/C;RUTA J-60 KM 11;19;287668;6131747;CURICÓ;TENO;R;CURICÓ;0,2;075-552955;CHACABUCO 759;NO TIENE;
MAULE;Ft;;;;07-1292;26.12.2008;MEYER;JORGE;MEYER;RIVEROS;M;CEREZO;;;C;RESTO FUNDO SAN JOSE LOTE 1;19;287668;6131747;CURICÓ;RAUCO;R;CURICÓ;0.5;85530790;RESTO FUNDO SAN JOSE LOTE 1;xmeyer@meyersa.cl;325000
MAULE;Ft;;;;07-1289;22.12.2008;SANTA RAQUEL;JULIO;BOBADILLA;;M;ARÁNDANO;;;A;STA. CRISTINA;19;267480;6035321;LINARES;LINARES;R;LINARES;0.3;73-224573;;juliobobadilla@gmail.com;
MAULE;Ft;Fo;;;07-1288;19.12.2008;VIVEROS MORZA;EXEQUIEL;ZAPATA;MARTINEZ;M;EUCALYPTUS;CEREZO;ORNAMENTAL;C;PARCELA 57- D.QUINTA;19;308806;6143750;CURICÓ;TENO;R;CURICÓ;0,3;;VILLA LOS HUERTOS PASAJE 2 #2324;NO TIENE;
MAULE;Ft;;;V;07-1285;16-12-2008;Santa Ines de Trana;Agricola Santa Ines Trana Ltda.;;;PJ;VID;NOGAL;;A;Fundo Santa Ines Trana, Km. 16 Quella Sur;18;755987;5995022;CAUQUENES;CAUQUENES;R;CAUQUENES;0,01;;Av. Beaucheff # 1007, Santiago;;
MAULE;;;;V;07-1284;15.12.2008;SANTA ERIKA;CARLOS FERNANDO;ROJAS ;LETELIER;M;VIVERO SIN EXISTENCIA;;;;CALLE CURICO 630, SARMIENTO;19;299496;6132777;CURICÓ;CURICO;R;CURICÓ;0;075-351357;CALLE CURICO N 630, SARMIENTO;NO TIENE;
MAULE;;;;V;07-1269;24.11.2008;GREY;MANUEL;BRISO;CAMPOS;M;VID;;;A;PARCELA N 2, VIÑAS PARIS;19;300508;6132605;CURICÓ;CURICO;R;CURICÓ;0.5;;ARTURO PRAT N 60, SARMIENTO;NO TIENE;
MAULE;;;;V;07-1267;24.11.2012;EL QUILLAY;HUGO;RETAMAL;RETAMAL;M;VIVERO SIN EXISTENCIA;;;;RINCON DE MELLADO;19;271675;6117630;CURICÓ;SAGRADA FAMILIA;R;CURICÓ;0.1;82824407;RINCON DE MELLADO;NO TIENE;
MAULE;Ft;;;;07-1266;26.11.2008;SAN EDUARDO;MARCELO;ITURRIAGA;ITURRIAGA;M;CEREZO;;;C;PARCELA 21 SECTOR LOS LIRIOS;19;299800;6134976;CURICÓ;CURICO;R;CURICÓ;0.3;;PARC.2 LOS LIRIOS;NO TIENE;
MAULE;Ft;;;;07-1259;01.10.2008;BUENAVENTURA;INMOB.AGRIC BUENAVENTURA;;;PJ;NOGAL;;;C;EL CARMEN;19;267140;6002793;LINARES;LONGAVI;R;LINARES;0.5;;;no tiene;
MAULE;Ft;;;;07-1253;10.10.2008;SAN ABRAHAN;MANUEL;CAMUS;ARRIAGADA;M;VIVERO SIN EXISTENCIA;;;;PARCELA 63 GUAICO 1;19;310692;6130360;CURICÓ;ROMERAL;R;CURICÓ;0.30;87374625;CORREO ROMERAL;NO TIENE;
MAULE;Ft;;;;07-1252;13.11.2002;NUEVO UNIVERSO;MIGUEL;HERRERA;LOYOLA;M;CEREZO;;;C;PARCELA 24, VIÑA PARIS;19;299998;6134253;CURICÓ;CURICO;R;CURICÓ;0.5;;LOS LIRIOS S/N SARMIENTO;NO TIENE;
MAULE;Ft;;;;07-1248;25.09.2008;ARRINCONAO;JUAN PABLO;ASENJO;GALVEZ;M;NOGAL;;;C;LOS LIRIOS S/N, SARMIENTO;19;299843;6132927;CURICÓ;CURICO;R;CURICÓ;0.1;;LOS LIRIOS S/N SARMIENTO;NO TIENE;
MAULE;;Fo;O;;07-1236;27-8-2008;ALIHUEN;ISABEL LIENPI CHÁVEZ;LIENPI;CHAVEZ;F;NATIVAS;;;C;BATUCO, LOTE A Y B S/N, PENCAHUE;19;230539;6088305;TALCA;PENCAHUE;R;TALCA;0,5;; ---;isabelliempi@hotmail.com; ---
MAULE;Ft;;;;07-1231;30.07.2008;VIVEROS CONCHA;JORGE;CONCHA;DIAZ;M;VIVERO SIN EXISTENCIA;;;;VILLA LOS ALAMOS GUAICO CENTRO;19;312653;6128781;CURICÓ;ROMERAL;R;CURICÓ;0.2;96708885;VILLA LOS ALAMOS GUAICO CENTRO;NO TIENE;
MAULE;Ft;;;;07-1227;06.08.2008;DON SEBASTIAN;JUAN;SILVA;SILVA;M;ARÁNDANO;;;A/C;LAS ROSAS;19;262870;6021321;LINARES;LONGAVI;R;LINARES;0.5;81978706;;carlitos19662011@gmail.com;
MAULE;;;;V;07-1223;21-07-2008;Las Garzas 2;Elsa ;Bravo ;Seguy;F;VID;;;A;Fundo Las Garzas, Km. 3 camino a Sauzal;18;745962;6022041;CAUQUENES;Cauquenes;R;Cauquenes;0,06;;Eyzaguirre # 592;sucecionvictorbravo@yahoo.es;073-511628
MAULE;;Fo;;;07-1221;21-07-2008;Santa Rosa;Juan ;Ruiz ;Alarcon;M;Pino;EUCALYPTUS;;C;Hijuela N° 10, Km. 10 camino a coronel de Maule;18;732461;6007961;CAUQUENES;CAUQUENES;R;CAUQUENES;0,2;;Bulnes # 989, CAUQUENES;;
MAULE;Ft;;;;07-1214;23-05-2008;VIVERO RIO CATO;FELIX PATRICIO ;SAN MARTIN;SOTO;M;CASTAÑO;NOGAL;;C;CATILLO;19;261653;5978994;LINARES;PARRAL;R;PARRAL;3;06-2693745;NO TIENE;NO TIENE;NO TIENE
MAULE;Ft;;;;07-1212;24.04.2008;CAMADA;SOC.AGROP. FORESTAL LOS COPIHUES LTDA;;;PJ;MANZANO;;;A;ENTRADA LOMAS DE POLCURA;19;267726;6008694;LINARES;LONGAVI;R;LINARES;1.0;073-210701;;los copihues@agroprodex.cl;
MAULE;;;O;;07-1211;16-05-2008;EL GINGKO;GLORIA PUENTES;PUENTES;DIAZ;F;ORNAMENTALES;;;C;PUNTA DE DIAMANTE, LOTE 2;19;280510;6062824;TALCA;SAN CLEMENTE;R;TALCA;1;; ---;gloria@viveroelginkgo.cl;   --
MAULE;;;;V;07-1210;22.09.2011;AGRIC. SANTA LAURA;OSVALDO;MARQUEZ;ESPINOSA;PJ;VID;;;A;FUNDO SAN FELIX, CAMINO LOS GUINDOS S/N;19;297691;6130870;CURICÓ;CURICO;R;CURICÓ;1.0;075-381640;CAMINO EL BOLDO 1900;jaimepinilla@marquez.cl;75-381640
MAULE;Ft;;;;07-1210;16.05.2008;LA OBRA;OSVALDO;MARQUES;ESPINOZA;M;KIWI;;;C;LA OBRA S/N;19;291591;6122679;CURICÓ;SAGRADA FAMILIA;R;CURICÓ;0.5;84053681;CAMINO EL BOLDO 1900;ome@marquez.cl;
MAULE;Ft;Fo;;;07-1209;05-05-2008;FORESTGREEN;YENIFFER ;FALCON;COFRE;F;EUCALYPTUS;CIPRES;ARÁNDANO;C;LOTE1-C-2;19;251235;5995800;LINARES;RETIRO;R;PARRAL;0,15;73-461543;NO TIENE;mjfalcon@forestalterraverde.cl;
MAULE;Ft;;;;07-1208;05-05-2008;VIVERO COPIHUE;JOEL ;PARADA;OSERES;M;ARÁNDANO;;;C;PARCELA Nº 35 EL AJIAL;19;252513;5996071;LINARES;RETIRO;R;PARRAL;0,1;;;NO TIENE;NO TIENE
MAULE;Ft;Fo;O;;07-1207;15-05-2000;Emaser;Sergio ;Van Rysselbarhe ;Buder;M;Pino;EUCALYPTUS;NATIVA;C;Km. 1 camino Pueblo Hundido, PELLUHUE;18;721292;6035870;CAUQUENES;PELLUHUE;R;CAUQUENES;0,035;073-541070;Km. 1 camino Pueblo Hundido, PELLUHUE;;073-541070
MAULE;Ft;;;;07-1206;05.02.2008;OLIMPO;CLAUDIO ;YAÑEZ;BARRIOS;M;VIVERO SIN EXISTENCIA;;;;PARC 30 CERRILLO BASCUÑAN;19;288234;6110105;CURICÓ;MOLINA;R;CURICÓ;1.5;74466622;POBL GRAL MATURANA CASA 31;viverosolimpo@gmail.com;
MAULE;Ft;;;;07-1205;14-01-2008;B & S;Guillermo  ;Simonet;Perez;M;ARÁNDANO;;;A;San Francisco, camino a Quipato;18;757909;6013178;CAUQUENES;CAUQUENES;R;CAUQUENES;0,01;;San Francisco, camino a Quipato;;
MAULE;Ft;;;;07-1203;27-03-2008;PATRICIO VALLEJOS;PATRICIO ;VALLEJOS;VALVERDE;M;ARÁNDANO;;;C;PARCELA 80, SITIO 57-ROMERAL;19;258097;5992685;LINARES;RETIRO;R;PARRAL;0,025;07-6375649;NO TIENE;NO TIENE;NO TIENE
MAULE;;Fo;;;07-1199;12.02.2008;LA ESPERANZA;AGROFORESTAL MS EIRL;;;PJ;PINUS RADIATA;EUCALYPTUS;;C;BOBADILLA;19;256829;6060163;LINARES;SAN JAVIER;U;LINARES;0.3;99574136;;manuelcameron@hotmail.com;
MAULE;Ft;;;;07-1198;06.02.2008;SANTA LUISA;ALDO;LARA;RETAMAL;M;KIWI;CEREZO;MEMBRILLERO;C;VISTA HERMOSA S/N;19;302057;6133665;CURICÓ;CURICO;R;CURICÓ;0.3;;VILLA NUESTRA SÑRA DEL PILAR PASJ ANGEL CAVALA 165;NO TIENE;
MAULE;;Fo;;;07-1196;13-08-2007;Mario Moraga Meza;Mario; Moraga ;Meza;M;Pino;EUCALYPTUS;;C;Hijuela N° 11;18;747914;6016948;CAUQUENES;CAUQUENES;R;CAUQUENES;0,5;;Hijuela N° 11;oasisk6.5@gmail.com;
MAULE;Ft;Fo;O;;07-1195;08-11-2007;Margarita;Agricola El Maiten Ltda.;;;PJ;ARÁNDANO;;;A/C;Fundo El Maiten, camino a Pocillas Km. 10,5;18;745280;6004926;CAUQUENES;CAUQUENES;R;CAUQUENES;0,012;;Fundo El Maiten, camino a Pocillas Km. 10,5;;
MAULE;Ft;;;;07-1193;22.01.2008;CYR;ESTEBAN ;CAMPOS;RUIZ;M;VIVERO SIN EXISTENCIA;;;;DOS ESQUINAS S/N;19;292181;6108140;CURICÓ;MOLINA;R;CURICÓ;0.5;99176120;IGUALDAD 2055 MOLINA;nicodemuscampos@gmail.com;
MAULE;Ft;;;;07-1191;17-01-2008;SAN BENITO;CARLA ;CARRASCO;CASTILLO;F;ARÁNDANO;;;C;LOS CUARTELES, PARRAL;19;265096;5989615;LINARES;RETIRO;R;PARRAL;0,0013;;NO TIENE;NO TIENE;NO TIENE
MAULE;;;;V;07-1189;18-01-2008;SANTA IRENE;ORLANDO CASTRO;CASTRO;CAMPOS;M;VID;;;C;FUNDO SANTA IRENE, SECTOR EL FUERTE;19;264730;6065592;TALCA;MAULE;R;TALCA;3;231258;2 SUR N° 841, OF. 24, EDIFICIO COMNITAL, TALCA;santairene@tie.cl;231258
MAULE;Ft;;;;07-1187;18-1-2008;UNO SLICE OF HEAVEN;AGRICOLA DIAMANTES NEGROS;;;PJ;AVELLANO EUROPEO;;;C;BRAMADERO, PARC. 9, LOTE 13;19;290688;6059232;TALCA;SAN CLEMENTE;R;TALCA;0,5;240128;MAIPU N° 40, QUILLOTA;pablo.donoso@hotmail.com; --
MAULE;Ft;;;;07-1183;26-10-2007;AGRIC.COMERCIAL ORIENTE S.A.;AGRI.COMERCIAL ORIENTE S.A;;;PJ;ARÁNDANO;FRAMBUESO;;C;SAN ANTONIO LAMA;19;276818;6025918;LINARES;LINARES;R;LINARES;0.2;073-451178;;comercialorientesa@gmail.com;
MAULE;;Fo;;;07-1180;18.03.1996;SANTA ELENA;JUAN;SALAZAR;SUAZO;M;EUCALYPTUS;;;C;SERRANO 605;19;266602;6029904;LINARES;LINARES;U;LINARES;0.3;073-213024;;no tiene;
MAULE;;;O;;07-1178;17.04-1984;ORILLA DE MAULE;ABEL;MENDEZ;;M;ORNAMENTALES;FRUTAL;AUTOCTONAS ;C;O. MAULE;19;263133;6058365;LINARES;SAN JAVIER;U;LINARES;0.2;;;no tiene;
MAULE;;;O;;07-1177;21.03.1883;MULTIPLANTAS;RAQUEL;GARRIDO;NARVAEZ;M;ORNAMENTALES;;;C;CRUCE LA PALMA S/N;19;254706;6059530;LINARES;SAN JAVIER;R;LINARES;0.3;81218251;;rmoya@adsl.tie.cl;
MAULE;;;O;;07-1176;05.11.1998;NATURALEZA III;CARLOS;ROSALES;;M;ORNAMENTALES;FORESTAL;AUTOCTONAS ;C;LA BALLICA NORTE;19;270230;6029419;LINARES;LINARES;R;LINARES;1.0;93211073;;jnaturaleza@hotmail.com;
MAULE;;;;;07-1175;17.08.1984;THE GARDEN CENTER;PLACIDO;SOTOMAYOR;QUIROZ;M;ORNAMENTALES;FORESTAL;AUTOCTONAS ;C;OHIGGINS 762;19;265591;6030702;LINARES;LINARES;U;LINARES;0.2;61361586;CASILLA 424 LINARES;no tiene;
MAULE;Ft;;;;07-1172;07.12.1995;CANAIMA III;SOC.AGRI.GAETE Y FISCHER;;;PJ;MANZANO;ARÁNDANO;;C;SAN PEDRO;19;269222;6033661;LINARES;LINARES;R;LINARES;1.0;73-215007;;mariogaeteespinoza@gmail.com;
MAULE;Ft;;;;07-1169;22-07-1983;LAS BRISAS;JUAN CARLOS;SOTOMAYOR;;M;CEREZO;KIWI;CIRUELO;A/C;FUNDO LAS BRISAS;19;277433;6046710;LINARES;COLBUN;R;LINARES;3.0;98876241;;jcjsotomayor@huertoscolbun.cl;
MAULE;Ft;;;;07-1168;20-11-2007;SAN SEBASTIAN;SOC. AGRICOLA MILLAHUE LTDA.;;;PJ;MANZANO;PERAL;;C;SANTA ISABEL, LOS ROBLES;19;253216;6000772;LINARES;RETIRO;R;PARRAL;1,5;73-641000;NO TIENE;jvalenzuela@mfchile.cl;
MAULE;Ft;;;;07-1167;15.11.2007;EL CARDONAL;JUAN;LOZANO;MANZANARES;M;CEREZO;;;C;CALLEJON TODOS LOS SANTOS;19;284572;6123287;CURICÓ;SAGRADA FAMILIA;R;CURICÓ;1.0;92223718;MERINO JARPA 241;NO TIENE;
MAULE;;;O;;07-1165;09.11.2007;LA PLAYA;ERNESTINA;RUZ;ZUÑIGA;F;ORNAMENTALES;;;C;DUAO S/N;18;757732;6134456;CURICÓ;LICANTÉN;R;CURICÓ;0.2;84781726;CALLE PRINCIPAL S/N DUAO;NO TIENE;
MAULE;Ft;;;;07-1159;24-10-2007;ENTRE RIOS;AGRO.ENTRE RIOS LTDA;;;PJ;ARÁNDANO;;;C;FUNDO PARRONALES;19;262769;6027399;LINARES;LINARES;R;LINARES;0.5;73-451143;;cristiantalma@gmail.com;
MAULE;Ft;;;;07-1155;17-10-2007;SAN IGNACIO PRIMERO;ULISES ;ZUÑIGA ;FLORES;M;ARÁNDANO;;;C;LA ORILLA, PARRAL;19;268391;5990412;LINARES;PARRAL;R;PARRAL;0,22;09-1679659;NO TIENE;NO TIENE;NO TIENE
MAULE;Ft;;O;;07-1154;17-10-2007;VIVERO ALMAHUE;AGRICOLA ALMAHUE LTDA.;;;PJ;ARÁNDANO;;;C;CAMINO LOS MOLINOS;19;266584;5990521;LINARES;RETIRO;R;PARRAL;0,3;02-2318200;NO TIENE;NO TIENE;NO TIENE
MAULE;;;O;;07-1151;09-10-2007;FLORES NERUDA ;SOC. FLORES NERUDA LTDA. (CARMEN DUCH);;;PJ;PEONIA;;;C;CAMINO A CATILLO KM. 95;19;253059;5988892;LINARES;PARRAL;R;PARRAL;1;73-461076;NO TIENE;NO TIENE;NO TIENE
MAULE;Ft;;;;07-1147;12-10-2007;QUILLAIMO;HECTOR ;GUZMAN;PARADA;M;ARÁNDANO;FRAMBUESO;;C;HIJUELA 6 A-B QUILLAIMO;19;264526;5990308;LINARES;RETIRO;R;PARRAL;0,0015;73-1970875;NO TIENE;NO TIENE;NO TIENE
MAULE;Ft;;;;07-1146;05.10.2007;LA CALLE;LUIS ;MENARES;CORRALES;M;MANZANO;CEREZO;;C;PARCELA 9, LOTE 4 EL PORVENIR;19;300626;6126120;CURICÓ;CURICO;R;CURICÓ;0.3;;PARC.9 EL PORVENIR LOTE 4;NO TIENE;
MAULE;Ft;;;;07-1145;19.11.2009;SELFRUT;SELFRUT S.A;;;PJ;FRAMBUESO;;;A/C;SITIO 10, SANTA ELENA;19;269494;6096295;LINARES;YERBAS BUENAS;R;LINARES;0.3;82577907;;no tiene;
MAULE;;;O;;07-1141;05.10.2007;LAVANDA;CAROLINE;MUÑOZ;MAGDAHL;F;LAVANDA;;;A/C;PARCELA A 3, FUNDO LA VIRGEN;19;300049;6144591;CURICÓ;TENO;R;CURICÓ;0.001;075-411140;ARTURO PRAT N° 21;NO TIENE;
MAULE;Ft;;;;07-1135;27-9-2007;LAS LOICAS;AGRÍCOLA LAS LOICAS LTDA;;;PJ;ARÁNDANO;;;A;FUNDO EL TOTORAL HIJUELA  2, BOTALCURA;19;246375;6094347;TALCA;PENCAHUE;R;TALCA;2;71-243783;MANUEL MONTT 1141,PROVIDENCIA, SANTIAGO ;cperez@circulotoyota.cl;71-243783
MAULE;;Fo;O;;07-1132;15-07-2009;EL ORIENTE;VIVERO EL ORIENTE LTDA;;;PJ;ORNAMENTALES;;;C;PURISIMA, PARC 1, LOTE 1A;19;269715;6074974;TALCA;TALCA;R;TALCA;0,25;1971364;CASILLA 163, TALCA;carsuter01@hotmail.com;  --
MAULE;Ft;;;;07-113;20.07.2001;BOSQUE NATIVO;DOMINGO;GATICA;GUTIERREZ;M;ARÁNDANO;;;C;SITIO 4 PARCELA 11 LOS MAQUIS;19;330953;6125771;CURICÓ;ROMERAL;R;CURICÓ;0.01;79925516;SITIO 4 PARCELA 11 LOS MAQUIS;NO TIENE;
MAULE;Ft;;;;07-1128;20.07.2008;SAN SEBASTIAN;MIRTA ;SALAZAR;GARRIDO;F;VIVERO SIN EXISTENCIA;;;;CALLEJON LAS ROAS S/N;19;302886;6129301;CURICÓ;ROMERAL;R;CURICÓ;0.5;96778102;AV  RAMON FREIRE CALLEJON LAS ROSAS S /N;NO TIENE;
MAULE;;Fo;;;07-1127;05-09-2007;SANTA MARIA;JOSE ;ALFARO;LANDAETA;M;PINO;;;C;VILLA ROSA;19;253339;5988568;LINARES;PARRAL;R;PARRAL;0,045;73-1973346;NO TIENE;NO TIENE;NO TIENE
MAULE;;;;V;07-1124;31.08.2007;EL ARRIERO;FRANCISCO;CERESUELA;PONS;M;VID;;;C;HIJUELA 2, CALLEJON LO FRANCO;19;299364;6137765;CURICÓ;TENO;R;CURICÓ;0.5;075-431852;AVENIDA RAMON FREIRE 3942, ROMERAL;NO TIENE;
MAULE;Ft;;;;07-1123;13.08.2007;CALIBORO;VIÑA LA RESERVA DE CALIBORO;;;PJ;VID;;;A/C;CALIBORO ALTO;19;239627;6030406;LINARES;SAN JAVIER;R;LINARES;0.25;073-451229;;copazo@caliboro.com;
MAULE;Ft;;;;07-1122;28.08.2007;SAN JUAN;JUAN;CORREA;TOCORNAL;M;VID;;;C;TUTUQUEN BAJO, CALLEJON POTRERILLOS;19;284435;6126722;CURICÓ;CURICO;R;CURICÓ;0.4;;CASILLA 158 CURICO;NO TIENE;
MAULE;Ft;;;;07-112;07.01.2003;SANTA ERIKA;ISABEL;CUBILLOS;MUÑOZ;F;KIWI;;;C;LOTE 15 LONG.SUR KM 184;19;300592;6130289;CURICÓ;ROMERAL;R;CURICÓ;1.0;92659681;KM 184 LONG SUR;NO TIENE;
MAULE;Ft;;;;07-1117;10.08.2007;SAN NICOLAS;PABLO ;CASTRO ;SOTO;M;VIVERO SIN EXISTENCIA;;;;CALL NICOMEDES CASTRO S/N PICHINGAL;19;297927;6111846;CURICÓ;MOLINA;R;CURICÓ;0.25;95321326;CALL NICOMEDES CASTRO S/N PICHINGAL;NO TIENE;
MAULE;Ft;;;;07-1116;17.08.2007;CAROL;BERNARDO;PARDO;OYARCE;M;VIVERO SIN EXISTENCIA;;;;CALLE PRINCIPAL S/N BUENA PAZ;19;302249;6106901;CURICÓ;MOLINA;R;CURICÓ;;92952957;CALLE PRINCIPALS/N BUENA PAZ;NO TIENE;
MAULE;Ft;;;;07-1115;14.08.2007;MONTEFRUTAL;CRISTIAN ;ABUD;CABRERA;M;CEREZO;;;A;PARCELA 79, LA BISCAYA;19;290080;6142896;CURICÓ;TENO;R;CURICÓ;0.4;075-324988;EL PORVENIR, PARCELA 46;amontefrutal@tie.cl;075-324988
MAULE;Ft;;;;07-1113;17-08-2007;SANTA DENISSE;SANDRA;NORAMBUENA ;ALVARADO;F;ARÁNDANO;;;C;SAN DIONICIO;19;278997;6044658;LINARES;COLBUN;R;LINARES;0.3;073-220448;;no tiene;
MAULE;Ft;;;;07-1107;06.08.2007;SAN BENJAMIN;CARLOS;FUENZALIDA;TORRES;M;VIVERO SIN EXISTENCIA;;;;LA ARBOLEDA , TENO;19;300016;6139867;CURICÓ;TENO;R;CURICÓ;0;;POBLAC. GUAIQUILLO, PASAJE EL LAUREL 0306;NO TIENE;
MAULE;Ft;;;;07-1104;19.07.2007;EBENNECER;ISABEL ;VERGARA;MELLA;F;VIVERO SIN EXISTENCIA;;;;SAN JOSE LOTE 3 CALL. LOS FRANCOS PICHINGAL;19;299073;6111015;CURICÓ;MOLINA;R;CURICÓ;;99424389;PARC S JOSE LOT B CALL LO FRANCO PICHINGAL;NO TIENE;
MAULE;Ft;;;;07-1101;06.11.2007;AGUAS CRISTALINAS;GONZALO;ESPINOSA;RODRIGUEZ;M;CEREZO;;;C;PARCELA 36 Y 37 LOS CRISTALES;19;301770;6128235;CURICÓ;CURICO;R;CURICÓ;1.0;;PARCELA 36 LOS CRISTALES;NO TIENE;
MAULE;Ft;;;;07-1089;15-6-2007;VIVERO DEL MAULE;VIVERO DEL MAULE SA;;;PJ;OLIVO;PALMERA;;C;FUNDO QUEPO, S/N;19;251441;6079716;TALCA;PENCAHUE;R;TALCA;1,72;;CASILLA 6- D TALCA;manuelbarrera@olivaresdequepu.cl; ---
MAULE;Ft;;;;07-1084;20.04.2007;LAS ROSAS;CARLOS;DEL PINO;;M;ARÁNDANO;;;A/C;C. A PEÑUELAS;19;266295;6041715;LINARES;YERBAS BUENAS;R;LINARES;0.5;073-226402;casilla 118 LINARES;cdelpinoe@gmail.com;
MAULE;Ft;;;V;07-1083;04.04.2007;STA. FERNANDA;CARLOS;AGUILAR;SANCHEZ;M;VIVERO SIN EXISTENCIA;;;;AGRICOLA STA. MARTA QUECHEREGUAS S/N;19;292646;6112434;CURICÓ;MOLINA;R;CURICÓ;1.0;88687686;RIO BEKER 1603 CURICO.;NO TIENE;
MAULE;Ft;Fo;O;V;07-1062;16-03-2001;Los Robles;Mauricio; Ulloa ;Ewert;M;VID;ARÁNDANO;Pino, Eucaliptus;C;El Arenal;18;760980;6025878;CAUQUENES;CAUQUENES;R;CAUQUENES;0,5;073-511950;Catedral # 340 Depto. 02;mulloa2004@gmail.com;
MAULE;;Fo;;;07-1060;30-01-1998;INIA;INIA CAUQUENES;;;PJ;Tagasaste;;;A;Estacion Experimental;18;744960;6017688;CAUQUENES;CAUQUENES;R;CAUQUENES;0,01;;Km. 3,5 camino a Parral;;
MAULE;Ft;;;;07-1058;08-03-2005;Santa Sofia;Lucia ;Ojeda ;Lopez;F;ARÁNDANO;;;A/C;Fundo Santa Sofia;18;738530;6014494;CAUQUENES;CAUQUENES;R;CAUQUENES;1;073-512182;Km. 7 camino a Pilen;santasofia@tie.cl;073-512182
MAULE;Ft;;;;07-1056;23-08-2002;El Roble Huacho;Silvia Del C.; Guajardo ;Concha;F;ARÁNDANO;;;A;El Roble Huacho;18;732384;6027093;CAUQUENES;CAUQUENES;R;CAUQUENES;0,03;;Chacabuco # 745;;
MAULE;Ft;;;;07-1055;05.04.2006;BEKA JARDINES;CARMEN LUZ  (Beka Jardines);GUZMAN   ;SAN MARTIN;M;ORNAMENTALES;;;C;QUINTA LA LIBERTAD;19;266030;6031198;LINARES;LINARES;U;LINARES;0.2;073-213955;;bekajardines@terra.cl;
MAULE;;Fo;O;;07-1054;27-10-2005;LA PALMERA;JORGE ;MEJIAS ;PENAILILLO;M;CIPRES ;PALMERA;EUCALYPTUS;C;COPIHUE;19;247943;6002286;LINARES;RETIRO;U;PARRAL;0,025;;NO TIENE;NO TIENE;NO TIENE
MAULE;Ft;;;;07-1053;22.09.2005;PLANTAR;RAMON;MORALES;PINO;M;ARÁNDANO;;;C;FDO LA FLOR;19;268326;6030683;LINARES;LINARES;R;LINARES;0.3;98729282;;vorticeingenieria@gmail.com;
MAULE;Ft;;;;07-1046;11.08.2004;EL ROBLE;MANUEL;ORTIZ;;M;ARÁNDANO;;;A;LOS CRISTALES;19;262550;6012654;LINARES;LONGAVI;R;LINARES;0.3;87759815;;no tiene;
MAULE;Ft;;;;07-1043;15.07.2004;LA JOSEFINA;MARIO;GAETE;;M;MANZANO;;;C;LOS BATROS;19;267460;6028731;LINARES;LINARES;R;LINARES;1.0;73-210580;;mariogaeteespinoza@gmail.com;
MAULE;Ft;;;;07-1035;14.05.1998;EL ARRAYAN;EL ARRAYAN LTDA;;;PJ;ARÁNDANO;;;C;LA POSADA;19;269110;6032163;LINARES;LINARES;R;LINARES;0.5;96891450;;lzurita@yahoo.com;
MAULE;Ft;;;;07-1029;20.03.2010;EL ROSAL DE ANCOA;JUAN JORGE;TALMA;GARCIA;M;ARÁNDANO;;;C;RECREO;19;256808;6025994;LINARES;LONGAVI;R;LINARES;1.0;073-212546;;elrosaldeancoa@gmail.com;
MAULE;Ft;;;;07-1028;13.08.2001;SANTA MARIA;AGRIC.STA.MARIA DEL MAULE;;;PJ;MANZANO;PERAL;NOGAL;C;SECTOR GABRIELA  MISTRAL;19;259961;6035903;LINARES;SAN JAVIER;R;LINARES;4.0;071-688032;;fdo@irarrazavalmena.com;
MAULE;;;O;;07-1023;21.12.2004;MIS NIETOS;ROSA;MOYA;RODRIGUEZ;F;ORNAMENTALES;;;C;BARRIO ESTACION;19;257537;6046799;LINARES;VILLA ALEGRE;U;LINARES;0.2;85926185;;no tiene;
MAULE;;;O;;07-1017;12.12.2002;NATURALEZA II;CARLOS;ROSALES;;M;ORNAMENTALES;FORESTAL;AUTOCTONAS ;C;CHACABUCO 202;19;265442;6029570;LINARES;LINARES;U;LINARES;0.2;93211073;;jnaturaleza@hotmail.com;
MAULE;;;O;;07-1015;06.05.2001;NATURALEZA II;CARLOS;ROSALES ;;M;ORNAMENTALES;FORESTAL;AUTOCTONAS ;C;AV. L. BUSTOS 1309;19;263148;6030526;LINARES;LINARES;U;LINARES;0.5;71565258;;jnaturaleza@hotmail.com;
MAULE;;;O;;07-1014;17.04.1984;JARDIN PARAISO;LUIS;CABELLO;;M;ORNAMENTALES;FORESTAL;AUTOCTONAS ;C;CARRETERA 5 SUR;19;262505;6031352;LINARES;LINARES;U;LINARES;0.5;073-214871;;viveroparaiso@gmail.com;
MAULE;;;;V;07-1012;27.03.2006;HUARACULEN;SOC.AGRI.EL ROSARIO LTDA;;;PJ;VID;;;A;HUARACULEN;19;253911;6049492;LINARES;VILLA ALEGRE;R;LINARES;0.3;89204929;;jicovarrubia@hotmail.com;
MAULE;;Fo;;;07-26;23.06.1992;STA VERONICA ;RICARDO ;PONCE ;NORAMBUENA;M;VIVERO SIN EXISTENCIA;;;;SITIO B7 QUILVO ALTO;19;305824;6133102;CURICÓ;ROMERAL;R;CURICÓ;2.0;;CORREO ROMERAL;NO TIENE;
MAULE;Ft;;;;07-25;02-05-1985;SANTA LUCIA;MARIO;TOLEDO;C;M;Guindos;;;C;EL PRADO;;309839;6130271;CURICÓ;ROMERAL;R;CURICÓ;;;EDIF. LA MERCED 255 OF.107;cpinochet@viverosantalucia.com;NO TIENE
MAULE;Ft;;;;07-25;02.07.1985;STA. LUCIA;MARIO ;TOLEDO;CORREA;M;VIVERO SIN EXISTENCIA;;;;PARC.2.GUAICO1;19;309646;6129590;CURICÓ;ROMERAL;R;CURICÓ;0.4;075-431401;CALLEJON LAS ROSAS S/N;NO TIENE;
MAULE;Ft;;;;07-23;20.09.1984;BIOTECNIA;FELIPE ;ESPINOSA ;URZUA;M;VIVERO SIN EXISTENCIA;;;;LONG.SUR KM 185;19;301330;6131607;CURICÓ;ROMERAL;R;CURICÓ;1.0;075-543362;CASILLA  352 CURICO;vitro@biotecnia.cl;
MAULE;Ft;;;;07-21;24.08.1992;SAN ANTONIO;JAIME;MUÑOZ;BAHAMONDEZ;M;;;;C;PARC.3 LOS CARROS;19;299915;6129219;CURICÓ;CURICO;R;CURICÓ;0.5;88211689;CALLEJON LOS LEONES  S/N;NO TIENE;
MAULE;Ft;;;;07-21;17.10.2001;SAN ANTONIO;JAIME;MUÑOZ;BAHAMONDEZ;M;VIVERO SIN EXISTENCIA;;;;PARC.3 LOS CARROS;19;308840;6129684;CURICÓ;ROMERAL;R;CURICÓ;0.4;;CORREO ROMERAL;NO TIENE;
MAULE;Ft;;;;07-20;03.10.2001;ROCIO;JUAN ;GUZMAN ;RIVERO;M;VIVERO SIN EXISTENCIA;;;;CALLEJON LOS LEONES S/N;19;301124;6129307;CURICÓ;ROMERAL;R;CURICÓ;0;;CORREO ROMERAL;NO TIENE;
MAULE;Ft;;;;07-14;05.09.2012;SAN JAVIER;JAVIER ;GUTIERREZ;CARO;M;CEREZO;;;C;TRES ESQUINAS HACIA EL NORTE;19;308860;6129889;CURICÓ;ROMERAL;R;CURICÓ;0.4;;RAMON FREIRE S/N;NO TIENE;
MAULE;Ft;;;;07-13;06.08.1980;EL PORVENIR;JUAN;ALARCON;SUAZO;M;KIWI;CEREZO;MANZANO;A;PARC DOÑA CHEPA COMALLE;19;291997;6141678;CURICÓ;ROMERAL;R;CURICÓ;1.0;075-380676;CASILLA600 CURICO;cerezos@cerezos.com;380676
MAULE;;Fo;O;;07-6;09.03.2001;SAN LUIS;LUIS;GONZALEZ;MEDEL;M;CEREZO;;;C;CALLEJON LOS LEONES S/N;19;301245;6129282;CURICÓ;ROMERAL;R;CURICÓ;0.2;;CORREO ROMERAL;NO TIENE;
MAULE;Ft;;;;07-5;09.03.2000;SAN LUIS;LUIS;GONZALEZ;MEDEL;M;CEREZO;;;C;CALLEJON LOS LEONES S/N;19;301245;6129282;CURICÓ;ROMERAL;R;CURICÓ;0.1;;CORREO ROMERAL;NO TIENE;
MAULE;Ft;;;;07-83;07.08.1997;STA CAMILA;ELIECER ;VERGARA ;VERGARA;M;VIVERO SIN EXISTENCIA;;;;PARCELA N°27 LOTE A2;19;302829;6131321;CURICÓ;ROMERAL;R;CURICÓ;0.5;;RAMON FREIRE N°98;NO TIENE;
MAULE;Ft;;;;07-77;08.09.2004;SAN LUIS;LUIS;NEGRETE ;NEGRETE;M;VIVERO SIN EXISTENCIA;;;;CAMINO VIEJO ROMERAL;19;300236;6128188;CURICÓ;ROMERAL;R;CURICÓ;0.15;075-432135;CORREO ROMERAL;NO TIENE;
MAULE;Ft;;;;07-65;14-07-2004;STA. BERNARDITA;DANIEL;ROJAS;LOPEZ;M;;;;;CALLEJON LA VIÑA ;;312300;6128933;CURICÓ;ROMERAL;R;CURICÓ;;;CORREO ROMERAL;NO TIENE;NO TIENE
MAULE;Ft;;;;07-64;11.08.2004;LA VIÑA;ELIAS;HERNANDEZ;ROJAS;M;VIVERO SIN EXISTENCIA;;;;SITIO 4 CALLEJON LAS VIÑAS ;19;311431;6129586;CURICÓ;ROMERAL;R;CURICÓ;;;CORREO ROMERAL;NO TIENE;
MAULE;Ft;;;;07-60;26.08.1992;AGR.LOS MAITENES;CLAUDIO;ZUÑIGA;GALVEZ;M;VIVERO SIN EXISTENCIA;;;;GUAICO 1 PARCELA 65;19;305882;6131364;CURICÓ;ROMERAL;R;CURICÓ;0.001;;PARCELA 66 GUAICO 1;NO TIENE;
MAULE;Ft;;;;07-49;08.07.2004;TRINIDAD;LEONARDO;IRAGUEN ;VERGARA;M;VIVERO SIN EXISTENCIA;;;;CAMINO ANTIGUO DE ROMERAL;19;300366;6127995;CURICÓ;ROMERAL;R;CURICÓ;;;BRASILIA 394.PARC 9;NO TIENE;
MAULE;;;;V;07-38;09.10.2002;ROMERAL;ARMANDO ;ORELLANA ;CUBILLOS;M;VIVERO SIN EXISTENCIA;;;;SECTOR LAS NIEVES;19;303239;6128964;CURICÓ;ROMERAL;R;CURICÓ;0.8;;AV. ECUADOR VILLA LUJAN #483;NO TIENE;
MAULE;Ft;;;;07-30;17.07.2003;SAN PABLO;FREDDY ;HUERTA;DONOSO;M;VIVERO SIN EXISTENCIA;;;;GUAICO CENTRO - VILLA LOS ALAMOS;19;312594;6128802;CURICÓ;ROMERAL;R;CURICÓ;0.4;;CORREO ROMERAL;NO TIENE;
MAULE;;Fo;O;;07-1648;08-05-2013;VIVERO DE PLANTAS HUENCUECHO SUR;ANGELICA;CORREA;ECHEÑIQUE;F;QUILLAY;PEUMO;ESPINO;C;HUENCUECHO SUR LOTE A HIJUELA PRIMERA;;288572;6079441;TALCA;PELARCO;R;TALCA;0,1;;LAS HUALTATAS 9581, VITACURA SANTIAGO;jeofortuno@gmail. Com;
MAULE;;;;V;07-1649;16-05-2013;LA HILACHA;RUBEN;VERGARA;SILVA;M;VID;;;C;PARCELA N° 30 SANTA TERESA, RETIRO;19;249122;6009884;LINARES;RETIRO;R;PARRAL;1;;AVDA. ESTADIO N° 2244, MOLINA;NO TIENE;
MAULE;Ft;;;;07-1650;03-06-2013;EL NOGAL;PATRICIO ;SANDOVAL;VÁSQUEZ;M;FRUTAL;;;C;POB. QUITO CAMINO CATILLO SITIO 7, PARRAL;19;253096;5991865;LINARES;PARRAL;R;PARRAL;0,0006;;POB. QUITO CAMINO CATILLO SITIO 7, PARRAL;NO TIENE;
MAULE;Ft;;;;07-1571;13-08-2012;SAN IGNACIO ;DOMINGO;GUITERREZ;;M;ARÁNDANO;;;C;HUENUTIL 10-A, CALLE 18 479, PARRAL;19;245018;5997248;LINARES;PARRAL;R;PARRAL;0,015;;CALLE 18  N° 479, PARRAL;NO TIENE;
MAULE;Ft;;;;07-1572;13-08-2012;EL DURAZNO;MANUEL;VELOZO ;MAUREIRA;M;ARÁNDANO;;;C;SITIO N° 13, RINCON VALDES;19;265479;5991976;LINARES;RETIRO;R;PARRAL;0,024;;PADRE HURTADO , PJE 1 N° 119, PARRAL;;
MAULE;;Fo;;;07-1651;13-06-2013;LAS AGUILAS;PARCELAS FORESTALES EL TRAPICHE;;;PJ;PINO RADIATA;;;C;PARCELA N° 251 LOS CANALES;;227793;6091004;TALCA;CUREPTO;R;TALCA;0,25;78081655;NO TIENE;NO TIENE;
MAULE;;;;V;07-1652;13-06-2013;MATIAS CORREA LARRAIN;MATIAS;CORREA;LARRAIN;M;VID;;;C;FUNDO SAN AGUSTIN DE AURORA, SAN CLEMENTE;;273586;6072007;TALCA;SAN CLEMENTE;R;TALCA;1;98873142;CASILLA 71, TALCA;mcorrea@lavinitaltda.cl;98873142
MAULE;Ft;Fo;O;;07-1653;13-06-2013;LA ESPERANZA;MARIA DEL PILAR;GARCIA-HUIDOBRO;CORREA;F;QUILLAY;;;C;FUNDO CENTENARIO S/N°, HUENCUECHO SUR;;286785;6082031;TALCA;PELARCO;R;TALCA;0,5;81393535;PASAJE MIGUEL DE OLIVARES N° 1920, BARRIO TOLEDO, CHILLAN;pilighe@gmail.com;81393535
MAULE;Ft;;;;07-1654;18-06-2013;LA PALMA;CARLOS FABIAN;VALENZUELA;QUITRAL;M;CEREZOS (LAPIN, SWEETEHEAD);;;A/C;FUNDO LA PALMA;19;297813;6139436;CURICÓ;TENO;R;CURICÓ;0,5;;LA PALMA S/N°, TENO;fmaldonado@agq.cl;83563215
MAULE;Ft;;;;07-1655;17-07-2013;GERMITERRA LTDA.;ESTEBAN ;CONTADOR;PACHECO;M;NOGAL;;;A/C;PARCELACION SAN FRANCISCO PARC. 14, LOTE 3;19;242259;6013680;LINARES;RETIRO;R;PARRAL;2;56495290;FUNDO SAN ARMANDO PARCELA 7 LOTE 10;ecpnow1@hotmail.com;
MAULE;Ft;;O;;07-1656;06-08-2013;FLORIDA DEL ALTO;MARIA ISABEL;MIRANDA;RIVADENEIRA;F;;;;A/C;FUNDO FLORIDA EL ALTO, KM. 10, CAMINO LOS NICHES, MARENGO KM. 6 LOS NICHES, LOTE 1, PARCELA 13;19;302403;6117940;CURICÓ;CURICO;R;CURICÓ;4;92183348;CASILLA 186, CURICO;isamiranda@yahoo.com;
MAULE;Ft;Fo;O;;07-1657;19-07-2013;EL OLIVO ;CONSTANZA ;MERY ;GREZ;F;;;;C;59 ORIENTE N° 673, TALCA ;;264354;6073670;TALCA;TALCA;U;TALCA;0,2;(071) 2-245372;59 ORIENTE N° 673, TALCA;alfredoideh@hotmail.com;
MAULE;Ft;;;;07-1658;24-07-2013;SANTA LUCIA;MARIA TERESA;GONZALEZ;ORTEGA;F;;;;A/C;RESERVA SANTA LUCIA, VILLA ALEGRE;19;257386;6044830;LINARES;VILLA ALEGRE;R;LINARES;1;;HIJUELA 5, PEÑUELA DE ARQUEN;curtiduria@gmail.com;
MAULE;Ft;;;;07-1659;29-07-2013;BUENAVENTURA;PATRICIO OMAR;SEGUEL;GRENCI;M;;;;A/C;CHACRA SAN JOAQUIN S/N°, SARMIENTO;19;298587;6131629;CURICÓ;CURICO;R;CURICÓ;0,9;93497193;CASILLA 322, CURICO;pseguel@yahoo.es;
MAULE;Ft;;;;07-1660;07-08-2013;LA ESPERANZA DE BOTALCURA;SOCIEDAD AGRICOLA LA ESPERANZA LTDA.;;;PJ;NOGAL;;;A/C;FUNDO EL TOTORAL HIJUELA N° 2;19;246496;6094376;TALCA;PENCAHUE;R;TALCA;1;92330054;AV. SAN MIGUEL N° 3010, TALCA;gmunoz@circuloautos.cl;
MAULE;Ft;;;;07-1661;20-08-2013;SAN FRANCISCO;SOCIEDAD AGRICOLA SAN FRANCISCO;;;PJ;ARÁNDANO;;;A/C;FUNDO SAN FRANCISCO, PARRAL;18;765075;6011540;LINARES;PARRAL;R;PARRAL;0,0018;54166575;URRUTIA N° 240;astrid.arellano.p@gmail.com;
MAULE;Ft;;;;07-1662;27-08-2013;TRINIDAD;RICARDO ;HARRIS;FLORES;M;CEREZO;;;A/C;P.P. LA PRIMAVERA PARC. 10;19;279358;6123841;CURICÓ;SAGRADA FAMILIA;R;CURICÓ;2;2314712;YUNGAY N° 338;harris1957@gmail.com;
MAULE;Ft;;;;07-1663;27-08-2013;VIVERO PATTY;LUIS ALBERTO;LOZANO;RAMIREZ;M;CEREZO;;;A/C;FUNDO SANTA ADRIANA HIJUELA N° 2;19;304358;6112384;CURICÓ;CURICO;R;CURICÓ;0,25;2223230;ARTURO PEREZ DEL CANTO N° 529, ESQUINA AV. ESPAÑA;agricolan.lozano@gmail.com;
MAULE;;;;V;07-1664;29-08-2013;EL CONDOR;NICOLAS ;MORALES;SEPULVEDA;M;VID;;;A/C;SAN HILARIO, CERRILLO BASCUÑAN;19;291684;6110609;CURICÓ;MOLINA;R;CURICÓ;2;67272210;PARCELA 6, HUAÑUÑE, LOS NICHES;;
MAULE;Ft;Fo;O;V;07-1665;13-09-2013;LOS ÁLAMOS;JAIME ALEXIS;CAMPOS;BRAVO;M;TOMATE;ACACIA;VID;A/C;TRES ESQUINAS;18;744293;5997531;CAUQUENES;CAUQUENES;R;CAUQUENES;0,5;73-2513899;CLAUDINA URRUTIA 103, CAUQUENES;jaimecamposbravo@gmail.com;
MAULE;Ft; ; ; ;07-1666;26-09-2013;EL DESCANSO, SAN ANDRÉS DE CUNACO;EL DESCANSO LTDA; ; ;PJ;CEREZO; ; ;A/C;FUNDO SAN ANDRÉS DE CUNACO;19;255162;6041449;LINARES;VILLA ALEGRE;R;LINARES;1; ;FUNDO SAN ANDRÉS DE CUNACO, VILLA ALEGRE;descansoltda@gmail.com;
MAULE;Ft; ; ; ;07-1667;04-10-2013;HUERTOS BELEN;CECILIA DEL CARMEN;HERNÁNDEZ;CRUZATT;F;FRAMBUESO; ; ;A/C;QUILVO ALTO, PARCELA SAN JOSÉ, LOTE D;19;304698;6134064;CURICÓ;ROMERAL;R;CURICÓ;0,01; ;VILLA ROMERAL, PASAJE NUEVO TRES, CASA N°53, ROMERAL;huertosbelen@hotmail.com;
MAULE; ; ; ;V;07-1668;14-10-2013;CANAL;DANIEL;JAQUE;JAQUE;M;VID; ; ;C;MELOZAL  ;19;244387;6040002;LINARES;SAN JAVIER;R;LINARES;1,5; ;MELOZAL; ;
MAULE;Ft; ; ; ;07-1669;21-10-2013;VIVEROS CORREA;AGRÍCOLA CORREA MORALES; ; ;PJ;MORA;FRAMBUESO; ;C;FUNDO SANTA LUCIA, GUAICO 3;19;317225;6129651;CURICÓ;ROMERAL;R;CURICÓ;0,02; ; ;seba.adolf@gmail.com;
MAULE; ; ;O; ;07-1670;21-10-2013;EDILY;CECILIA;BORQUEZ;ROSALES;F;ROSAL; ; ;C;LA LAGUNA SITIO 33;19;319128;6130137;CURICÓ;TENO;R;CURICÓ;0,4;65176432; ; ;
MAULE;Ft; ; ; ;07-1671;21-10-2013;AGRICOLA EL AROMO;AGRÍCOLA EL AROMO S.A.; ; ;PJ;CEREZO; ; ;A;FUNDO SAN PABLO 2 HIJUELA B;19;311082;6128951;CURICÓ;ROMERAL;R;CURICÓ;0,5;75-2431259; ;jaimesalase@gmail.com;
MAULE;Ft; ; ; ;07-1672;21-10-2013;SANTA HILDA;CLAUDIO EUGENIO;NUÑEZ;GUEVARA;M;CEREZO; ; ;A/C;NINA SANTA HILDA, SAGRADA FAMILIA;19;289738;6121427;CURICÓ;SAGRADA FAMILIA;R;CURICÓ;0,5; ;CASILLA 37, SAGRADA FAMILIA;cnunezguevara@gmail.com;
MAULE;Ft; ; ; ;07-1673;21-10-2013;ALONSO;ANGELICA MARIA;BAHAMONDES;VARGAS;M;FRAMBUESO; ; ;A/C;CALLEJÓN LAS VIÑAS, GUAICO 2;19;311435;6129631;CURICÓ;ROMERAL;R;CURICÓ;0,15; ;CORREO ROMERAL; ;
MAULE; ; ;O; ;07-1674;21-10-2013;EL ESPINO;FERNANDO GABRIEL;MACHUCA;ABARCA;M;ROSAL; ; ;C;LA LAGUNA DE TENO, SITIO 32;19;319239;6130169;CURICÓ;TENO;R;CURICÓ;0,25; ;SANTA FILOMENA DE NOS, SAN BERNARDO; ;
MAULE;Ft; ; ; ;07-1675;21-10-2013;MELIPULLI;SOC.HUERTOS MELIPULLI LTDA.; ; ;PJ;CEREZO; ; ;C;CAMINO LA MONTAÑA KM 1,5;19;308527;6140320;CURICÓ;TENO;R;CURICÓ;0,37;86565240;CAMINO LA MONTAÑA KM 1,5;javi.munita@gmail.com;
MAULE;Ft; ; ; ;07-1676;21-10-2013;SARMIENTO CENTRO;JUAN LUIS;FARÍAS;NEIRA;M;CEREZO;PERAL; ;C;SARMIENTO CENTRO, CALLE CURICÓ, CASA 975;19;298965;6131524;CURICÓ;CURICÓ;R;CURICÓ;0,5; ;SARMIENTO CENTRO, CALLE CURICÓ, CASA 975; ;
MAULE;Ft; ; ;V;07-1677;21-10-2013;SANTA CARMEN;INES ESCOBAR S.A.; ; ;PJ;CEREZO;PERAL;VID;A;FUNDO SANTA CARMEN, CAMINO A VILLA PRAT S/N;19;276708;6120888;CURICÓ;SAGRADA FAMILIA;R;CURICÓ;0,5;75-2576100;637 CURICÓ;josemiguel@diezescobar.cl;
MAULE;Ft; ; ; ;07-1678;21-10-2013;SANTA REBECA;LUIS ALBERTO;CUEVAS;CUEVAS;M;CEREZO;PERAL;MANZANO;C;ASOCIACIÓN LEÓN, ROMERAL BAJO, CALLEJÓN LOS LEONES S/N;19;301095;6129038;CURICÓ;ROMERAL;R;CURICÓ;1; ;ASOCIACIÓN LEÓN, ROMERAL BAJO, CALLEJÓN LOS LEONES S/N;josemiguel@diezescobar.cl;
MAULE;Ft; ; ;V;07-1679;21-10-2013;LOS COPIHUES;JAIME;PIZARRO;LEYTON;M;CEREZO;VID; ;A;CERRILLO BASCUÑAN, MOLINA;19;289440;6110240;CURICÓ;MOLINA;R;CURICÓ;0,4; ;CASILLA 695, CURICÓ;jaimepl@entelchile.net;
MAULE;Ft; ; ; ;07-1680;21-10-2013;CACHENCHO;RICARDO ARTURO;BENAVIDES ;CORREA;M;CEREZO; ; ;A/C;CALLEJÓN LAS ROSAS S/N, ROMERAL;19;302987;6129328;CURICÓ;ROMERAL;R;CURICÓ;0,25; ;PRAT 762, CURICÓ;eventosbenavides.rb@gmail.com;
MAULE; ; ; ;V;07-1681;21-10-2013;SAN JOSÉ;NORA DEL CARMEN;IZETA;M.;F;VID; ; ;A;PARCELA 17 JUAN XXIII, SAGRADA FAMILIA;19;287611;6122037;CURICÓ;SAGRADA FAMILIA;R;CURICÓ;0,15; ;PARCELA 17 JUAN XXIII, SAGRADA FAMILIA; ;
MAULE;Ft; ; ; ;07-1682;21-10-2013;PATRICIA;PATRICIA;PADILLA;LIZANA;F;CEREZO; ; ;A/C;CALLEJÓN LOS LEONES, ROMERAL;19;300996;6129113;CURICÓ;ROMERAL;R;CURICÓ;0,2; ;CORREO ROMERAL; ;
MAULE;Ft; ; ; ;07-1683;21-10-2013;RENA VIVEROS;VIVIANA;SEPÚLVEDA;ASTORGA;F;MANZANO;CEREZO; ;C;SANTA FILOMENA, SECTOR LAS PIEDRAS, LOS NICHES;19;305960;6112836;CURICÓ;CURICÓ;R;CURICÓ;0,5; ; ;viviana_seas@hotmail.com;
MAULE;Ft; ; ; ;07-1684;21-10-2013;EL INVERNADERO;SERGIO ;CARRASCO;DIAZ;M;FRAMBUESO; ; ;C;AV.LAS CANTERAS S/N, ROMERAL;19;302906;6129276;CURICÓ;ROMERAL;R;CURICÓ;0,01; ; ;sergiocarrascodiaz@hotmail.com;
MAULE;Ft; ; ; ;07-1685;21-10-2013;EL PROGRESO;SERGIO ENRIQUE;VILLASECA;GONZALEZ;M;CEREZO; ; ;C;VISTA HERMOSA , LOTE 1, PARCELA 19, SARMIENTO;19;300336;6135861;CURICÓ;CURICÓ;R;CURICÓ;0,2; ;POB.EL PROGRESO, 18 DE SEPTIEMBRE N°26, SARMIENTO; ;
MAULE;Ft; ; ; ;07-1686;21-10-2013;DANIELA;VICTOR;MARTINEZ;OLAVE;M;CEREZO; ; ;C;AV.TRAPICHE PJE. 8, EL PERAL S/N, SAGRADA FAMILIA;19;290657;6121286;CURICÓ;SAGRADA FAMILIA;R;CURICÓ;0,5; ;CALLEJÓN LOS LEONES S/N, ROMERAL / CORREO ROMERAL;danymartiz@gmail.com;
MAULE;Ft;;;;07-1687;20-12-2013;SAN VICENTE;VICTOR;ROJAS;LOPEZ;M;FRAMBUESO;MORA;;C;PARCELA 4 PROY.POB.SAN MANUEL LOTE 7, ROMERAL;19;312731;6128912;CURICÓ;ROMERAL;R;CURICÓ; ;98720895;;;
MAULE;;;O;;07-1688;20-12-2013;MS VIVEROS;MARCELO ALEJANDRO;SANTELICES;ORELLANA;M;LIQUIDAMBAR;ACER JAPONICO;ROBLE AMERICANO;C;EL SAUCE A PICHINGAL S/N, MOLINA;19;298644;6111442;CURICÓ;MOLINA;R;CURICÓ;0,7;;PJE.MOSELA N°1188, RUCATREMO, CURICÓ;marcelosantelices@msriego.cl;
MAULE;Ft;;;;07-1689;20-12-2013;LA CAÑADA;LUIS;GUTIERREZ;LEYTON;M;CEREZO;; ;C;CHACRA SANTA LAURA, ROMERAL;19;301106;6128900;CURICÓ;CURICÓ;R;CURICÓ;0,15;2317842;YUNGAY N°227, CURICÓ;;
MAULE;Ft;;;;07-1690;20-12-2013;JOSÉ GREGORIO FLORES;JOSÉ GREGORIO;FLORES;MUÑOZ;M;CEREZO;;;C;LOTE 1 LA FORTUNA, PALQUIBUDI, RAUCO;19;269544;6120102;CURICÓ;RAUCO;R;CURICÓ;1;;HUESCA 738, CURICÓ;jgfloresm@yahoo.es;
MAULE;Ft;;;;07-1691;20-12-2013;LA ESPERANZA;BERNABÉ;QUIDEL;LL.;M;CEREZO;;;C;SANTA ELVIRA SECTOR LAS NIEVES, ROMERAL;19;303040;6129140;CURICÓ;ROMERAL;R;CURICÓ;0,25;;RAMON FREIRE-STA.ELVIRA-SECTOR LAS NIEVES;bernaquidel@hotmail.com;
MAULE;;;;V;07-1692;20-12-2013;EL SAUCE;JUAN DE LA CRUZ;URZUA;URZUA;M;VID;;;A/C;PARCELA 31, PP JUAN XXIII, SAGRADA FAMILIA;19;287122;6123280;CURICÓ;SAGRADA FAMILIA;R;CURICÓ;0,5;;CALLE LO VALDIVIA 131, LO VALDIVIA, SAGRADA FAMILIA;;
MAULE;;;;V;07-1693;20-12-2013;SAN MANUEL;ELBA;AVILEZ;SILVA;F;VID;;;A;AV.LA ISLA 961, PREDIO SAN JOSÉ;19;291016;6122019;CURICÓ;SAGRADA FAMILIA;R;CURICÓ;;;AV.LA ISLA 961, SAGRADA FAMILIA;;
MAULE;Ft;;;;07-1694;20-12-2013;AGRÍCOLA SANTA CAROLINA DEL TRAPICHE;MARIO;EDWARDS;GARCES;M;PERAL;;;A/C;SANTA MARÍA, TRAPICHE BAJO S/N, SAGRADA FAMILIA;19;290613;6123449;CURICÓ;SAGRADA FAMILIA;R;CURICÓ;1;075-471053;CASILLA 21-D, CURICÓ;comercializadora@ctrnet.cl;
MAULE;Ft;;;;07-1695;20-12-2013;SAN ANTONIO;SOLANO ANTONIO;VALENZUELA;CALDERÓN;M;CEREZO;MANZANO;;C;PARCELA 40, LOS CRISTALES, LOTE E, CURICÓ;19;302882;6128150;CURICÓ;CURICÓ;R;CURICÓ;1;;PARCELA 40, LOS CRISTALES, LOTE E, CURICÓ;;
MAULE;Ft;Fo;O;;07-1696;20-12-2013;ISABER;INVERSIONES SANTA BERTINA;;;PJ;OLIVO;MAQUI;DAFNE;A/C;LA CHACARILLA S/N, RUTA K-175, CAMINO A RADAL 7 TAZAS;19;309393;6091531;CURICÓ;MOLINA;R;CURICÓ;0,08;;ALONSO DE CORDOVA 5670, PISO 9, LAS CONDES;atagini@santabertina.cl;
MAULE;;;;V;07-1697;20-12-2013;AGRICOLA RIO PUELO;NELSON JACOBO;ZAGMUTT;POBLETE;M;VID;;;C;FUNDO LOS AMIGOS, SAGRADA FAMILIA;19;280800;6124021;CURICÓ;SAGRADA FAMILIA;R;CURICÓ;1;;AVDA.OSSA 1000, DEPTO. 23;nzagmutt@soldechile.cl;
MAULE;Ft;;;;07-1698;20-12-2013;AGRÍCOLA SUR;AGRICOLA SUR LTDA.;;;PJ;CEREZO;;;C;CAMINO BUENA FE S/N, MOLINA, LOS BAMBUES;19;294133;6107248;CURICÓ;MOLINA;R;CURICÓ;12;75-2412008;LONGITUDINAL SUR KM 174, TENO;viverosur@viverosur.com;
MAULE;Ft;;;;07-1699;20-12-2013;DALPANE VIVAL CHILE;DALPANE VIVAL CHILE;;;PJ;KIWI;;;C;PIEDRA BLANCA S/N, SECTOR LA TINAJA, TENO;19;300270;6137254;CURICÓ;TENO;R;CURICÓ;9;75-2412008;LONGITUDINAL SUR KM 174, TENO;viverosur@viverosur.com;
MAULE;Ft;;;;07-1700;02-01-2014;EMILIA;RENE ;VILLEGAS;VALLEJOS;M;AVELLANO EUROPEO;;;A/C;KM 6 RETIRO SANTA DELFINA, SAN ISIDRO;19;253362;6004089;LINARES;RETIRO;R;PARRAL;2; ;LOS ULMOS 1804, VILLARRICA;r.07villegas04@gmail.com;
MAULE;Ft;;;;07-1701;17-02-2014;SAN ALBERTO;AGRÍCOLA CAMINO ALTO; ; ;PJ;MANZANO;CEREZO;NOGAL;A/C;CAMINO RUTA VILLASECA KM 13,2;19;247735;6022604;LINARES;RETIRO;R;PARRAL;2;94360519;CAMINO RUTA VILLASECA KM 13,2;h2pinto@gmail.com;
MAULE;Ft;;;;07-1702;20-02-2014;CORREA JACQUES;AGRÍCOLA CORREA JACQUES LTDA.; ; ;PJ;CEREZO; ; ;A/C;LOTE A, PARCELA 7, SAGRADA FAMILIA;19;275106;6117116;CURICÓ;SAGRADA FAMILIA;R;CURICÓ;0,5;96795544;LOTE A, PARCELA 7, SAGRADA FAMILIA;viverocj@gmail.com;
MAULE; ;;;V;07-1703;20-02-2014;LA CRUZ;JOSÉ ;PUERTAS;ESTEBAN;M;VID; ; ;A;CAMINO LOS GUINDOS S/N CURICÓ;19;297377;6134173;CURICÓ;CURICÓ;R;CURICÓ;0,63;75-2978048;CAMILO HENRÍQUEZ 425, CURICÓ;fundosanfrancisco@gmail.com;
MAULE; ;Fo;O; ;07-1704;17-03-2014;LAS PALMAS DE BOTALCURA;AGRÍCOLA LAS PALMAS DE BOTALCURA LTDA.; ; ;PJ;ARAUCARIA;PALMAS CHILENAS;CHAGUAL;C;RINCONADA DE BOTALCURA S/N;;245639;6069589;TALCA;PENCAHUE;R;TALCA;1;98208486;RINCONADA DE BOTALCURA S/N;c.delrio@vtr.net;02-22281688
MAULE;Ft; ; ; ;07-1705;09-04-2014;LOS 4;AGRÍCOLA LOS 4 LTDA.; ; ;PJ;CEREZO; ; ;A;PARTE FUNDO SAMPIERDARENA;;;;CURICÓ;SAGRADA FAMILIA;R;CURICÓ;0,8;98712737;CASILLA 546 CURICO;rafaelhojasdelvalle@gmail.com; 
MAULE;Ft; ; ; ;07-1706;15-04-2014;SOCIEDAD AGRÍCOLA EL ARROYO LTDA.;SOCIEDAD AGRÍCOLA EL ARROYO LTDA.; ; ;PJ;CEREZO; ; ;C;PC 2 SAN CAMILO Y LAS ROSAS;19;287572;6111013;CURICÓ;MOLINA;R;CURICÓ;1;94195322;CAMINO A ZAPALLAR S/N, CURICÓ;contacto@caminoviejo.cl; 
MAULE;Ft; ; ; ;07-1707;25-04-2014;QUIMERA;AGRICOLA Y FRUTICOLA LINARES DE PERALES LTDA.; ; ;PJ;CEREZO;MANZANO; ;A/C;FUNDO LA QUIMERA S/N, MAULE;19;241820;6069299;TALCA;MAULE;R;TALCA;0,5;98181764;37 ORIENTE 2 1/2 NORTE CASA 10;francisco.letelier@gmail.com; 
MAULE;Ft; ; ; ;07-1708;25-04-2014;CASAS VIEJAS;JOSÉ HUMBERTO;MONTECINO;URZUA;M;MANZANO; ; ;C;CAMINO CONSTITUCIÓN A PUTÚ; ;747055;6098383;TALCA;CONSTITUCION;R;TALCA;1,5;87690635;"O""HIGGINS N°1102, CONSTITUCIÓN";rojas_rivera_carmen@hotmail.com; 
MAULE;Ft; ;O; ;07-1709;05-05-2014;JARDIN DANIELA;NANCY;CACERES;CANCINO;F;ORNAMENTALES;FRUTAL; ;C;PANGUILEMU KM 247, TALCA;19;263312;6081136;TALCA;TALCA;R;TALCA;0,1;071-2231185;PANGUILEMU KM 247, TALCA;jardinornamentaldaniela@gmail.com; 
MAULE;Ft;Fo;O; ;07-1710;19-05-2014;ALIWEN;MARIA ANGELICA;Bravo ;MORA ;F;NATIVAS;FRAMBUESO;EUCALYPTUS;A/C;BUENA UNIÓN 642, HIJUELA 2-A, MOLINA;19;294035;6109992;CURICÓ;MOLINA;R;CURICÓ;0,25;51368878;AVDA.ORIENTE 1484, MOLINA;angelicabravomora@gmail.com; 
MAULE;Ft; ; ; ;07-1711;19-05-2014;LA CASONA;AGRICOLA LA CASONA DE ZAPALLAR LTDA.; ; ;PJ;CEREZO;CIRUELO;MANZANO;C;LOTE A DEL LOTE 2 S/N, FUNDO SANTA SOFIA, CURICÓ;19;304913;6118952;CURICÓ;CURICO;R;CURICÓ;0,5;96401813;HERNANDO DE MAGALLANES 311, CURICO;leonardo.contreras@copefrut.cl; 
MAULE;Ft; ;O; ;07-1712;02-06-2014;JARDINERÍA MAVE;MARIA MAGDALENA;PAVEZ;ESCOBAR;F;ORNAMENTALES;CITRICOS; ;C;PROYECTO PARCELACIÓN SAN VALENTÍN LOTE 1 C;19;263526;6077299;TALCA;TALCA;R;TALCA;0,07;76520201;JARDIN DEL ESTE 33 ORIENTE C 7 SUR 3671, TALCA;jardineria.mave@hotmail.com; 
MAULE;Ft; ; ; ;07-1713;02-06-2014;LA DOMINGA;EXP. Y FRUTÍCOLA ESMERALDA LTDA.; ; ;PJ;ARÁNDANO; ; ;C;ESPERANZA S/N, VILLA ALEGRE;19;262509;6046294;LINARES;VILLA ALEGRE;R;LINARES; ;78645939;ESPERANZA S/N, VILLA ALEGRE, HUERTO LA DOMINGA;emendez@phcorp.cl; 
MAULE;Ft; ; ; ;07-1714;02-06-2014;EL QUIÑE;SOC.AGRICOLA SAN RAFAEL LTDA.; ; ;PJ;PERAL;MANZANO; ;C;CAMINO LA PUNTILLA S/N, LONGAVÍ, HUERTO EL QUIÑE;19;268820;6021787;LINARES;LONGAVI;R;LINARES; ;073-1970343;CAMINO LA PUNTILLA S/N, LONGAVÍ, HUERTO EL QUIÑE;emendez@phcorp.cl; 
MAULE;Ft; ; ; ;07-1715;03-06-2014;VIVERO TRES MAITENES;CARLOS;SEREY;VARGAS;M;NOGAL; ; ;C;CAMINO SANTA DELFINA, FUNDO EL LINGUE;19;261839;5997562;LINARES;RETIRO;R;PARRAL;1,5;98026151;CAMINO SANTA DELFINA, FUNDO EL LINGUE;carlossereyvar@gmail.com; 
MAULE;Ft; ; ; ;07-1716;03-06-2014;TRES MAITENES;CARLOS;SEREY;VARGAS;M;NOGAL;ARÁNDANO; ;C;CAMINO A VILLASECA KM 17, RETIRO;19;247802;6023983;LINARES;RETIRO;R;PARRAL;0,35;98026151;CAMINO A VILLASECA KM 17, PREDIO EL ALAMO;carlossereyvar@gmail.com; 
MAULE;Ft; ; ; ;07-1717;05-06-2014;VIFRUT LTDA.;COMERCILIZADORA VIFRUT LTDA.; ; ;PJ;FRAMBUESO; ; ;C;RETAZO, PARCELA 3, LLANCANAO;19;273538;6023885;LINARES;LINARES;R;LINARES;0,3;86758090;LLANCANAO S/N, LINARES;frutasmaservicios@gmail.com; 
MAULE;Ft; ; ; ;07-1718;01-08-2014;SAN JOSE DE ARQUÉN;CRISTIAN;BARROS;ACUÑA;M;NOGAL; ; ;A;ORILLA DE MAULE;19;268585;6054821;LINARES;YERBAS BUENAS;R;LINARES;0,25;91811703;GRANADEROS 1185, SANTIAGO;franciscocelisg@hotmail.com; 
MAULE;Ft; ; ; ;07-1719;01-08-2014;CIPRÉS 2;SERGIO;ABDALA;MATUS;M;NOGAL; ; ;A;PARC.39 EL CARMEN;19;268674;6002000;LINARES;LONGAVI;R;LINARES;0,25;73-2451215;CASILLA 583, LINARES;agrisam@tie.cl; 
MAULE;Ft; ;O; ;07-1720;21-08-2014;GENBERRIES;SOCIEDAD DE MEJORAMIENTO GENETICO DE BERRIES LTDA; ; ;PJ;ARÁNDANO;FRAMBUESO;FRUTILLA;C;ESTACIÓN EXPERIMENTAL PANGUILEMO, RUTA 5 SUR 245;19;264167;6082798;TALCA;TALCA;R;TALCA;1,23;71-2200274;ESTACIÓN EXPERIMENTAL PANGUILEMO, KM 245;msaavedrac@gmail.com; 
MAULE;Ft; ; ; ;07-1721;26-08-2014;LA PALMA;MARY PAZ;LOZANO;AGUILERA;F;CEREZO; ; ;A/C;PARCELA SANTA LUCÍA, TODOS LOS SANTOS;19;284607;6124219;CURICÓ;SAGRADA FAMILIA;R;CURICÓ;0,5;91395668;MERINO JARPA 241, CURICÓ;lozanoaguileramarypaz@gmail.com; 
MAULE;Ft; ; ; ;07-1722;26-08-2014;EL FOSO DE PRADO;SOCIEDAD VIVERO EL FOSO DE PRADO; ; ;PJ;CEREZO;MANZANO; ;A/C;PARCELA 4 PP HACIENDA TENO, LOTE 2;19;296969;6137105;CURICÓ;TENO;R;CURICÓ;1;79796529;CASILLA 244, CURICÓ;viveroelfosodeprado@gmail.com; 
MAULE;Ft;Fo;O;V;07-1723;04-09-2014;LAS ESCALERAS;MICEL DEL CARMEN;RIVERA;RIVERA;M;MANZANO;CEREZO;PERAL;C;LAS ESCALERAS S/N, SITIO N°2, RAUCO;19;288564;6132456;CURICÓ;RAUCO;R;CURICÓ;0,1;76147570;LAS ESCALERAS S/N, RAUCO;viveroslasescaleras@gmail.com; 
MAULE;Ft; ; ; ;07-1724;04-09-2014;AGRICOLA Y FRUTICOLA LAS CAMELIAS-TENO LTDA.;AGRICOLA Y FRUTICOLA LAS CAMELIAS-TENO LTDA.; ; ;PJ;CEREZO; ; ;A/C;CAMINO LOS LAGARTOS KM 5,5, TENO;19;308342;6135762;CURICÓ;TENO;R;CURICÓ;0,75;99972597;CASILLA 390, CURICÓ;jmurzuau@gmail.com; 
MAULE;Ft; ; ; ;07-1725;04-09-2014;KEKA;SERGIA;FUENTES; ;F;AVELLANO EUROPEO; ; ;A;PAIHUEN S/N, SECTOR LAS MERCEDES-PAIHUEN, LONGAVÍ;19;258568;6004309;LINARES;LONGAVI;R;LINARES;1,5;98875806;CASILLA 307, LINARES;hortis@hortisem.cl;073-2215071
MAULE;Ft; ; ; ;07-1726;10-09-2014;FRUTALES MAULE;AMADOR MATÍAS;ROJAS;AGUIRRE;M;FRAMBUESO; ; ;C;PARCELA 3, SITIO 3, SECTOR PORVENIR, ROMERAL;19;311423;6129638;CURICÓ;ROMERAL;R;CURICÓ;0,5;76030050;VILLA LOS ALAMOS, ROMERAL;vivefrut.mau@hotmail.com; 
MAULE;Ft; ; ; ;07-1727;01-10-2014;SANTA ELVIRA;FELIX RAFAEL;GARRIDO;LARSON;M;CEREZO; ; ;A/C;FUNDO STA.ELVIRA, CALLEJÓN ANGOSTO S/N;19;300518;6129340;CURICÓ;ROMERAL;R;CURICÓ;0,8;84305546;FUNDO SANTA ELVIRA, CALLEJÓN ANGOSTO S/N, ROMERAL;polosanisidro@gmail.com; 
MAULE;Ft; ; ; ;07-1728;01-10-2014;SOCIEDAD AGRÍCOLA EL MAITÉN LTDA.;CESAR;GODOY;HERNÁNDEZ;M;CEREZO; ; ;A/C;AV.LIBERTAD N°390, ROMERAL;19;305087;6129221;CURICÓ;ROMERAL;R;CURICÓ;0,5;78054328;AV.LIBERTAD N°390, ROMERAL;cgodoyhernandez@gmail.com; 
MAULE;Ft; ; ; ;07-1729;01-10-2014;MATÍAS;NOE ANGEL;CONCHA;LÓPEZ;M;CEREZO; ; ;A/C;CRUCE LA CABAÑA/LOS LIRIOS, CURICÓ;19;298990;6134181;CURICÓ;CURICÓ;R;CURICÓ;0,2;99584835;SARMIENTO, LOS LIRIOS, S/N, CURICÓ;; 
MAULE;Ft; ; ; ;07-1730;01-10-2014;SAN PEDRO;ALEX;SOTO ;ULLOA;M;ARÁNDANO; ; ;A;RINCÓN VALDÉS, RETIRO;19;265688;5991369;LINARES;RETIRO;R;PARRAL;0,0021;56444284;EL EUCALIPTUS, HIJUELA 2, RICÓN VALDÉS, RETIRO;; 
MAULE;Ft; ; ; ;07-1731;08-10-2014;DON RAUL;RAUL DEL CARMEN;ALVAREZ;MALDONADO;M;CEREZO; ; ;A/C;PARCELA 20, PP VIÑA PARIS, SARMIENTO;19;300488;6135659;CURICÓ;CURICO;R;CURICÓ;1;74205977;PARCELA 15, PP VIÑA PARIS S/N, RINCON DE SARMIENTO;rorellana@solymarchile.cl; 
MAULE;Ft; ; ; ;07-1732;08-10-2014;ALTOS DE ROMERAL;SOC.AGRICOLA ALTOS DE ROMERAL LTDA.; ; ;PJ;CEREZO; ; ;A/C;CORDILLERILLA S/N, CAMINO A POTRERO GRANDE, LOS NICHES;19;304289;6111162;CURICÓ;CURICO;R;CURICÓ;0,5;2431625;CORREO ROMERAL;hescarate@gmail.com; 
MAULE; ;Fo;O; ;07-1733;08-10-2014;SAN MANUEL;HUMBERTO;DONOSO ;GALVEZ;M;QUILLAY;EUCALYPTUS;CANELO;C;CAMINO LOS NICHES KM 2,5, CURICO;19;297121;6124054;CURICÓ;CURICO;R;CURICÓ;1;94996320;SAN JOSE 61, CURICÓ;hdonosogalvez@hotmail.com; 
MAULE;Ft; ; ; ;07-1734;08-10-2014;LABORATORIO EL KEULE;PAULA JIMENA;JUBAL;MORALES;F;CEREZO; ; ;C;LOTE 9, PARCELACION EL ALBA, SECTOR EL PORVENIR;19;301536;6124447;CURICÓ;CURICO;R;CURICÓ;0,25;78986886;CASILLA 188, CURICO;paulajubal@hotmail.com; 
MAULE;Ft; ; ; ;07-1735;08-10-2014;SANTA MONICA;JORGE EMILIO;DIAZ;CORNEJO;M;CEREZO;MANZANO; ;A/C;PARCELA 8, EL PORVENIR;19;301024;6126100;CURICÓ;CURICO;R;CURICÓ;0,25;85847111;PARCELA 8, EL PORVENIR; ; 
MAULE; ; ;O; ;07-1736;08-10-2014;JARDIN CHILE;MARIA TERESA;OJEDA;BEAUMONT;F;SPIREAS;BOJ;ROSAL;C;LONGITUDINAL SUR KM 187, ROMERAL;19;299027;6127644;CURICÓ;ROMERAL;R;CURICÓ;1,36;9-75887802;LONGITUDINAL SUR KM 187, ROMERAL;mojedabeau@gmail.com; 
MAULE;Ft; ; ; ;07-1737;08-10-2014;SAN PABLO;PABLO CESAR;GUTIERREZ;GONZALEZ;M;CEREZO; ; ;C;PARCELA EL AROMO, LOTE B, LA ISLA;19;289828;6123145;CURICÓ;SAGRADA FAMILIA;R;CURICÓ;1;84306587;VILLA DON MATIAS, PSJE.OHIGGINS 75, CURICO; ; 
MAULE;Ft; ; ; ;07-1738;08-10-2014;LOS GUINDOS;GLADYS DE LAS MERCEDES;ROJAS;SANTELICES;F;CEREZO; ; ;A/C;HUERTO SANTA JULIA, LOS GUINDOS;19;293450;6131552;CURICÓ;CURICO;R;CURICÓ;0,25;91419223;INDEPENDENCIA 156, SARMIENTO; ; 
MAULE;Ft; ; ; ;07-1739;08-10-2014;SANTA BEATRIZ;MANUEL ALEJANDRO;FLORES;AVENDAÑO;M;CEREZO;FRAMBUESO; ;A/C;PP SAN MANUEL, GUAICO CENTRO;19;313344;6128878;CURICÓ;ROMERAL;R;CURICÓ;0,02;76049919;CORREO ROMERAL; ; 
MAULE;Ft;;;;07-1743;20-10-2014;LOS SILOS;SOCIEDAD AGRÍCOLA LOS SILOS LTDA;;;PJ;CEREZO;;;A/C;CALLEJON SANTA CATALINA ;19;308834;6129799;CURICÓ;ROMERAL;R;CURICÓ;1;;PP SAN PABLO PARCELA 7 LOTE 1;;
MAULE;Ft;;;;07-1744;20-10-2014;AGRICOLA PIRINEOS ;AGRICOLA PIRINEOS;;;PJ;CEREZO;;;A/C;TRES ESQUINAS ;19;297103;6107203;CURICÓ;MOLINA ;R;CURICÓ;0,6;2-318468;RODRIGUEZ 72;fernandobaile@agropirineos.cl;
MAULE;Ft;;O;;07-1745;20-10-2014;VIVERO KONONA;SILVIA DEL CARMEN ;GAMBOA ;CORREA;M;PAPAYO ;HORTENSIA;BEGONIA;C;SECTOR PICHIBUDI, DUAO LICANTÉN S/N ;18;760081;6136173;CURICÓ;LICANTÉN ;R;CURICÓ;180 M2;;SECTOR PICHIBUDI, DUAO LICANTEN S/N ;;
MAULE;Ft;;;;07-1750;06-11-2014;VIVERO JAIME LEON LTDA;EMPRESA VIVEROS JAIME LEON LTDA;;;PJ;CEREZO;;;A/C;EL DESCANSO, QUILVO ALTO;19;303503;6133984;CURICÓ;ROMERAL;R;CURICÓ;1;;VILLA CRISTO REY, CASA 36, SARMIENTO ;viverosjaimeleon@gmail.com;
MAULE;Ft;;;;07-1751;06-11-2014;VIVERO EL PERAL;AGRICOLA EL PERAL LTDA;;;M;CEREZO;;;A;CAMINO AL RADAL, KM 40;19;310530;6080060;CURICÓ;MOLINA ;R;CURICÓ;0.5;;ARTURO PRATT 111, OFICINA 311;viveroelperal@gmail.com;
MAULE;Ft;;;;07-1752;06-11-2014;SAN PEDRO ;FRANK HANSEN ;VERGARA ;MARTINEZ;M;CEREZO;PERAL;;C;CALLEJON LOS LEONES S/N ;19;301079;6129002;CURICÓ;ROMERAL ;R;CURICÓ;0.5;;CALLEJON LOS LEONES S/N;;
MAULE;Ft;;;;07-1753;11-11-2014;IGNALE;ALEJANDRO ESTEBAN ;DUARTE ;DIAZ ;M;CAROZOS ;;;C;PARCELA 36, PERALILLO, HUALAÑE ;19;251373;6120353;CURICÓ;HUALAÑE;R;CURICÓ;0.25;;CALLE ARGENTINA, PSJE. 2, CASA 43, EL VATICANO;jano_dua@yahoo.es;
BIOBIO;;Fo;;;08-1356;19-10-2011;BIOFOREST;BIOFOREST S.A.;;;PJ;PINO RADIATA;EUCALYPTUS;;C;KM 15, CAMINO CORONEL;18;664619;5913202;CONCEPCION;CORONEL;R;CONCEPCION;0,4;2728800;KM 15, CAMINO CORONEL;eduardo.rorigues@arauco.cl;2728801
BIOBIO;;Fo;;;08-1151;08-05-2007;SAN FABIAN;JOSE;BARUDY;LABRIN;M;PINO RADIATA;EUCALYPTUS;NATIVA;C;PARCE.16, VILLA ITALIA;18;665462;5912963;CONCEPCION;CORONEL;R;CONCEPCION;1,5;2390570;PARCE.16, VILLA ITALIA;barudy@maitenco.cl;
BIOBIO;;Fo;;;08-1345;01-08-2011;EL REPOSO;RIGOBERTO;CARREÑO;SILVA;M;EUCALYPTUS GLOBULUS;;;C;AVDA.VICENTE PALACIOS 2528;18;683107;5947342;CONCEPCION;TOME;U;CONCEPCION;0,5;2131620;AVDA.VICENTE PALACIOS 2528;S/C;
BIOBIO;;Fo;;;08-1351;10-08-2011;LA QUINTA;SOCIEDAD COMERCIAL SAN FRANCISCO LTDA.;;;PJ;EUCALYPTUS;PINO RADIATA;;C; PARCELA LA QUINTA;18;682302;5883124;CONCEPCION;SANTA JUANA;R;CONCEPCION;0,7;; PARCELA LA QUINTA;S/C;
BIOBIO;;Fo;;;08-1380;14-03-2012;LA POSADA;BOSQUES ARAUCO S.A.;;;PJ;PINO RADIATA;EUCALYPTUS;;C;KM 16, ESCUADRON BAJO GRANDE;18;664767;5911670;CONCEPCION;CORONEL;U;CONCEPCION;94,1;2509300;KM 16, ESCUADRON BAJO GRANDE;jordonez@arauco.cl;
BIOBIO;;Fo;;;08-1153;08-05-2001;INFOR BIO BIO;INSTITUTO FORESTAL;;;PJ;EUCALYPTUS GLOBULUS;NATIVAS;;A; KM 7,5, CAMINO CORONEL;18;666518;5920335;CONCEPCION;SAN PEDRO DE LA PAZ;U;CONCEPCION;5,5;2749090; KM 7,5, CAMINO CORONEL;iquiroz@infor.gob.cl;
BIOBIO;;Fo;;;08-1369;14-03-2012;TRES ARBOLES;PATRICIO;MOLINA;VERGARA;M;EUCALYPTUS GLOBULUS;PINO RADIATA;;C;PARCELA LA QUINTA;18;682194;5883310;CONCEPCION;SANTA JUANA;R;CONCEPCION;0,59;;PARCELA LA QUINTA;molpatricio@gmail.com;
BIOBIO;;Fo;;;08-1351;03-10-2011;PACHAMAMA;EDITH;GONZALEZ ;PINOCHET;F;EUCALYPTUS GLOBULUS;;;C;IRARRAZABAL 977;18;682718;5882866;CONCEPCION;SANTA JUANA;U;CONCEPCION;0,5;;IRARRAZABAL 977;apicolati@hotmail.com;
BIOBIO;;;O;;08-1365;05-01-2012;LOS COPIHUES;NOLFA ;MANOSALVA;VALENZUELA;F;ORNAMENTALES;;;C;PARCELA 61, ESCUADRON;18;664502;5908985;CONCEPCION;CORONEL;R;CONCEPCION;0,25;2751242;PARCELA 61, ESCUADRON;S/C;
BIOBIO;;Fo;O;;08-1352;03-10-2011;MANQUEMAHUIDA;MARIO;FERNADEZ ;PARRA;M;ORNAMENTALES;;;C;CAMINO HUALQUI-QUILACOYA;18;683383;5904923;CONCEPCION;HUALQUI;R;CONCEPCION;2;2780401;CAMINO HUALQUI-QUILACOYA;S/C;
BIOBIO;;;O;;08-1342;15-06-2011;LA CASA DEL COPIHUE;HILDA ;REBOLLEDO;SEPULVEDA;F;COPIHUE;;;C;QUILACOYA;18;683733;5894437;CONCEPCION;HUALQUI;R;CONCEPCION;0,25;2362369;QUILACOYA;S/C;
BIOBIO;;Fo;;;08-1363;23-11-2011;FORESTA;VALENTINA;PINO;QUIROGA;F;NATIVAS;;;C;HIJUELA1, SANTO TOMAS DE CHAIMAVIDA;18;689088;5919177;CONCEPCION;CONCEPCION;R;CONCEPCION;0,1;;HIJUELA1, SANTO TOMAS DE CHAIMAVIDA;vpino@gmail.com;
BIOBIO;;Fo;;;08-1381;20-03-2012;CAROLINA;JAIME;CEA;VELASQUEZ;M;EUCALYPTUS GLOBULUS;;;C;IRARRAZABAL 638;18;682727;5883231;CONCEPCION;SANTA JUANA;U;CONCEPCION;0,25;;IRARRAZABAL 638;S/C;
BIOBIO;;Fo;;;08-1380;14-03-2012;SAN MATIAS;ALEJANDRO;GUZMAN;REPETTO;M;PINO RADIATA;EUCALYPTUS;;C;PARCELA 18, VILLA ITALIA;18;665390;5913190;CONCEPCION;CORONEL;R;CONCEPCION;2;2390377;PARCELA 18, VILLA ITALIA;sanmatiasl@123.cl;
BIOBIO;;;O;;08-1371;14-03-2012;LONQUIMAY;VIVEROS LONQUIMAY;;;PJ;ORNAMENTALES;;;C;ROSSINI, PARCELA 33;18;665569;5913000;CONCEPCION;CORONEL;U;CONCEPCION;1,9;;ROSSINI, PARCELA 33;info@viverolonquimay.cl;
BIOBIO;;;O;;08-1398;03-02-2012;SAN JAVIER;CARLOS ;MONTERO;CUEVAS;M;ORNAMENTALES;;;C;LAS TOSCAS;18;708145;5921107;CONCEPCION;FLORIDA;R;CONCEPCION;0,2;;LAS TOSCAS;S/C;
BIOBIO;;;O;;08-1391;15-03-2012;PARQUE LOTA;CORPORACION BALDOMERO LILLO;;;PJ;ORNAMENTALES;;;C;PARQUE ISIDORA COUSIÑO;18;662850;5893473;CONCEPCION;LOTA;U;CONCEPCION;11;2871549;PARQUE ISIDORA COUSIÑO;;
BIOBIO;;Fo;;;08-1390;30-05-2012;LICEO YOBILO;LICEO YOBILO;;;PJ;NATIVAS;;;A;ACEVEDO HERNANDEZ 1050;18;664312;5902719;CONCEPCION;CORONEL;U;CONCEPCION;0,1;2710944;ACEVEDO HERNANDEZ 1050;liceo.yobilo@demcoronel.cl;
BIOBIO;;;O;;08-1384;13-04-2012;LOS CASTAÑOS;JOSE LUIS;MORA;VALENZUELA;M;ORNAMENTALES;;;C;PARCELA 57, AVDA.VIVALDI;18;665952;5913220;CONCEPCION;CORONEL;R;CONCEPCION;1;;PARCELA 57, AVDA.VIVALDI;S/C;
BIOBIO;;Fo;;;08-1393;03-07-2012;CODEFF;COMITÉ PRODEFENSA FLORA Y FAUNA;;;PJ;ORNAMENTALES;NATIVAS;;A;PARQUE TUMBES TALCAHUANO;18;665869;5935406;CONCEPCION;TALCAHUANO;U;CONCEPCION;0,1;2239163;OROMPELLO 555, CONCEPCION;codeffbiobio@gmail.com;
BIOBIO;;;O;;08-1392;18-05-2012;ARBORETRUM;UNIVERSIDAD DE CONCEPCION;;;PJ;ORNAMENTALES;;;A;FUNDO ANDALIEN, ;18;676220;5926027;CONCEPCION;CONCEPCION;U;CONCEPCION;0,1;2204242;CASILLA 160;;2204732
BIOBIO;;Fo;;;08-1375;20-03-2012;DON RAUL;RAUL ALEJANDRO;MEDINA ;MEDINA;M;EUCALYPTUS GLOBULUS;PINO RADIATA;;C;PASEJA 5 , SAN JOSE;18;682319;5883391;CONCEPCION;SANTA JUANA;U;CONCEPCION;1,5;;PASEJA 5 , SAN JOSE;S/C;
BIOBIO;;Fo;O;;08-1419;04-03-2013;JARDIN DE BELEN;ANA ;GOMEZ ;RUIZ;F;NATIVAS;ORNAMENTALES, COPIHUES;;C;PARCELA 18 VALLE NONGUEN;18;678504;5921100;CONCEPCION;CONCEPCION;U;CONCEPCION;1;;PARCELA 18 VALLE NONGUEN;cparra2409@gmail.com;
BIOBIO;;Fo;O;;08-1423;24-04-2013;SANTA LUCIA;CARLOS ;CUEVAS;NEIRA;M;ORNAMENTALES;;;C;PARCELA 8, SANTA LUCIA;18;705030;5936216;CONCEPCION;FLORIDA;R;CONCEPCION;0,5;;PARCELA 8, SANTA LUCIA;carloscuevasneira@hotmail.com;
BIOBIO;Ft;;O;;08-1408;22-08-2012;JARDIN PASSIFLORA;MARIA CAROLINA;HIDALDO;SCHIEES;F;ORNAMENTALES;;;C;SAN LUIS 42, CERRO ALEGRE TALCAHUANO;18;668277;5935873;CONCEPCION;TALCAHUANO;U;CONCEPCION;0,2;;SAN LUIS 42, CERRO ALEGRE TALCAHUANO;mcarolina.hidalgo@gmail.com;
BIOBIO;;Fo;O;;08-1385;20-04-2012;MANZANAR;CARMEN;CABEZAS;SOVINO;F;EUCALYPTUS;NATIVAS;;C;FUNDO EL ,MANZANAR HUALQUI;18;684254;5904859;CONCEPCION;HUALQUI;R;CONCEPCION;0,5;;FUNDO EL ,ANZANAR HUALQUI;agrosenforestal@gmail.com;
BIOBIO;;Fo;O;;08-1437;08-08-2013;FORMIN ESCUADRON;FORESTAL MININCO S.A.;;;PJ;POPULUS SPP.;PINUS SP;;A;CAMINO CORONEL KM 18;18;664893;5909306;CONCEPCION;CORONEL;U;CONCEPCION;0,05;2857300;LOS CANELOS 79, SAN PEDRO DE LA PAZ;Veronica.emhart@forestal.cmpc.cl;
BIOBIO;;Fo;O;;08-1455;09-06-2014;EL MIRADOR;GONZALO  ALEXIS;RIQUELME;RIQUELME;M;NATIVAS;ORNAMENTAL;;C;PARCELA EL MIRADOR, HUALQUI;18;699002;5895696;CONCEPCION;HUALQUI;R;CONCEPCION;0,5;;PARCELA EL MIRADOR, HUALQUI;viveroelmirador@yahoo.com;
BIOBIO;;Fo;O;;08-1468;30-09-2014;QUINTA SANTA ANA;RICARDO; MEDINA ;JARAMILLLO;M;NATIVAS;ORNAMENTAL;;C;QUINTA SANTA ANA. FLORIDA;18;708223;5921327;CONCEPCION;FLORIDA;R;CONCEPCION;1,00;;QUINTA SANATA ANA;rimeja@yahoo.com;
BIOBIO;Ft;;O;;08-288;20-09-2000;AGRICOLA CATO;SOC. AGRIC. CATO LTDA.;;;PJ;ARÁNDANO;AZALEA;HORTENSIA;A;HIJUELA 5 FUNDO CHACAYAL DE CATO;19;248958;5956217;ÑUBLE;COIHUECO;R;CHILLÁN;3,5;320455;HIJUELA 5 FUNDO CHACAYAL DE CATO;agricolacato@gmail.com;02-1975785
BIOBIO;Ft;;;;08-1022;28-03-2005;AGROVISION;AGROVISION  LTDA;APELLIDO PATERNO;;PJ;ARÁNDANO;MURTILLA;;C;SAN PABLO 26 LIBERTAD ORIENTE;18;761245;5944530;ÑUBLE;CHILLÁN;U;CHILLÁN;0,3;226283;LOS ANDES Nº 35 CHILLAN;astete.p@gmail.com;S/I
BIOBIO;;Fo;;;08-417;08-07-1991;AGROMEN  ;AGROMEN LTDA;;;PJ;PINO INSIGNE;EUCALIPTO;NATIVA;C;FDO MEMBRILLAR;18;725783;5944438;ÑUBLE;PORTEZUELO;R;CHILLÁN;20;41-2246049;ONGOLMO 272 CONCEPCION;josemanuel@agromen.cl;41-2246049
BIOBIO;Ft;;;;08-1358;04-11-2011;CAPILLA  ;COMERCIAL SILVA LTDA.;;;PJ;GRANADO ;MURTA;;A;PARCELA 18 CAPILLA ZAÑARTU;18;251828;5941708;ÑUBLE;CHILLÁN;R;CHILLÁN;0,5;042-212705;MAIPON 442;eelizabethbb@hotmail.com;42-212705
BIOBIO;Ft;;;;08-1266;24-08-2009;CAPILLA COX;SOC. AGROFORESTAL ANAVALON  LTDA.;;;PJ;ARÁNDANO;;;C;PC 1 CAPILLA COX;18;233585;5951377;ÑUBLE;CHILLÁN;R;CHILLÁN;0,25;344063;J.J PRIETO Nº115 POBL. DEFENSA;javier_anabalon@hotmail.com;S/I
BIOBIO;;Fo;O;;08-1426;30-05-2013;CONFLUENCIA;ORNAMEN LTDA.;;;PJ;COIHUE;ROBLE;QUILLAY;C;FUNDO MEMBRILLAR ;18;725873;5944279;ÑUBLE;PORTEZUELO;R;CHILLÁN;5;98890858;ONGOLMO 272 CONCEPCION;paula@plantex.cl;S/I
BIOBIO;;Fo;;;08-314;24-02-1992;CENTRO DE SEMILLAS FORESTAL;CORPORACION NACIONAL FORESTAL;;;PJ;PINO INSIGNE;NATIVAS;;C;CAMINO COIHUECO KM 3;18;762071;5946366;ÑUBLE;CHILLÁN;R;CHILLÁN;0,5;S/I;CAMINO COIHUECO KM 3;adan.diaz@conalf.cl;S/I
BIOBIO;Ft;;;;08-1409;23-08-2012;DON LUCHO;LUIS ENRIQUE;MARDONES;GOMEZ;M;ARÁNDANO;PERAS ASIATICAS;;A;HIJUELA 4 FUNDO SANTA ZOILA  - HUAPE;18;744461;5945504;ÑUBLE;CHILLÁN;R;CHILLÁN;;S/I;PEDRO DE VALDIVIA 701 CHILLAN;;
BIOBIO;;Fo;O;;08-1335;18-03-2011;ENTRE RIOS;CARLOS HUMBERTO;SANCHEZ ;PALACIO;M;PALMERA;;;C;KM. 8 CAMINO A CATO;18;765061;5950776;ÑUBLE;CHILLÁN;R;CHILLÁN;0,5;78385764;CAMINO A CATO KM. 8;palmerasa@hotmail.com;s/i
BIOBIO;Ft;Fo;O;;08-1445;18-11-2013;EL PARAISO;PABLO SERGIO;ORELLANA;PALACIOS;M;COIHUE;AZALEA;MAÑIO;C;KM. 50  CAMINO A TERMAS DE CHILLAN;19;799531;5915563;ÑUBLE;PINTO;R;CHILLÁN;0,5;S/I;PUENTE RENEGADO  LOS LLEUQUES;S/I;S/I
BIOBIO;Ft;;;;08-990;06-082004;EL PORVENIR;PETRONILA;LEDESMA;DUARTE;F;ARÁNDANO;LIQUIDAMBAR;ROSAL;A;FDO. EL PORVENIR TRES ESQUINAS DE CATO;19;250694;5952502;ÑUBLE;COIHUECO;R;CHILLÁN;0,2;19722398;FUNDO EL PORVENIR TRES ESQUINAS DE CATO;rlopezmorand@gmail.com;S/I
BIOBIO;Ft;Fo;O;;08-1417;05-12-2014;EL CIPRES;MARCO ENRIQUE;SEPULVEDA;FIGUEROA;M;LIQUIDAMBAR;ABEDUL;COIHUE;C;KM. 10 CAMINO A PINTO PARCELA EL CIPRES;18;766544;5940608;ÑUBLE;CHILLÁN;R;CHILLÁN;0,25;S/I;CENTRAL 1089;S/I;S/I
BIOBIO;Ft;Fo;O;;08-1433;11-07-2013;EL PALOMO;UNIVERSIDAD DE CONCEPCION;;;PJ;ARÁNDANO;;;C;AV. VICENTE MENDEZ Nº 595;18;751165;5946094;ÑUBLE;CHILLÁN;U;CHILLÁN;0,25;275315;AV. VICENTE MENDEZ Nº 595;wilsongon@gmail.com;S/I
BIOBIO;Ft;;;;08-784;01-06-2007;EL AVELLANO;SOC. AGRICOLA EL AVELLANO;;;PJ;AVELLANO EUROPEO;;;C;PARCELA 2   LOTE A SAN ANTONIO DE CATO;19;250319;5956332;ÑUBLE;COIHUECO;R;CHILLÁN;3;278180;CONDOMIIO EL OTOÑAL Nº 15 CHILLLAN;cng.raesa@terra.cl;278180
BIOBIO;Ft;;O;;08-594;16-08-2000;FLORINDA;ELLA MARIA;GLEISNER;VIVANCO;F;ARÁNDANO;CLEMATIS;ROSAL;C;PARCELA SUR FUNDO EL CARMEN KM. 11 CAMINO PINTO;18;766659;5940912;ÑUBLE;CHILLÁN;R;CHILLÁN;1;02-2355550;PARCELA SUR KM. 11 CAMINO A PINTO;S/I;S/I
BIOBIO;Ft;Fo;O;;08-1265;24-08-2009;FLORENCIA;MAYI MARLIN;MARTINEZ;GUAJARDO;F;ARÁNDANO;FRAMBUESO;;C;PARCELA 1LOTE 2 NAHUELTORO;18;750702;5940209;ÑUBLE;COIHUECO;R;CHILLÁN;0,25;S/I;PARCELA 1 LOTE 2 NAHUELTORO;agricolaflorencia@123gmail.com;S/I
BIOBIO;;Fo;O;;08-1207;05-06-2008;JARDIN DIAMELLO;ERIZA Y ARRIAGADA.;;;PJ;VERONICA;OREJA DE OSO;LIQUIDAMBAR;C;PASAJE LOS MAÑIOS CAMINO LAS MARIPOSAS;18;762059;5942215;ÑUBLE;CHILLÁN;U;CHILLÁN;0,2;S/I;EJERCITO CHILENO 495 VILLA LAS AMERICAS;anres2006@hotmail.com;S/I
BIOBIO;Ft;Fo;O;;08-1410;03-09-2012;JARDIN FLORECER;MANUEL ;SAN MARTIN;ORELLANA;M;CAMELIA;LAUREL;LIQUIDAMBAR;C;LOTE 4 B FUNDO LAS CABRAS CAMINO A COIHUECO;19;233717;5946500;ÑUBLE;COIHUECO;R;CHILLÁN;0,75;S/I;AV. ACUADOR 1059  CHILLAN;jardinflorecer@gmail.com;S/I
BIOBIO;;;O;;08-1337;07-10-2010;JARDIN OXALIS 2;GASTON;GRGURINA;TORO;M;LIQUIDAMBAR;ABEDUL;EVONIMO;C;LAS TIJERAS- CULENAR;19;242491;5941313;ÑUBLE;COIHUECO;R;CHILLÁN;2;271339;CASILLA 379 CHILLAN;higuerameza@hotmail.com;271339
BIOBIO;;;O;;08-473;25-01-2010;LA COLONIA;PEDRO;QUEZADA;GRGURINA;M;CAMELIA;HORTENSIA;ABEDUL;C;"PARCELA 11 COLONIA BERNARDO O""HIGGINS";18;759750;5948565;ÑUBLE;CHILLÁN;R;CHILLÁN;0,2;271933;CASILLA 488 CHILLAN;S/I;S/I
BIOBIO;;;;V;08-1421;22-04-2013;LAS MELLIZAS;AGRICOLA SAN JOSE LTDA.;;;PJ;VID;;;A;PARCELA 22 Y 23 COLONIA B. O.;18;759602;5950841;ÑUBLE;CHILLÁN;R;CHILLÁN;1;2423718;PARCELA 22 Y 23 COLONIA B. O.;AGRISANJOSE@ENTELCHILE.NET;S/I
BIOBIO;Ft;;;;08-949;02-03-1998;LA ESPERANZA;UNIVERSIDAD DE CONCEPCION;;;PJ;ARÁNDANO;;;C;AV. VICENTE MENDEZ Nº 595;18;751165;5946094;ÑUBLE;CHILLÁN;R;CHILLÁN;0,25;275315;AV. VICENTE MENDEZ Nº 595;S/I;S/I
BIOBIO;Ft;;O;;08-688;25-01-1994;LA PALMA;JUAN ;SEPULVEDA;BETANZO;M;CEREZO;MANZANO;CEREZO FLOR;C;QUINTA MAIPU CHILLAN VIEJO;18;754873;5942840;ÑUBLE ;CHILLAN VIEJO;R;CHILLÁN;2;261941;QUINTA MAIPU CHILLAN VIEJO;S/I;S/I
BIOBIO;Ft;;;;08-352;25-10-2001;LAS ROSAS;JHON;MONSALVES;CARES;M;FRAMBUESO;ARÁNDANO;;C;CALLE LAS LILAS S/N MINAS DEL PRADO;19;251681;5945991;ÑUBLE;COIHUECO;R;CHILLÁN;0,2;S/I;CALLE LAS LILAS S/N MINAS DEL PRADO;S/I;S/I
BIOBIO;Ft;;;;08-261;14-06-1998;LAS ROSAS;JHON;MONSALVES;CARES;M;FRAMBUESO;;;C;SITIO SAN ANDRES NIBLINTO;19;254022;5943116;ÑUBLE;COIHUECO;R;CHILLÁN;0,2;S/I;SITIO SAN ANDRES NIBLINTO;S/I;S/I
BIOBIO;Ft;Fo;O;;08-1172;11-07-2007;LOS CIPRECES;HANS;BUSTOS;SEPULVEDA;M;EUCALIPTO ;MURTILLA;ARÁNDANO;C;PARCELA 34 EL CARMEN DE CATO;18;250750;5952041;ÑUBLE;COIHUECO;R;CHILLÁN;0,25;S/I;PARCELA 34 EL CARMEN DE CATO;bustossepulveda@gmail.com;S/I
BIOBIO;Ft;;;;08-1427;30-05-2013;LOS MAITENES;RODRIGO ALBERTO;ARIAS ;SEPULVEDA;M;FRAMBUESO;;;C;FUNDO SANTA CECILIA  MIRAFLORES;19;245182;5939696;ÑUBLE;COIHUECO;R;CHILLÁN;2;1970065;18 DE SEPTIEMBRE 1395;S/I;S/I
BIOBIO;Ft;Fo;O;;08-1432;27-06-2013;MARLENE HIDALGO;AGRICOLA MARLENE HIDALGO ;;;PJ;RANUNCULOS;QUILLAY;EUCALIPTO;C;PROYECTO O!HIGGINS PARCELA 11 CAMINO HUAPE;18;751732;5944344;ÑUBLE;CHILLÁN;R;CHILLÁN;6;971278;CAMINO HUAPE PC 11;S/I;S/I
BIOBIO;;;O;;08-1339;20-04-2011;MIRAFLORES;ROSA  ESTER;REBOLLEDO;KRIES;F;CRATAEGUS;HORTENSIA;MAÑIO;C;PARCELA 2 KM 5.5 A CATO;18;763515;5947369;ÑUBLE;CHILLÁN;U;CHILLÁN;0,2;638100;PARCELA 2 KM. 5.5 A CATO;rosarebolledo_@hotmail.com;638100
BIOBIO;Ft;Fo;O;;08-1318;02-11-2010;MURTILLAS BERNDT;HERIBERTO;BERNDT;SUNKEL;M;MURTILLA;ARÁNDANO;;C;QUINTA ELI KM. 16 CAMINO A COIHUECO;19;239751;5944449;ÑUBLE;COIHUECO;R;CHILLÁN;;S/I;QUINTA ELI KM. 16 CAMINO A COIHUECO;;S/I
BIOBIO;;;O;;08-1444;18-11-2013;NATURALIA;JOSELYN ANDREA;LARRAIN ;REYES;F;ABETO;ACER JAPONICO;AGAPANTO;C;HIJUELA 6 LAS CABRAS   CAMINO A COIHUECO;18;770159;5945129;ÑUBLE;COIHUECO;R;CHILLÁN;0,5;S/I;LOS NOTROS 640 VILLA EL BOSQUE CHILLAN;jolarrainr@gmail.com;S/I
BIOBIO;Ft;;O;;08-1212;07-07-2008;NEVADA CHILLAN;ABEL;ZAPATA;CONTRERAS;M;MEMBRILLO ;DURAZNERO;ABEDUL;C;"PC 42 COLONIA BDO O""HIGGINS";18;759699;5944137;ÑUBLE;CHILLÁN;R;CHILLÁN;2;S/I;"PC 42 COLONIA BDO O""HIGGINS";S/I;S/I
BIOBIO;;Fo;;;08-773;11-04-1994;ÑUBLE ALTO;JOSE;LAGOS;MANCILLA;M;EUCALYPTUS;;;C;LAS ROSAS Nº 235 ÑUBLE ALTO;18;755565;5948714;ÑUBLE;CHILLÁN;R;CHILLÁN;1;S/I;LAS ROSAS Nº 235 ÑUBLE ALTO;S/I;S/I
BIOBIO;Ft;Fo;O;;08-1418;05-12-2012;ORO VERDE;BRAULIO ALEJANDRO;BUSTOS;CANDIA;M;MANZANO;DURAZNERO;LIQUIDAMBAR;C;PARCELA 13 ORO VERDE ;18;752691;5945622;ÑUBLE;CHILLÁN;R;CHILLÁN;2;S/I;LOS CEIVOS 86 MAIPO;S/I;S/I
BIOBIO;Ft;;;;08-1009;25-06-2008;PARCELA Nº10 -EL MAQUI;DOMINGO;ECHEGARAY;UNZUETA;M;ARÁNDANO;FRAMBUESO;;A;PARCELA 10 BUSTAMANTE;19;250310;5948200;ÑUBLE;COIHUECO;R;CHILLÁN;0,2;1972125;PARCELA 10 PROYECTO  MANUEL RODRIGUEZ;domingoechegaray@gmail.com;1972125
BIOBIO;Ft;Fo;O;V;08-1211;23-06-2008;PEUMAYEN;CLAUDIA ALEJANDRA;MERINO;RODRIGUEZ;F;MURTILLA;AZALEA;QUILLAY;C;PREDIO EL CHINGUE TALQUIPEN;19;237180;5945176;ÑUBLE;COIHUECO;R;CHILLÁN;0,3;324573;PREDIO EL CHINGUE TALQUIPEN;S/I;S/I
BIOBIO;Ft;;;;08-1359;04-11-2011;PULLAMI;AGRICOLA PULLAMI LTDA.;;;PJ;ARÁNDANO;NOGAL;;A;HACIENDA PULLAMI;19;247703;5948268;ÑUBLE;COIHUECO;R;CHILLÁN;0,5;042-853660;CASILLA 932 CHILLAN;jekenazi@pullami.cl;042-853660
BIOBIO;Ft;Fo;O;;08-1217;12-09-1998;QUINCHAMALI;PROPLANTAS LTDA.;;;PJ;PINO INSIGNE ;EUCALIPTO;AROMO;C;FDO. HUECHUPIN CAM. QUINCHAMALI;18;736584;5943983;ÑUBLE;CHILLÁN;R;CHILLÁN;50,5;870680;HUECHUPIN KM. 23 CAMINO QUINCHAMALI;leopoldoquezadajara@propanta;S/I
BIOBIO;Ft;;;;08-1300;05-02-2010;SAN ANTONIO;CARLOS ;BORQUEZ;RICCI;M;GRANADO;;;A;FDO. SAN ANTONIO PADUA KM. 7 CAMINO A HUAPE;18;750702;5940209;ÑUBLE;CHILLÁN;R;CHILLÁN;0,5;S/I;FDO. SAN ANTONIO PADUA KM. 7 CAMINO A HUAPE;cborques@casasborques.cl;S/I
BIOBIO;;Fo;;;08-390;02-12-1993;SAN JUAN;FERNANDO FRANCISCO;MAY;BOULLON;M;PINO INSIGNE ;EUCALIPTO;;C;PC SAN JUAN KM 8 CAMINO A PINTO;18;763990;5940761;ÑUBLE;CHILLÁN;R;CHILLÁN;0,5;S/I;18  DE SEP. 671-OF. 303 CHILLAN;femay@hotmail.com;S/I
BIOBIO;Ft;;;;08-1338;20-04-2011;SANTA ADRIANA;SOC. AGRICOLA Y FORESTAL. CASINO LTDA.;;;PJ;ROSA MOSQUETA;;;C;PANAMERICANA SUR KM. 408;18;752731;5942809;ÑUBLE;CHILLAN VIEJO;U;CHILLÁN;5;262219;CASILLA 660 CHILLAN VIEJO;sebastian.rillon@agrisol.cl;262009
BIOBIO;Ft;;;;08-556;20-07-1999;STA. ELISA;ALEX;LEUPIN;RODRIGUEZ;M;CASTAÑO;NOGAL;MANZANO;C;FUNDO EL MOLINO KM 3 SALIDA A RUTA 5;18;754730;5942630;ÑUBLE;CHILLAN VIEJO;U;CHILLÁN;;S/I;PASAJE 6 PONIENTE 1647 POBL. VICENTE P. R.;;
BIOBIO;Ft;;;;08-1027;28-03-2005;SANTA FERNANDA;FERNANDO ;QUIÑONES;MEZA;M;ARÁNDANO;;;A;"LOTEO SAN ALFONSO COLONIA BERNARDO O""HIGGINS";;781503;5944770;ÑUBLE;CHILLÁN;U;CHILLÁN;0,2;S/I;CONSTITUCIÓN 142;S/I;S/I
BIOBIO;Ft;;;;08-1169;03-07-2007;SANTA ROSA;FRANCISCO ;PEÑA ;SALDIAS;M;ARÁNDANO;;;A;FUNDO SANTA ROSA  PULLAMI;19;251388;5948882;ÑUBLE;COIHUECO;R;CHILLÁN;0,5;S/I;BAQUEDANO 1577 COIHUECO;S/I;S/I
BIOBIO;Ft;;;;08-752;30-10-2002;STA. ROSA;INIA QUILAMAPU;;;PJ;MANZANO;;;A;FDO STA. ROSA CATO;19;786034;5943622;ÑUBLE;CHILLÁN;R;CHILLÁN;1;S/I;AVENIDA VICENTE MENDEZ 515;S/I;S/I
BIOBIO;Ft;;;;08-1353;01-09-2011;SANTA RAFAELA;SOC AGR. STA. ISABEL DE CATO;;;PJ;MANZANO;;;A;FUNDO SANTA ISABEL DE CATO;19;247502;5950551;ÑUBLE;COIHUECO;R;CHILLÁN;0,5;1976782;FUNDO SANTA ISABEL DE CATO;asisca@vtr.net;321256
BIOBIO;;;O;;08-1334;18-03-2011;SANTA KARINA;JUAN RAMON;MUÑOZ;SEPULVEDA;M;PALMERA;ABEDUL;AZALEA;C;FRUTILLAR CENTRAL ;;762551;5948172;ÑUBLE;COIHUECO;R;CHILLÁN;0,25;S/I;PREDIO EL CASTAÑO FRUTILLARES;S/I;S/I
BIOBIO;Ft;;O;;08-957;14-11-2003;SANTA LAURA;AGRICOLA JUNVAL LTDA.;;;PJ;ARÁNDANO;CASTAÑO;CEDROS;C;FUNDO SANTA LAURA   TANILVORO;19;247858;5932720;ÑUBLE;COIHUECO;R;CHILLÁN;0,5;1972384;CASILLA 1004  CHILLAN;S/I;S/I
BIOBIO;Ft;;;;08-1103;08-08-006;SANTA BLANCA;CLAUDIO;HERHARDT;QUEZADA;M;ARÁNDANO;;;A;KM 20 CAMINO A TANILVORO;;775379;5937137;ÑUBLE;COIHUECO;R;CHILLÁN;0,2;320032;SOTOMAYOR 1090;S/I;S/I
BIOBIO;Ft;;;;08-904;24-06-1997;SANTA ELENA;ELENA;YAÑEZ;COFRE;F;CEREZO;;;C;PARCELA STA ELENA ROBLERIA;19;240962;5942105;ÑUBLE;COIHUECO;R;CHILLÁN;0,5;232356;PARCELA STA ELENA ROBLERIA;S/I;S/I
BIOBIO;Ft;;O;V;08-1298;24-11-2009;SANTA FE;WILMA SUSANA;MUÑOZ;KEILENDT;F;FRAMBUESO;ARÁNDANO;;C;SITIO 18 TALQUIPEN;19;237858;5944083;ÑUBLE;COIHUECO;R;CHILLÁN;0,5;1970396;SITIO 18 TALQUIPEN;mwilmasusana@hotmail.com;S/I
BIOBIO;Ft;;;;08-1117;15-11-2006;TERRA ÑUBLE;TERRA ÑUBLE LTDA.;;;PJ;FRAMBUESO;MORA;ARÁNDANO;C;AV. ARTURO PRAT 226- PREDIO SAN JUAN;19;244943;5943040;ÑUBLE;COIHUECO;R;CHILLÁN;1;S/I;COMERCIO 1858 COIHUECO;pdiazgu@gmail.com;S/I
BIOBIO;Ft;;O;;08-228;03-08-1995;VILLA SERENA;PATRICIA ;CARBONELL.;URRUTIA;F;CEREZO;LIQUIDAMBAR;DURAZNERO;C;KM 14 HUAPE;18;745721;5945360;ÑUBLE;CHILLÁN;R;CHILLÁN;1;351027;KM 14 HUAPE ;viveroelhuape@gmail.com;S/I
BIOBIO;Ft;;;;08-990;31-08-2004;VIVERO AGP;ALVARO;GATICA;PEREZ;M;FRAMBUESO;ARÁNDANO;;C;PC 4 EL AGUILA   SAN BENITO;18;760777;5941890;ÑUBLE;CHILLÁN;R;CHILLÁN;2;S/I;PC 4 EL AGUILA;alfonsoqdiaz@gmail.com;S/I
BIOBIO;Ft;Fo;O;;08-1311;17-11-2010;VIVERO B;AGRICOLA BOMAJ  ;;;M;ARÁNDANO;;;A;FUNDO EL RANCHITO LARQUI ORIENTE;18;744760;5931459;ÑUBLE;CHILLAN VIEJO;R;CHILLÁN;0,1;1971083;FUNDO EL RANCHERITO LARQUI ORIENTE;info@vinosdellarqui.cl;1971083
BIOBIO;;Fo;;;08-259;08-10-1992;VIVERO CATO;GUIDO;AINARDI;MOLINA;M;PINO INSIGNE;EUCALIPTO;;C;PC 8 RINCONADA DE CATO;18;764465;5951032;ÑUBLE;CHILLÁN;R;CHILLÁN;3;S/I;PC 8 RINCONADA DE CATO;S/I;S/I
BIOBIO;Ft;;O;;08-989;31-08-2004;VIVERO CHILLAN;ANA MARIA;GROLLMUS;MERINO;F;LIQUIDAMBAR;ABEDUL;MANZANO;C;KM 10 CAMINO PINTO;18;766660;5940958;ÑUBLE;CHILLÁN;R;CHILLÁN;1;S/I;HUAMBALI 192;viverochillan192@gmail.com;S/I
BIOBIO;Ft;;;V;08-1193;17-11-2009;VIVERO R;AGRICOLA BOMAJ LTDA.;;;PJ;VID;;;A;FUNDO EL RANCHITO LARQUI ORIENTE;18;744769;5931461;ÑUBLE;CHILLAN VIEJO;R;CHILLÁN;1;1972083;FUNDO EL RANCHERITO LARQUI ORIENTE;S/I;S/I
BIOBIO;Ft;;;;08-1458;03-07-2014;BULLILEO;SOCIEDAD COMERCIAL BULLILEO LTDA.;;;PJ;ARÁNDANO;;;C;SAN PABLO 26 LIBERTAD ORIENTE;;761220;5944510;ÑUBLE;CHILLÁN;U;CHILLÁN;;S/I;SAN PABLO 26  CHILLAN;astete.cristian@hotmail.com;S/I
BIOBIO;Ft;Fo;O;;08-1460;21-07-2014;EL NEVADO;WILSON ARIEL ;GONZALEZ;SAAVEDRA;M;CRESPON;QUILLAY;PALMERA;C;SITIO 55 BUSTAMANTE ;;788746;5946292;ÑUBLE;COIHUECO;U;CHILLÁN;;S/I;SITIO 55 BUSTAMANTE;wilsongon@gmail.com;S/I
BIOBIO;Ft;;;;08-1470;03-10-204;LA PATAGUA;PATRICIO ;CORREA;SAN MARTIN;M;MORA HIBRIDA;;;C;SITIO 14 LAS PATAGUAS;;782358;5946054;ÑUBLE;COIHUECO;R;CHILLÁN;;S/I;LAUTARO 1618 COIHUECO;patriciocorreasm@gmail.com;S/I
BIOBIO;Ft;Fo;;;E/T;14-10-2014;SAN VICENTE;ROBINSON ;PEÑA ;DE LA FUENTE;M;FRAMBUESO;ARÁNDANO;MORA HIBRIDA;C;ELEUTERIO RAMIREZ S/N  FUNDO LOS PEUMOS;;783455;5940011;ÑUBLE;COIHUECO;R;CHILLÁN;0,50;S/I;CASILLA 45 COIHUECO;robinson@organicfruitschile.com;S/I
BIOBIO;Ft;Fo;O;V;E/T;28-11-2014;PALMIRA;VICTOR MANUEL ;MUÑOZ;PARRA;M;;;;C;LATORRE 1787;;;;ÑUBLE;COIHUECO;R;CHILLÁN;;S/I;LATORRE 1787;;S/I
BIOBIO;Ft;;;;08-1459;21-07-2014;SANTA HORTENSIA;HILDAHORTENSIA;JIMENEZ;MORA;F;FRAMBUESO;;;C;MIRAFLORES S/N;18;246137;5936714;ÑUBLE;COIHUECO;R;CHILLÁN;3,5;;MIRAFLORES CASILLA 48;hjimenezm@hotmail.com;
BIOBIO;Ft;Fo;O;;08-1105;11-10-2006;EL MEMBRILLO;COMERCIAL JM;COMERCIAL JM;COMERCIAL JM;PJ;NOGAL;ARAUCARIA;S/I;C;LAS TRANCAS, KM 4 S/N;18;727335;5855440;BIO BIO;LOS ANGELES ;R;LOS ANGELES;0,50;43-321351;GABRIELA MISTRAL 1296, CASA 39;s/i;NO TIENE
BIOBIO;;Fo;O;;08-1107;19-10-2006;FLOR DEL LAJA;MONICA ;QUIROZ;ESCOBAR;F;EUCALIPTO;S/I;S/I;C;KM 8, RUTA A YUMBEL A LAJA;18;722777;5882257;BIO BIO;YUMBEL;R;LOS ANGELES;1,00;43-431248;KM 8,2, CAMINO A LAJA;s/i;NO TIENE
BIOBIO;Ft;;;;08-1119;29-11-2006;LA ESPERANZA;AGRIFOR DOÑA LUISA LTDA.;AGRIFOR DOÑA LUISA LTDA.;AGRIFOR DOÑA LUISA LTDA.;PJ;ARÁNDANO;S/I;S/I;A;FDO. LA ESPERANZA. LAJA;18;724569;5861203;BIO BIO;LAJA;R;LOS ANGELES;0,25;43-533616;COLÓN 431, LOS ÁNGELES;s/i;NO TIENE
BIOBIO;Ft;;;;08-1123;27-12-2006;RAYEN 1;DAGOBERTO;JARA;JARA;M;MANZANO;S/I;S/I;C;PARC 27. LLANO VERDE;18;748420;5855035;BIO BIO;LOS ANGELES;R;LOS ANGELES;8,00;43-1971497;PARC. 27, LLANO VERDE;s/i;NO TIENE
BIOBIO;Ft;;;;08-1124;27-12-2006;DON FELIPE;CESAR ;HERRERA;GOMEZ;M;ARÁNDANO;MURTILLA ;S/I;C;HIJ. EL ACACIO. LOTE 3.;18;725192;5848123;BIO BIO;LOS ANGELES;R;LOS ANGELES;0,50;43-230072;HUASCAR 948, V. ESMERALDA, LOS ÁNGELES;PauloHerrera-91@yahoo.com;NO TIENE
BIOBIO;Ft;;;;08-1126;02-01-2007;AGRICOLA LLAHUEN 1;LEGARRAGA VILLAGRAN LTDA.;LEGARRAGA VILLAGRAN LTDA.;LEGARRAGA VILLAGRAN LTDA.;PJ;FRUTILLA;S/I;S/I;C;PARCELA 9. LOS TILOS;18;730493;5859764;BIO BIO;LOS ANGELES;R;LOS ANGELES;40,00;2-4489722;PARC. 26 LA VICTORIA HUELQUÉN, PAINE;jmaruri@llahuen.com;NO TIENE
BIOBIO;Ft;;;;08-1127;02-01-2007;AGRICOLA LLAHUEN 2;LEGARRAGA VILLAGRAN LTDA.;LEGARRAGA VILLAGRAN LTDA.;LEGARRAGA VILLAGRAN LTDA.;PJ;FRUTILLA;S/I;S/I;C;HIJ. B,SECTOR DUQUECO;18;741507;5840622;BIO BIO;LOS ANGELES;R;LOS ANGELES;71,50;2-4489722;PARC. 26 LA VICTORIA HUELQUÉN, PAINE;jmaruri@llahuen.com;NO TIENE
BIOBIO;Ft;;;;08-1128;02-01-2007;AGRICOLA LLAHUEN 3;LEGARRAGA VILLAGRAN LTDA.;LEGARRAGA VILLAGRAN LTDA.;LEGARRAGA VILLAGRAN LTDA.;PJ;FRUTILLA;S/I;S/I;C;FUNDO SAN JORGE. CUÑIBAL;18;744141;5840332;BIO BIO;LOS ANGELES;R;LOS ANGELES;60,00;2-4489722;PARC. 26 LA VICTORIA HUELQUÉN, PAINE;jmaruri@llahuen.com;NO TIENE
BIOBIO;;Fo;;;08-1130;18-01-2007;ALTO VERDE;JORGE ;ARAYA;CID;M;PINO;EUCALIPTO;S/I;C;LOTE C, VILLA LOS ROBLES;18;730349;5847134;BIO BIO;LOS ANGELES;R;LOS ANGELES;0,40;S/I;LOTE C, VILLA LOS ROBLES, LOS ÁNGELES;jorgearayacid@gmail.com;NO TIENE
BIOBIO;Ft;;;;08-1131;18-01-2007;SANTA ANA;CARLOS;CERDA;F;M;ARÁNDANO;S/I;S/I;C;FUNDO STA. ANA;18;733292;5840657;BIO BIO;LOS ANGELES;R;LOS ANGELES;0,25;43-314747;SANTA ANA, LA ISLA, LOS ÁNGELES;ccerda-of@yahoo.es;NO TIENE
BIOBIO;;Fo;;;08-1135;27-02-2007;EL MEMBRILLAR;MIGUEL ;QUILODRAN;ORMEÑO;M;PINO ;EUCALIPTO;S/I;C;PARC. 44 EL PROGRESO;18;728514;5898604;BIO BIO;CABRERO;R;LOS ANGELES;0,50;S/I;PARC. 44, EL PROGRESO;victamp@yahoo.es;NO TIENE
BIOBIO;Ft;;;;08-1136;27-02-2007;API;IVETTE ;VALENZUELA;COMPAGNON;F;ARÁNDANO;S/I;S/I;C;CAMINO ANTUCO, KM 18;18;752960;5853694;BIO BIO;LOS ANGELES;R;LOS ANGELES;0,50;43-1971603;CAM ANTUCO KM. 18;s/i;NO TIENE
BIOBIO;;Fo;;;08-1141;03-05-2007;CARLOS DOUGLAS;FORESTAL MININCO S.A.;FORESTAL MININCO S.A.;FORESTAL MININCO S.A.;PJ;PINO;EUCALIPTO;S/I;A/C;AVDA ALEMANIA 751. LOS ANGELES;18;724744;5887149;BIO BIO;LOS ANGELES;R;LOS ANGELES;70,00;43-1974666;AV. ALEMANIA 757, LOS ÁNGELES;s/i;NO TIENE
BIOBIO;;Fo;;;08-1143;07-05-2007;PIA VALDES;JORGE E. ;VALDES;ANDRADES;M;EUCALIPTO;S/I;S/I;C;ROBERTO GOMEZ/RUCAMANQUI;19;239875;5874440;BIO BIO;TUCAPEL;U ;LOS ANGELES;0,20;43-591080;LINARES 963, HUEPIL;s/i;NO TIENE
BIOBIO;Ft;Fo;O;;08-1144;07-05-2007;SAN CLEMENTE;HECTOR HUGO ;DURAN;ORELLANA;M;PINO;EUCALIPTO;S/I;C;EL CHACAY;18;716922;5842255;BIO BIO;LOS ANGELES;R;LOS ANGELES;3,00;43-1971387;SANTA MARATA 1232, LOS ÁNGELES;hector.durano@yahoo.es;NO TIENE
BIOBIO;;Fo;;;08-1145;07-05-2007;SAN NICOLAS;LUIS E. ;OVANDO;CALABRANO;M;EUCALIPTO;S/I;S/I;C;PARC. 2. LLANO VERDE;18;745254;5852998;BIO BIO;LOS ANGELES;R;LOS ANGELES;0,50;S/I;PARC. 2, LLANO VERDE, LOS ÁNGELES;s/i;NO TIENE
BIOBIO;;Fo;;;08-1146;07-05-2007;ALTAVISTA;ALTAVISTA LTDA.;ALTAVISTA LTDA.;ALTAVISTA LTDA.;PJ;EUCALIPTO;S/I;S/I;C;KM 17, CAMINO ANTUCO;18;752545;5853427;BIO BIO;LOS ANGELES;R;LOS ANGELES;0,82;43-311822;CASILLA 837, LOS ÁNGELES;tfernandezd@gmail.com;NO TIENE
BIOBIO;;Fo;;;08-1149;08-05-2007;SANTA JULIA;GREENWOOD RESOURSES CHILE SA;GREENWOOD RESOURSES CHILE SA;GREENWOOD RESOURSES CHILE SA;PJ;ALAMO;S/I;S/I;C;SANTA JULIA;18;732177;5844739;BIO BIO;LOS ANGELES;R;LOS ANGELES;2,50;43-630808;FREIRE 492, LOS ÁNGELES;s/i;NO TIENE
BIOBIO;Ft;Fo;;;08-1155;14-05-2007;PLANTABIO;PLANTABIO S.A.;PLANTABIO S.A.;PLANTABIO S.A.;PJ;EUCALIPTO;ARÁNDANO;S/I;A/C;KM 518, RUTA 5 SUR;18;736505;5843214;BIO BIO;LOS ANGELES;R;LOS ANGELES;1,00;43-630370;LONG. SUR, KM 518;plantabio@puelche.cl;NO TIENE
BIOBIO;;Fo;;;08-1158;29-05-2007;LO VEREMOS;JOSE ;LOPEZ;S/I;M;EUCALIPTO;S/I;S/I;C;POCO A POCO;18;735629;5845238;BIO BIO;LOS ANGELES;R;LOS ANGELES;0,50;43-346290;FRANCISCO ENCINA 709, LOS ÁNGELES;s/i;NO TIENE
BIOBIO;Ft;;;;08-1159;29-05-2007;SAN FLORENCIO;ROBSON RECURSOS HUMANOS LTDA.;ROBSON RECURSOS HUMANOS LTDA.;ROBSON RECURSOS HUMANOS LTDA.;PJ;FRUTILLA;S/I;S/I;A/C;C. LA MANCHA;18;727736;5890014;BIO BIO;CABRERO;R;LOS ANGELES;2,00;41-2324613;GIACAMAN 22, PALOMARES, CONCEPCIÓN;mjofrem@robsonberries.cl;NO TIENE
BIOBIO;;Fo;;;08-1160;08-06-2007;SANTA EMILIA;RENE ;CRUZ;CASTILLO;M;PINO;S/I;S/I;A/C;FUNDO SANTA EMILIA;18;744207;5853012;BIO BIO;LOS ANGELES;R;LOS ANGELES;2,50;43-362220;FUNDO SANTA EMILIA, LOS ÁNGELES;renecruzf@gmail.com;NO TIENE
BIOBIO;;Fo;;;08-1161;08-06-2007;DOMVAR;DOMVAR LTDA.;DOMVAR LTDA.;DOMVAR LTDA.;PJ;PINO;EUCALIPTO;S/I;C;PARC. N° 4. SANTA CLARA;18;739114;5859602;BIO BIO;LOS ANGELES;R;LOS ANGELES;1,00;43-1971977;PARC. 4, SANTA CLARA, LOS ÁNGELES;viverosanjoaquin2@gmail.com;NO TIENE
BIOBIO;;Fo;;;08-1163;08-06-2007;PURONATIVO;PURONATIVO ARBOLES LTDA.;PURONATIVO ARBOLES LTDA.;PURONATIVO ARBOLES LTDA.;PJ;QUILLAY;RAULI;S/I;C;RETAZO POCO A POCO;18;736222;5845597;BIO BIO;LOS ANGELES;R;LOS ANGELES;0,25;43-402280;RICARDO VICUÑA 350, LOS ÁNGELES;mfg@puronativo.cl;NO TIENE
BIOBIO;Ft;;;;08-1164;13-06-2007;LOS QUILLAYES;SOC. AGRIC. LOS QUILLAYES LTDA.;SOC. AGRIC. LOS QUILLAYES LTDA.;SOC. AGRIC. LOS QUILLAYES LTDA.;PJ;ARÁNDANO;S/I;S/I;A/C;LOS QUILLAYES;18;716620;5845486;BIO BIO;LOS ANGELES;R;LOS ANGELES;0,50;43-313842;CASILLA 846, LOS ÁNGELES;f.piffaut@terra.cl;NO TIENE
BIOBIO;;;O;;08-1165;18-06-2007;EL BUDY;MANUEL ;SANCHEZ;VIDELA;M;ORNAMENTALES;S/I;S/I;C;HIJ. DOÑA ISIDORA, KM 15 A NCTO.;18;722643;5847113;BIO BIO;LOS ANGELES;R;LOS ANGELES;3,50;S/I;KM 15, CAMINO A NACIMIENTO;s/i;NO TIENE
BIOBIO;;Fo;;;08-1174;18-07-2007;EL HUERTON;RAMIRO ;DIAZ;URIBE;M;PINO;S/I;S/I;C;PARC. EL HUERTON, KM 5 ANTUCO;18;741531;5851168;BIO BIO;LOS ANGELES;R;LOS ANGELES;0,50;43-232919;COLOCOLO 90, LOS ÁNGELES;s/i;NO TIENE
BIOBIO;Ft;;;;08-1178;10-08-2007;VITROPLANTA 1;SOC. AGRICOLA VITROPLANTA LTDA.;SOC. AGRICOLA VITROPLANTA LTDA.;SOC. AGRICOLA VITROPLANTA LTDA.;PJ;ARÁNDANO;S/I;S/I;A/C;GRANJA EL CASTAÑO;18;737181;5850278;BIO BIO;LOS ANGELES;U;LOS ANGELES;3,50;43-362930;CAMINO A ANTUCO, KM 1, EL CASTAÑO;vitropla@ctcinternet.cl;NO TIENE
BIOBIO;Ft;;;;08-1178;05-10-2008;VITROPLANTA 2;SOC. AGRICOLA VITROPLANTA LTDA.;SOC. AGRICOLA VITROPLANTA LTDA.;SOC. AGRICOLA VITROPLANTA LTDA.;PJ;ARÁNDANO;S/I;S/I;A/C;LO JAVIERA, EX RUTA 5 SUR KM 508;18;736476;5852361;BIO BIO;LOS ANGELES;R;LOS ANGELES;3,50;43-362930;EXRUTA 5 SUR, KM 508;vitropla@ctcinternet.cl;NO TIENE
BIOBIO;Ft;;;;08-1179;03-10-2007;MARIO GONZALEZ;MARIO GONZALEZ Y CIA LTDA.;MARIO GONZALEZ Y CIA LTDA.;MARIO GONZALEZ Y CIA LTDA.;PJ;ARÁNDANO;S/I;S/I;A;FUNDO AGUA Y ARENA;18;732066;5863859;BIO BIO;LOS ANGELES;R;LOS ANGELES;0,50;43-533616;CALÓN 431, LOS ÁNGELES;alcala.ltda@entelchile.net;NO TIENE
BIOBIO;Ft;;;;08-1181;03-10-2007;SANTA FE;JAIME ;RIOSECO;INOSTROZA;M;ARÁNDANO;S/I;S/I;C;HUERTO 109-SANTA FE;18;711317;5850664;BIO BIO;LOS ANGELES;R;LOS ANGELES;0,50;74997951;HUERTO 109, SANTA FE;s/i;NO TIENE
BIOBIO;Ft;;;;08-1182;31-10-2007;QUINTA QUINEL;SEBASTIAN ;RUIZ-TAGLE;MIDDLETON;M;ARÁNDANO;S/I;S/I;A;QUINTA QUINEL. CAM. EL PERAL;18;740557;5846611;BIO BIO;LOS ANGELES;R;LOS ANGELES;0,02;98267798;QUINTA QUINEL, CAMINO A EL PERAL, LOS ÁNGELES;nicolesolange@hotmail.com;NO TIENE
BIOBIO;Ft;;;;08-1183;31-10-2007;EL HUERTO;AGRICOLA AUSTRAL LTDA.;AGRICOLA AUSTRAL LTDA.;AGRICOLA AUSTRAL LTDA.;PJ;ARÁNDANO;S/I;S/I;A;FDO EL HUERTO. LLANO BLANCO;18;756249;5838639;BIO BIO;LOS ANGELES;R;LOS ANGELES;0,50;43-361938;AV. SOR VICENTA 2341-B, LOS ÁNGELES;administracion@mecfor.cl;NO TIENE
BIOBIO;Ft;;;;08-1185;07-11-2007;PARC. 50 EL PROGRESO;PATRICIO ;JANA ;SAENZ;M;ARÁNDANO;S/I;S/I;A;PARC. 50 EL PROGRESO;18;739609;5892941;BIO BIO;CABRERO;R;LOS ANGELES;0,50;41-2280070;RIO ITATA 2715, CONCEPCIÓN;mjsn@indap.cl;NO TIENE
BIOBIO;Ft;;;;08-1187;21-11-2007;ANAIS;VICTOR ;PACHECO;CARO;M;ARÁNDANO;S/I;S/I;A/C;PARC. 13 VIRQUENCO;18;720709;5850907;BIO BIO;LOS ANGELES ;R;LOS ANGELES;0,50;76579942;PARCELA 13, VIRQUENCO, LOS ÁNGELES;s/i;NO TIENE
BIOBIO;Ft;Fo;;;08-1196;26-03-2008;SAN PEDRO;INGENIERÍA Y DESARROLLO FORESTAL LTDA;INGENIERÍA Y DESARROLLO FORESTAL LTDA;INGENIERÍA Y DESARROLLO FORESTAL LTDA;PJ;PINO;EUCALIPTO;S/I;C;KM 9 CAMINO LAS TRANCAS;18;727319;5855540;BIO BIO;LOS ANGELES;R;LOS ANGELES;2,00;43-329822;KM. 9, CAMINO A NACIMIENTO;hector.troncoso@indef.cl;NO TIENE
BIOBIO;Ft;;;;08-1199;02-04-2008;AGRICOLA LLAHUEN 4;LEGARRAGA VILLAGRAN LTDA.;LEGARRAGA VILLAGRAN LTDA.;LEGARRAGA VILLAGRAN LTDA.;PJ;FRUTILLA;S/I;S/I;C;SECTOR 3, FUNDO SANTA LEONOR;18;756176;5848892;BIO BIO;LOS ANGELES;R;LOS ANGELES;200,00;2-4489722;PARCELA 26, LA VICTORIA, HUELQUE;jmaruri@llahuen.com;NO TIENE
BIOBIO;Ft;;;;08-1202;07-05-2008;OLIFRUT;CARLOS ;VIAL;YEVENES;M;ARÁNDANO;S/I;S/I;C;SITIO Nº11,. PARCELACIÓN VIRQUENCO;18;720971;5850543;BIO BIO;LOS ANGELES;R;LOS ANGELES;2,00;64-311097;MANUEL ANTONIO MORA 1330, OSORNO;carlosvial@santaines.cl;NO TIENE
BIOBIO;Ft;;O;;08-1209;04-06-2008;LAS DELICIAS;GERMÁN ;GONZALEZ;VIDAL;M;EUCALIPTO;S/I;S/I;C;MANZANA A SITIO Nº UNO, POBLACIÓN LAS DELICIAS;18;738492;5841545;BIO BIO;LOS ANGELES;R;LOS ANGELES;0,09;76241568;VILLA LAS DELICIAS, MANZANA A, SITIO 1;s/i;NO TIENE
BIOBIO;;Fo;O;;08-1215;18-07-2008;LAS HAYAS;TOMAS ;ETTER  ;CHANG;PJ;VARIOS FORESTAL ;ORNAMENTAL;S/I;C;CAMINO A PEDREGAL KM 7 ;18;739045;5858449;BIO BIO;LOS ANGELES;R;LOS ANGELES;5,00;S/I;KM 7, CAMINO A PEDREGAL;s/i;NO TIENE
BIOBIO;Ft;;;;08-1216;18-07-2008;EL QUILLAY;SOCIEDAD AGRICOLA PIZANI Y CIA LTDA;SOCIEDAD AGRICOLA PIZANI Y CIA LTDA;SOCIEDAD AGRICOLA PIZANI Y CIA LTDA;PJ;ARÁNDANO;MURTILLA;S/I;C;PARCELA EL QUILLAY, CAMINO SANTA BARBARA KM 16;18;750050;5836897;BIO BIO;LOS ANGELES;R;LOS ANGELES;0,60;43-533525;ERCILLA 450-A, LOS ÁNGELES;s/i;NO TIENE
BIOBIO;;Fo;;;08-1226;05-11-2008;VIVERO EL VERDIN;ABRAHAN ;ARAYA;CID;M;PINO;EUCALIPTO;S/I;C;HIJUELA LAS GREDAS, SECTOR PATA DE GALLINA;18;729906;5846982;BIO BIO;LOS ANGELES;R;LOS ANGELES;2,50;S/I;MAC IVER 250, RENAICO;abrahanaraya60@yahoo.es;NO TIENE
BIOBIO;;Fo;O;;08-1241;27-03-2009;EL ENSUEÑO;CARLOS ;DARVICH;ORTIZ;M;EUCALIPTO;ORNAMENTAL;S/I;C;PARCELA N° 3 SAN RAFAEL ;18;730853;5891504;BIO BIO;CABRERO;R;LOS ANGELES;0,50;S/I;PARC. 3, SAN RAFAEL, MONTE ÁGUILA;s/i;NO TIENE
BIOBIO;;Fo;;;08-1242;31-03-2009;CENTRO BIOTECNOLOGÍA;FORESTAL MINÍNCO;FORESTAL MINÍNCO;FORESTAL MINÍNCO;PJ;Pino;S/I;S/I;A/C;CAMINO EL PERAL KM. 4.5;18;740792;5848073;BIO BIO;LOS ANGELES;R;LOS ANGELES;2,00;43-1971787;AV. ALEMANIA 751, LOS ÁNGELES;adelaida.poblete@forestal.cmpc.cl;NO TIENE
BIOBIO;;Fo;;;08-1243;31-03-2009;SAN AGUSTÍN;VIVIANA ;CATALAN;REYES;F;ARÁNDANO;S/I;S/I;C;LA DEHESA DE MONCAMO 201;18;724263;5844152;BIO BIO;LOS ANGELES;R;LOS ANGELES;0,30;S/I;LA DEHESA DE MONCAYO 201, LOS ÁNGELES;catalanvivi@123mail.cl;NO TIENE
BIOBIO;;Fo;;;08-1246;08-04-2009;ALTE;SOCIEDAD AGRÍCOLA ALTE LTDA.;SOCIEDAD AGRÍCOLA ALTE LTDA.;SOCIEDAD AGRÍCOLA ALTE LTDA.;PJ;EUCALIPTO;S/I;S/I;C;FUNDO EL CARMEN, CURAMAVIDA;18;732918;5852060;BIO BIO;LOS ANGELES;R;LOS ANGELES;0,70;43-533303;COLÓN 139, LOS ÁNGELES;altetour@entelchile.net;NO TIENE
BIOBIO;;Fo;;;08-1248;19-05-2009;SANTA FE;NEOSYLVA S.A.;NEOSYLVA S.A.;NEOSYLVA S.A.;PJ;EUCALIPTO;PINO;S/I;C;COLONIA SANTA FE PARCELA 65 LOTE 11-A;18;711889;5851711;BIO BIO;LOS ANGELES;R;LOS ANGELES;1,50;2-533270;ANTONIO RABAT 615, VITACURA, STGO.;cherrera.neosylva@gmail.com;NO TIENE
BIOBIO;;Fo;;;08-1249;19-05-2009;SAN CARLOS;MARCIAL ;REYES;RIFFO;M;EUCALIPTO;PINO;S/I;C;ANDRES MARTENE 250 SAN CARLOS PURÉN;18;740524;5835489;BIO BIO;LOS ANGELES;U;LOS ANGELES;0,50;43-533470;AV. ALEMANIA 358, LOS ÁNGELES;bosquessur@123.cl;NO TIENE
BIOBIO;;Fo;;;08-1250;19-05-2009;BOSQUE SUR;MARCIAL ;REYES;RIFFO;M;Pino;S/I;S/I;C;FUNDO TERCIO VIEJO LOTE 4, SAN CARLOS PURÉN;18;743878;5834750;BIO BIO;LOS ANGELES;R;LOS ANGELES;0,50;S/I;ANDRÉS MARTENNE S/N, SAN CARLOS;marcialreyes@entelchile.net;NO TIENE
BIOBIO;;Fo;;;08-1261;10-08-2009;PERLA VERDE;VIVERO FORESTAL PERLA VERDE;VIVERO FORESTAL PERLA VERDE;VIVERO FORESTAL PERLA VERDE;PJ;EUCALIPTO;S/I;S/I;C;KM 9,5 LOS ANGELES A SANTA BÁRBARA;18;744525;5842783;BIO BIO;LOS ANGELES;R;LOS ANGELES;0,43;43-524178;LOS COPIHUES 1242, LOS ÁNGELES;eduardoparrafuentes@hotmail.com;NO TIENE
BIOBIO;;;O;;08-1262;10-08-2009;QUINGAR;MIRNA ;GARCES;ORTEGA;F;ORNAMENTALES;S/I;S/I;C;PARCELA 4 EL AROMO;18;730470;5850080;BIO BIO;LOS ANGELES;U;LOS ANGELES;1,00;43-1971632;PARCELA 4, EL AROMO, LOS ÁNGELES;s/i;NO TIENE
BIOBIO;Ft;;;;08-1297;30-10-2009;LA ESPERANZA;LA ESPERANZA S. A.;LA ESPERANZA S. A.;LA ESPERANZA S. A.;PJ;AVELLANO EUROPEO;S/I;S/I;A;LA ESPERANZA DE SAN NICOLAS;18;724569;5861203;BIO BIO;QUILLECO;R;LOS ANGELES;1,00;2-6720318;MONEDA 920, OF. 601, SANTIAGO;oficinacentral@naguilan.cl;NO TIENE
BIOBIO;;Fo;;;08-1303;21-04-2010;CANTA RANA;VICTOR MANUEL ;TORRES;ZAPATA;M;EUCALIPTO;S/I;S/I;C;CANTA RANA;18;732602;5846542;BIO BIO;LOS ANGELES;R;LOS ANGELES;1,00;43-344561;MANUEL RODRIGUEZ 1413, LOS ÁNGELES;viverotorres@gmail.com;NO TIENE
BIOBIO;;Fo;;;08-1307;19-08-2010;EL ROBLE;AGR. Y FOR. LAS ASTAS S. A.;AGR. Y FOR. LAS ASTAS S. A.;AGR. Y FOR. LAS ASTAS S. A.;PJ;PINO;EUCALIPTO;S/I;A;EL ROBLE;18;764702;5874962;BIO BIO;TUCAPEL;R;LOS ANGELES;0,50;43-591393;AV. YUNGAI 786, HUEPIL;raulperezserani@monte-verde.cl;NO TIENE
BIOBIO;;Fo;;;08-1317;01-12-2010;ASTRUANS;ASDRUBAL ;RAMIREZ;ROSAS;M;PINO;EUCALIPTO;S/I;A/C;LA PRADERA;18;733960;5898607;BIO BIO;CABRERO;R;LOS ANGELES;0,25;43-411420;PAN. AM KM. 458;david_ramires_araya@hotmail.com;NO TIENE
BIOBIO;Ft;;;;08-1321;27-12-2010;PLANASA CHILE;PLANASA CHILE;PLANASA CHILE;PLANASA CHILE;PJ;FRUTILLA;S/I;S/I;C;CRUCE LAJA;18;731961;5877102;BIO BIO;CABRERO;R;LOS ANGELES;13,50;S/I;RUTA 5 SUR, KM 472, FUNDO LAS TEJAS;alabajos@planasa.cl;NO TIENE
BIOBIO;;Fo;;;08-366;1990-1991;COLICHEU;JUAN;ECHEVERRIA;S/I;M;PINO;S/I;S/I;C;COLONIA COLICHEU;18;744247;5895775;BIO BIO;CABRERO;R;LOS ANGELES;0,50;S/I;PARC. 15, COLICHEU;s/i;NO TIENE
BIOBIO;;Fo;;;08-551;1998-1999;BATUCO;ANIANO ;GONZALEZ;S/I;M;CAMELIA ;PINO AZUL;S/I;C;CRUCE LAJA-YUMBEL;18;728111;5882777;BIO BIO;CABRERO;R;LOS ANGELES;0,30;43-1974692;CRUCE CAMINO LAJA-YUMBEL;s/i;NO TIENE
BIOBIO;;Fo;;;08-262;1999-2000;EL CIRUELO;PEDRO ;ARRIAGADA;S/I;M;ARÁNDANO;EUCALIPTO;S/I;C;CRUCE EL CIRUELO;18;725416;5848533;BIO BIO;LOS ANGELES;R;LOS ANGELES;0,25;43-2311230;CRUCE EL CIRUELO;s/i;NO TIENE
BIOBIO;;Fo;;;08-337;1999-2000;DON POLITO;JOSE MANUEL ;CORVALAN;S/I;M;EUCALIPTO;PINO;S/I;C;CAMINO ANTUCO KM 9;18;744160;5852847;BIO BIO;LOS ANGELES;R;LOS ANGELES;2,00;S/I;CAMINO ANTUCO KM 9;s/i;NO TIENE
BIOBIO;;Fo;;;08-365;1999-2000;SANTA LUISA;CARLOS ;ARRUE;S/I;M;EUCALIPTO;S/I;S/I;C;SANTA LUISA-LA ISLA;18;732420;5859688;BIO BIO;LOS ANGELES;R;LOS ANGELES;0,25;S/I;S/I;s/i;NO TIENE
BIOBIO;;Fo;;;08-744;1999-2000;VIVERO FORESTAL;MARCO ;RODRIGUEZ;S/I;M;EUCALIPTO;S/I;S/I;C;SALTO DEL LAJA;18;733020;5877102;BIO BIO;LOS ANGELES;R;LOS ANGELES;0,10;S/I;EL PINAR, SALTO DEL LAJA;s/i;NO TIENE
BIOBIO;;Fo;;;08-301;2000-2001;SANTA ELISA;DAGOBERTO ;PAVEZ;S/I;M;S/I;S/I;S/I;C;COPA DE AGUA;18;736914;5850552;BIO BIO;LOS ANGELES;R;LOS ANGELES;0,25;S/I;S/I;s/i;NO TIENE
BIOBIO;;Fo;;;08-525;2000-2001;ASSEFOR;FRAMILIO ;RUIZ;S/I;M;S/I;S/I;S/I;C;LOS CRISTALES;18;741000;5839507;BIO BIO;LOS ANGELES;R;LOS ANGELES;0,05;S/I;LOS CRISTALES;s/i;NO TIENE
BIOBIO;Ft;Fo;O;;08-880;2000-2001;NELITA;NELLY;MUÑOZ;S/I;F;ORNAMENTALES;S/I;S/I;C;CAMINO A COIGUE PASADO 2 KM CRUCE STA. FE;18;722680;5847097;BIO BIO;LOS ANGELES;R;LOS ANGELES;2,50;S/I;CAMINO A COIGUE PASADO 2 KM CRUCE STA. FE;s/i;NO TIENE
BIOBIO;;Fo;;;08-296;2000-2001;LAS MOSQUETOS;JOSE ;SANZANA;C;M;PINO;S/I;S/I;C;PREDIO LOS MOSQUETOS;18;733568;5853366;BIO BIO;LOS ANGELES;R;LOS ANGELES;0,50;43-1971681;CASILLA 547, LOS ÁNGELES;s/i;NO TIENE
BIOBIO;;Fo;;;08-912;2001-2002;LICEO AGRICOLA A-63;LICEO AGRIC Y FOR. EL HUERTON;LICEO AGRIC Y FOR. EL HUERTON;LICEO AGRIC Y FOR. EL HUERTON;PJ;S/I;S/I;S/I;C;7 KM L. ANGELES EL HUERTON;18;740673;5850853;BIO BIO;LOS ANGELES;R;LOS ANGELES;0,20;43-2313621;CASILLA 2D, LOS ÁNGELES;s/i;NO TIENE
BIOBIO;;Fo;;;08-257;2002-2003;P23,LLANO VERDE;FORESTAL LLANO VERDE;FORESTAL LLANO VERDE;FORESTAL LLANO VERDE;PJ;PINO;EUCALIPTO;S/I;C;KM16,LOS ANGELES-ANTUCO;18;747032;5853734;BIO BIO;LOS ANGELES;R;LOS ANGELES;1,00;43-1971461;LOS CARRERA 179, LOS ÁNGELES;s/i;NO TIENE
BIOBIO;;Fo;;;08-677;2002-2003;P27,COLICHEO;GREGORIO ;HERRERA;P;M;S/I;S/I;S/I;A/C;P.27,COL. COLICHEO;18;744575;5896579;BIO BIO;CABRERO;R;LOS ANGELES;0,25;S/I;PARC. 27, COLICHEO;s/i;NO TIENE
BIOBIO;;Fo;;;08-241;2002-2003;SAN LUIS;JOSE E. ;IRIARTE;S/I;M;PINO;EUCALIPTO;S/I;C;CAMINO ANTUCO;18;720411;5850543;BIO BIO;LOS ANGELES;R;LOS ANGELES;0,50;43-2310643;CAMINO ANTUCO;s/i;NO TIENE
BIOBIO;;;O;;08-1438;02-09-2013;URIFLOR;RIOSECO Y URRUTIA LTDA;RIOSECO Y URRUTIA LTDA;RIOSECO Y URRUTIA LTDA;PJ;HORTENSIA;ROSAL;PALMERA;C;FUNDO LOS CASTAÑOS;18;737282;5844426;BIO BIO;LOS ANGELES;R;LOS ANGELES;1,50;S/I;FUNDO LOS CASTAÑOS;s/i;NO TIENE
BIOBIO;Ft;;;;08-964;2004-2005;RAYEN;PABLO;LEIVA;S/I;M;DURAZNERO;NOGAL;S/I;C;LOCALIDAD DE SAN JUAN (LLANO VERDE) A 12KM DE LOS ANGELES POR CAMINO DE ANTUCO.;18;746639;5853633;BIO BIO;LOS ANGELES;R;LOS ANGELES;0,50;S/I;LOCALIDAD DE SAN JUAN (LLANO VERDE) A 12KM DE LOS ANGELES POR CAMINO DE ANTUCO.;viverorayen@gmail.com;NO TIENE
BIOBIO;Ft;;O;;08-976;2004-2005;VIVERO COESAM;LABORATORIOS COESAM;LABORATORIOS COESAM;LABORATORIOS COESAM;PJ;ROSA MOSQUETA;LAVANDA;EDRINACEA, PACIFLORA, CAMELIAS, MATICO,CEDRÓN, ROZAS, LAUREL, HIPÉRICO.;A;PARCELA 42, A 2 KM DE LA RUTA 5 SUR POR CAMINO CHARRUA-CHACARILLAS;18;735053;5893220;BIO BIO;CABRERO;R;LOS ANGELES;0,40;S/I;CASILLA 88, CABRERO;s/i;NO TIENE
BIOBIO;Ft;Fo;O;;08-984;2004-2005;SANTA AMARA;AGRICOLA SANTA AMARA LTDA.;AGRICOLA SANTA AMARA LTDA.;AGRICOLA SANTA AMARA LTDA.;PJ;CAMELIA;AZALEA;MAGNOLIO;A/C;A 14 KM DE LOS ANGELES POR CAMINO NACIMIENTO SANTA FE ,  SECTOR LAS VIRGENES;18;720145;5852267;BIO BIO;LOS ANGELES;R;LOS ANGELES;0,50;S/I;CASILLA 254, LOS ANGELES;s/i;NO TIENE
BIOBIO;Ft;;;;08-986;2004-2005;LO CARLO;CARLOS ENRIQUE;ESCALONA;TRONCOSO;M;ARÁNDANO;FRAMBUESO;MORA;C;7 KM LOS ANGELES, COSTADO PUENTE RARINCO;18;735320;5856014;BIO BIO;LOS ANGELES;R;LOS ANGELES;0,20;43-2363672;CASILLA 790, LOS ÁNGELES;s/i;NO TIENE
BIOBIO;Ft;;;;08-987;2004-2005;VIVERO 2;SERVIPLANT S. A.;SERVIPLANT S. A.;SERVIPLANT S. A.;PJ;ARÁNDANO;S/I;S/I;A/C;VIRQUENCO, 14 KM LOS ANGELES A STA. FE;18;720668;5850937;BIO BIO;LOS ANGELES;R;LOS ANGELES;0,10;43-320424;VALDIVIA 300, OF. 745, LOS ÁNGELES;s/i;NO TIENE
BIOBIO;Ft;;;;08-1008;2004-2005;PRADO;PRADO MANN Y CIA. LTDA.;PRADO MANN Y CIA. LTDA.;PRADO MANN Y CIA. LTDA.;PJ;ARÁNDANO;S/I;S/I;A;CAMINO ANTUCO, KM 14;18;748957;5853341;BIO BIO;LOS ANGELES;R;LOS ANGELES;0,10;S/I;CASILLA 255, LOS ÁNGELES;s/i;NO TIENE
BIOBIO;;Fo;;;08-1017;2004-2005;LOS COPIHUES;JOSE M. ;CACERES;FLORES;M;VARIAS;S/I;S/I;C;SECTOR PATA DE GALLINA;18;729760;5847018;BIO BIO;LOS ANGELES;R;LOS ANGELES;0,75;S/I;S/I;s/i;NO TIENE
BIOBIO;;Fo;;;08-1067;2005-2006;DISUMO;EMP. DISUMO-BALNEARIO RIO CLARO;EMP. DISUMO-BALNEARIO RIO CLARO;EMP. DISUMO-BALNEARIO RIO CLARO;PJ;EUCALIPTO;S/I;S/I;C;KM 3,5 YUMBEL- YUMBEL ESTACION;18;717674;5888232;BIO BIO;YUMBEL;R;LOS ANGELES;0,10;S/I;PARC. 9, BALNEARIO RÍO CLARO, YUMBEL;s/i;NO TIENE
BIOBIO;Ft;;;;08-1082;2005-2006;EL BOLZON;AGRIC. Y FORESTAL ALPINO LTDA.;AGRIC. Y FORESTAL ALPINO LTDA.;AGRIC. Y FORESTAL ALPINO LTDA.;PJ;ARÁNDANO;S/I;S/I;A/C;CAMINO AEROPUERTO, KM 2.;18;731449;5851739;BIO BIO;LOS ANGELES;R;LOS ANGELES;0,25;43-315151;FUNDO EL BOLZÓN, CASILLA 836, LOS ÁNGELES;s/i;NO TIENE
BIOBIO;Ft;Fo;O;;08-1092;2005-2006;NUBIA;JUAN;LOPEZ;G ;M;EUCALIPTO;S/I;S/I;C;ZAÑARTU 598. CABRERO;18;730680;5898284;BIO BIO;CABRERO;R;LOS ANGELES;0,05;43-410942;ZAÑARTU 598, CABRERO;s/i;NO TIENE
BIOBIO;Ft;;;;08-1093;2005-2006;LOS MAITENES;GERMAN ;CÖSTER;CUEVAS;M;ARÁNDANO;S/I;S/I;C;SECTOR CANDELARIA;18;723334;5849019;BIO BIO;LOS ANGELES;R;LOS ANGELES;0,25;S/I;CASILLA 437, LOS ÁNGELES;s/i;NO TIENE
BIOBIO;;Fo;;;08-1097;2005-2006;EL OLIVO;PABLO ;MIERES;ESPINOZA;M;EUCALIPTO;PINO;S/I;C;SECTOR LOS TRONCOS. ESC. F-9414;18;738051;5871430;BIO BIO;LOS ANGELES;R;LOS ANGELES;0,12;43-360874;AV. ALMIRANTE LATORRE 630, LOS ÁNGELES;s/i;NO TIENE
BIOBIO;Ft;;;;08-1348;04-08-2011;CAMPO LINDO;MARIO  ;RÍOS;SANTANDER;M;FRAMBUESO;S/I;S/I;C;FUNDO CAMPO LINDO, CAMINO LAS TRANCAS;18;723372;5854745;BIO BIO;LOS ANGELES;R;LOS ANGELES;0,07;43-2344462;S/I;mariorioss@hotmail.com;NO TIENE
BIOBIO;Ft;;;;08-1397;18-06-2012;GREENVIC;COMERCIAL GREENVIC S.A;COMERCIAL GREENVIC S.A;COMERCIAL GREENVIC S.A;PJ;KIWI;S/I;S/I;C;CAMINO PUBLICO DUQUECO;18;736914;5844222;BIO BIO;LOS ANGELES;R;LOS ANGELES;1,00;72858220;AV. APOQUINDO 4775, STGO.;jsalazar@greenvic.cl;858275
BIOBIO;;;O;;08-1401;26-07-2012;JARDIN NICOLE;CAROLINA;MATEU;NEUMANN;M;VARIAS;S/I;S/I;C;CAMINO SAN ANTONIO KM. 0.8;18;737400;5849424;BIO BIO;LOS ANGELES;R;LOS ANGELES;0,25;77642902;COLÓN 482, OF. 60, LOS ANGELES;carolinamateun@hotmail.com;NO TIENE
BIOBIO;Ft;;;;08-1425;16-05-2013;AGRICOLA LLAHUEN 5;AGRICOLA LLAHUEN S.A ;AGRICOLA LLAHUEN S.A ;AGRICOLA LLAHUEN S.A ;PJ;FRUTILLA;S/I;S/I;C;PARCELA 26, LA VICTORIA, HUELQUÉN;18;747354;5842444;BIO BIO;LOS ANGELES;R;LOS ANGELES;97,00;02-4489722;PARCELA 26, LA VICTORIA, HUELQUEN;vivero@llahuen.com;02-8215444
BIOBIO;Ft;;;;08-1450;22.05.2014;COMFRUT GENETIC;PACRIALGO S.A.;;;PJ;FRAMBUESO;;;;Fundo Santa Sara, sector Los Aromos;18;733195;5879554;BIO BIO;LOS ANGELES;R;LOS ANGELES;;02-23346088;;gcalderon@comfrut.cl;
BIOBIO;;Fo;O;;08-1451;04.06.2014;SANTA ROSA;MARIA SOLEDAD;SANDOVAL;MILLAR;M;AVELLANO;RADAL;;;;18;744373;5843845;BIO BIO;LOS ANGELES;R;LOS ANGELES;;;;solesandovalmillar@gmail.com;
BIOBIO;;Fo;O;;08-1403;06-08-2012;ALIWENCO;SUSANA  LILIAN;REBOLLEDO;TORRES;F;AROMO CHILENO;RAULI;ROBLE;C;PARCELA 29 LOTE A2 PELECO;18;642908;5805933;ARAUCO;CAÑETE;R;ARAUCO;700 m2;78003203;CORREO CAÑETE;sussyrebolledo@gmail.com;NO TIENE
BIOBIO;;Fo;O;;08-1412;03-09-2012;HORCONES;BOSQUES ARAUCO S.A.;BOSQUES ARAUCO S.A.;BOSQUES ARAUCO S.A.;PJ;PINO ;EUCALIPTO;COPIHUE;A;LOS HORCONES S/N FUNDO LA PLAYA;18;659338;5882318;ARAUCO;ARAUCO;R;ARAUCO;103 hás.;2509100;S/I;esfuente@arauco.cl;NO TIENE
BIOBIO;;Fo;O;;08-1395;15-06-2012;LEBU;CRISTALERIA TORO S.A. ;CRISTALERIA TORO S.A. ;CRISTALERIA TORO S.A. ;PJ;BOLDO;ARRAYAN;CHILCO;A;FUNDO CHIMPE BAJO LEBU;18;619273;5827785;ARAUCO;LEBU;R;ARAUCO;120M2;2853949;S/I;gth@cristoro.cl;24374501
BIOBIO;;Fo;;;08-1279;03-09-2009;ESTRELLA DEL SUR;JUAN MIGUEL;GONZALEZ;GARCES;M;EUCALIPTO;S/I;S/I;C;LAS ARAUCARIAS S/N;18;655188;5790399;ARAUCO;CONTULMO;R;ARAUCO;200m2;2618007;CORREO CONTULMO;SIN CORREO;NO TIENE
BIOBIO;;Fo;;;08-501;21-01-2002;EL MANZANO;CARLOS;CONTRERAS ;ABURTO;M;EUCALIPTO;S/I;S/I;C;HIJUELA EL MANZANO HUILLINCO;18;652894;5781199;ARAUCO;CONTULMO;R;ARAUCO;3 hás.;82423190;CORREO CONTULMO;SIN CORREO;NO TIENE
BIOBIO;;Fo;;;08-1062;17-11-2005;EL CHACARERO;HECTOR ;PINCHEIRA;PROVOSTE;F;PINO INSIGNE;EUCALIPTO;S/I;C;STA ELENA SITIO 3, HIJUELA N° 1;18;648386;5814359;ARAUCO;CAÑETE;R;ARAUCO;36*36m2;2613286;7° DE LÍENA 899 CAÑETE;SIN CORREO;NO TIENE
BIOBIO;;Fo;;;08-1269;28-08-2009;PITRINCO;ANTONIO;AMPUERO;FUENTEALBA;M;EUCALIPTO;S/I;S/I;C;PITRINCO LOTE N° 13 ;18;642059;5827378;ARAUCO;LOS ALAMOS;R;ARAUCO;2,54 hás;2535081;ELVIRA SEPÚLVEDA 120 CAÑETE;aampuero@mahuida.tie.cl;2535081
BIOBIO;;Fo;;;08-694;02-11-1998;SANTA WILMA;MARIO;VALENZUELA;AGUAYO;M;PINO INSIGNE;EUCALIPTO;S/I;C;HIJUELA N° 4  HUENTELOLEN;18;640630;5797447;ARAUCO;CAÑETE;R;ARAUCO;1 has.;98793335;CORREO CAÑETE;SIN CORREO;NO TIENE
BIOBIO;;;O;;08-1309;19-08-2010;LAS PALMERAS;SOC. BURGOS Y SEPÚLVEDA LTDA.;SOC. BURGOS Y SEPÚLVEDA LTDA.;SOC. BURGOS Y SEPÚLVEDA LTDA.;PJ;ORNAMENTALES;S/I;S/I;C;IGNACIO CARRERA PINTO N° 894;18;636468;5834351;ARAUCO;LOS ALAMOS;U;ARAUCO;2800m2;2855700;IGNACIO CARRERA PINTO N° 894 LOS ALAMOS;burysea.@ltdahotmail.com;NO TIENE
BIOBIO;;Fo;;;08-1285;03-09-2009;PILQUICHOME;RODRIGO;REYES;CARTES;M;NATIVAS;S/I;S/I;C;PARCELA N° 11 LENCANBOLDO;18;634694;5812636;ARAUCO;CAÑETE;R;ARAUCO;320m2;62744513;CORREO CAÑETE;SIN CORREO;NO TIENE
BIOBIO;;Fo;O;;08-1281;03-09-2009;LAS CRUCES;BOSQUE;ARAUCO;LTDA;M;PINO;EUCALIPTO;NATIVA;C;LOS HORCONES S/N ;18;658891;5879136;ARAUCO;ARAUCO;R;ARAUCO;4 hás.;2509100;FUNDO MARIA LAS CRUCES - HORCONES (CURRIER);esfuente@arauco.cl;2509111
BIOBIO;;Fo;;;08-1270;28-08-2009;I.E.R.;LICEO ;TECNICO;PROFESIONAL;M;EUCALIPTO;S/I;S/I;C;IGNACIO CARRERA PINTO N° 12;18;634935;5834092;ARAUCO;LOS ALAMOS;U;ARAUCO;0,25 hás.;2533234;IGNACIO CARRERA PINTO N° 12 LOS ALAMOS;liceo.losalamos@ier.cl;2533234
BIOBIO;;Fo;O;;08-1286;11-09-2009;EL PELLIN;MOISEES;ISLAS ;CARRILLO;M;ORNAMENTALES;NATIVAS;S/I;C;PARCELA N° 34;18;637561;5771406;ARAUCO;TIRUA;R;ARAUCO;0,25hás.;98250292;CORREO TIRUA;viveroelpellin@hotmail.com;NO TIENE
BIOBIO;;Fo;;;08-1310;19-08-2010;AREA DE  SETOS MARIA LAS CRUCES;BOSQUE;ARAUCO;LTDA;M;PINO INSIGNE;S/I;S/I;C;MARIA LAS CRUCES;18;660081;5878781;ARAUCO;ARAUCO;R;ARAUCO;5 hás.;2509100;FUNDO MARIA LAS CRUCES - HORCONES (CURRIER);esfuente@arauco.cl;2509111
BIOBIO;;Fo;O;;08-783;09-12-2002;HUILLINCO;LAUTARO;BRIONES;CONTRERAS;M;EUCALIPTO;S/I;S/I;C;FUNDO LAS VERTIENTES;18;652094;5780649;ARAUCO;CONTULMO;R;ARAUCO;0,25hás.;94691069;CORREO CONTULMO;lautarobriones@gmail.com;NO TIENE
BIOBIO;Ft;;O;;08-1271;03-09-2009;LA CASCADA;JOSE ANACLICIO;SALAZAR;NAVARRO;M;ORNAMENTALES;S/I;S/I;C;PEDRO DE VALDIVIA N° 099;18;618128;5836778;ARAUCO;LEBU;U;ARAUCO;60m2;88128022;PEDRO DE VALDIVIA 099 LEBU;SIN CORREO;NO TIENE
BIOBIO;;;O;;08-317;08-01-1999;GRUPO ECOLOGICO ALTUE;SILVIA;CONCHA;TORO;F;ORNAMENTALES;NATIVAS;S/I;C;ARTURO PRAT N° 401;18;641115;5815086;ARAUCO;CAÑETE;U;ARAUCO;100m2;2611154;2° DE LÍNEA 726 CAÑETE;sicoto@hotmail.com;2611009
BIOBIO;;Fo;;;08-1396;15-06-2012;REPUTO;VIVERO;FORESTAL ;REPUTO LTDA;M;EUCALIPTO;S/I;S/I;C;HIJUELA SANTA INES H;18;619282;5827769;ARAUCO;CAÑETE;R;ARAUCO;0,25 hás.;796335056;SEPTIMO DE LINES 46-CAÑETE;jorgeotondo@gmail.com;NO TIENE
BIOBIO;;Fo;;;08-1293;23-04-2012;EL LINGUE;SILVOAGROPECUARIA;FORETAS;REGNANS LTDA;M;EUCALIPTO;S/I;S/I;A;FUNDO EL LINGUE;18;633000;5865000;ARAUCO;ARAUCO;R;ARAUCO;0,08 hás.;2551518;COVADONGA 435-ARAUCO;prosylva@entelchile.net;2551463
BIOBIO;Ft;Fo;O;;08-1430;05-02-2013;MARIA MERCEDES;ERICA;ALVAREZ;Cifuentes;F;CACTUS ;AMARANTA;CALONGE;C;POCUNO;18;647124;5790464;ARAUCO;CAÑETE;R;ARAUCO;450M2;S/I;CORREO CAÑETE;SIN CORREO;NO TIENE
BIOBIO;Ft;Fo;O;;08-1464;06.08.2014;VERDE ESPERANZA;ELBA IBETH;Suárez ; Tiznado;M;Azaleas, Alegría del Hogar, Rosas;FRUTAL;NATIVA;;Las Araucarias 467 Cerro Alto;18;640130;5836462;ARAUCO;LOS ALAMOS;;ARAUCO;;;;ELBA.SUAREZ.TIZNADO@GMAIL.COM;
BIOBIO;Ft;;;;08-1465;29.08.2014;VIVERO SANTA CLARA;COMERCIAL e Inversiones Hermanos Sánchez-Muñoz Ltda.;;;PJ;Murtilla Red pearl;Murtilla South Pearl;Murtilla silvestre;;Los Tehueles/Pasaje Los Álamos s/n Huillinco;18;643161;5819878;ARAUCO;CAÑETE;;ARAUCO;;6619476;;fsanmu@gmail.com;41-2619476
BIOBIO;Ft;;O;;08-1471;19.11.2014;JARDÍN ARRAYÁN;CAROLINA;ALARCÓN;ARROYO;M;"Alegría del Hogar; begonias; cactus";Rododendros, Azaleas;;;Santa Sofía/ Hijuela 4, sector Cheñenco;18;645901;5867634;ARAUCO;ARAUCO;;ARAUCO;;;;jardinarrayan@gmail.com;
BIOBIO;Ft;;;;08-595;22-05-2000;AGRICHILE;AGRICHILE SA.;AGRICHILE SA.;AGRICHILE SA.;PJ;AVELLANO EUROPEO;S/I;S/I;A;PREDIO LOS CHEQUENES;18;235546;5916774;ÑUBLE;SAN IGNACIO;R;BULNES;1,00;88357781;;S/i;
BIOBIO;Ft;;;;08-859;13-09-1996;TRES QUILLAYES;MARIO  EDUARDO;MONSALVES;NUÑEZ;M;CEREZO;S/I;S/I;C;LOS TRES QUILLAYES,VILLA EL ENCANTO;18;724813;5931102;ÑUBLE;QUILLÓN;R;BULNES;0,25;93238804;;S/i;
BIOBIO;Ft;;;;08-1245;25-11-2008;SANTA OLIVIA;LUIS  AURELIO;MONSALVES;NUÑEZ;M;CEREZO;S/I;S/I;A;RESERVA SANTA OLIVIA;18;737120;5934998;ÑUBLE;BULNES;R;BULNES;0,50;92226378;;monsalves@yahoo.com;
BIOBIO;Ft;;;;08-1360;22-10-2008;SAN  FERNANDO;PAULO;BASTERRICA;SANDOVAL;M;ARÁNDANO;S/I;S/I;A;FUNDO SAN FERNANDOP KM. 37 CAMINO  YUNGAY SECTOR LABRAÑA;18;760266;5909386;ÑUBLE;EL CARMEN;R;BULNES;0,25;91786431;;paulo.basterrica@gmail.com;
BIOBIO;Ft;;;;08-1037;08-06-2005;CASA BLANCA;OSCAR;DEL CAMPO;RAMIREZ;M;CEREZO;S/I;S/I;C;PARCELA CASA BLANCA CHILLANCITO;18;728616;5925238;ÑUBLE;QUILLÓN;R;BULNES;0,50;2948311;;rizambrano@yahoo.es;
BIOBIO;Ft;;;;08-578;22-02-1993;JUAN Y JUAN;AGRICOLA FUENTES LTDA;;;PJ;ARÁNDANO;MURTILLA;S/I;C;PARCELA Nº 1  LOS TILOS;18;749753;5914929;ÑUBLE;BULNES;R;BULNES;0,50;96575202;;teredavila@live.com;
BIOBIO;Ft;;;;08-731;10-09-2002;EL POZO;LUIS  HERNAN;VARGAS;CIFUENTES;M;CEREZO;S/I;S/I;A;SECTOR COYANCO;18;721538;5930458;ÑUBLE;QUILLÓN;R;BULNES;0,10;76340875;;S/i;
BIOBIO;Ft;;O;;08-1362;14-02-2011;LAS MERCEDES;AGRICOLA PHYTOCLING LTDA;;;PJ;STEVIA;S/I;S/I;C;HIJUELAS SUR FDO LAS MERCEDES;18;729960;5929171;ÑUBLE;QUILLÓN;R;BULNES;0,20;042-581229;;phytocling2@hotmail.com;
BIOBIO;;;O;;08-1327;07-03-2011;D Y W;ASESORIAS E INVERSIONES DIAZ Y WICHMANN LTDA.;;;PJ;MENTA;S/I;S/I;A;CAMINO RINCONADA DE PALPAL KM. 1;18;734562;5920934;ÑUBLE;BULNES;R;BULNES;3,00;93327561;;rdiaz2088@gmail.com;
BIOBIO;Ft;;O;;08-1220;12-09-2008;SANTA GERTRUDIS;GERTRUDIS GENOVEVA;VILLEGAS;AGUILERA;F;CEREZO;MANZANO;S/I;C;CALLE 18 SEPTIEMBRE 595 -QUILLON;18;725200;5930144;ÑUBLE;QUILLÓN;U;BULNES;0,10;94247034;;S/i;
BIOBIO;Ft;;;;08-1312;21-07-2008;VITROAGRO;VITROAGRO LTDA.;VITROAGRO LTDA.;VITROAGRO LTDA.;PJ;EUCALIPTO;PINO INSIGNE;S/I;C;CASILLA 52 -QUILLON;18;727906;5926277;ÑUBLE;QUILLÓN;R;BULNES;0,25;83191369;;ggotelli@vitroagro.cl;
BIOBIO;Ft;;;;08-1002;04-10-2004;LAS ARAUCARIAS;VICTOR EUGENIO;CARTES;FUENTEALBA;M;ARÁNDANO;S/I;S/I;A;PARCELA 6 SECTOR LOS ROBLES SELVA NEGRA;18;756346;5918560;ÑUBLE;SAN IGNACIO;R;BULNES;0,10;94425176;;S/i;
BIOBIO;Ft;;;;08-1251;17-11-2006;NOVAFRUT;ALFREDO;LOBOS ;SERRA;M;ARÁNDANO;S/I;S/I;C;PARCELA  25 SUBDIVICION FDO. SN. FRANCISCO;18;725884;5928015;ÑUBLE;QUILLÓN;R;BULNES;0,10;41-2238311;;lobocerras@hotmail.com;
BIOBIO;Ft;;;;08-528;29-09-1998;AGRICAMEX;AGRICAMEX LTDA;AGRICAMEX LTDA;AGRICAMEX LTDA;PJ;PERAL;ARÁNDANO;S/I;A;SECTOR LOS CANELOS FDO LAS PERDICES;18;758430;5929181;ÑUBLE;SAN IGNACIO;R;BULNES;0,25;2-2323521;;agricamex@entelchile.cl;
BIOBIO;Ft;;;;08-482;16-03-1992;LOS QUILLAYES;OSCAR   RENE;ESCOBAR;RODRIGUEZ;M;QUILLAY;NATIVAS;S/I;C;PARCELA LOS QUILLAYES S/N SECTOR LAS MERCEDES;18;729392;5929749;ÑUBLE;QUILLÓN;R;BULNES;1,00;42-581517;;info@viverolosquillayes.cl;
BIOBIO;Ft;Fo;;;08-1407;22-08-2012;EL OLIVAR;SERVICIO FORESTALES INTEGRALES KONRAD Y CIA LTDA;;;PJ;PINO;EUCALIPTO;S/I;A;PARCELA EL OLIVAR S/N;18;726969;5931366;ÑUBLE;QUILLÓN;R;BULNES;0,25;2930844;;S/i;
BIOBIO;Ft;;;;08-816;19-03-2003;COYANCO;SOC AGRICOLA FORESTAL LAUTARO LTDA;SOC AGRICOLA FORESTAL LAUTARO LTDA;;PJ;PINO;EUCALIPTO;S/I;C;SECTOR COYANCO QUILLON;18;717860;5929392;ÑUBLE;QUILLÓN;R;BULNES;1,00;S/I;;S/i;
BIOBIO;Ft;;;;08-643;13-10-1993;LA QUINTA DE VERGARA;MANUEL JESUS;VERGARA;MONSALVE;M;PINO;EUCALIPTO;S/I;C;SAN IGNACIO DE PALOMARES;18;708563;5944660;ÑUBLE;RANQUIL;R;BULNES;0,10;85801698;;S/i;
BIOBIO;Ft;;O;;08-1387;26-04-2012;ECOPROCESOS;ECOPROCESOS LTDA;ECOPROCESOS LTDA;ECOPROCESOS LTDA;PJ;STEVIA;S/I;S/I;C;P -7 EX FDO SAN VICENTE;18;726153;5931676;ÑUBLE;QUILLÓN;R;BULNES;0,10;72114691;;ecoprocesosltda@gmail.com;
BIOBIO;Ft;;;;08-1388;24-04-2012;LA HERA;LUIS ARNOLDO;CEA;RUBIO;M;CEREZO;S/I;S/I;C;PARCELA EL MANZANO;18;718504;5931653;ÑUBLE;QUILLÓN;R;BULNES;0,10;95204028;;S/i;
BIOBIO;Ft;Fo;;;08-1244;08-04-2009;SAN ISIDRO;MASISA SA;MASISA SA;MASISA SA;PJ;PINO;EUCALIPTO;NATIVA;C;FUNDO SAN ISIDRO SECTOR TRES ESQUINAS;18;750714;5926819;ÑUBLE;BULNES;R;BULNES;40,00;421971072;;S/i;
BIOBIO;Ft;;;;08-519;31-03-1993;BULARCO;ANDRES;CANALES;VAN DER VALK;PJ;PINO;S/I;S/I;C;SAN JUAN DE BULARCO;18;707198;5944731;ÑUBLE;BULNES;R;BULNES;0,10;S/I;;S/i;
BIOBIO;Ft;;O;;08-1435;07-08-2013;WILCO;AGRICOLA CHRISTINA PIERART PACHECO;AGRICOLA CHRISTINA PIERART PACHECO;;PJ;ORNAMENTALES;FRUTAL;S/I;C;FUDNO EL ALBA, HIJUELA 2, RUTA 148;18;731907;5928687;ÑUBLE;QUILLÓN;R;BULNES;0,10;S/I;;S/i;
BIOBIO;Ft;;;;08-1462;21.07.2014;LOS NEGROS;AGRICOLA LOS NEGRO;AGRICOLA LOS NEGRO;AGRICOLA LOS NEGRO;PJ;ARÁNDANO;S/I;S/I;S/I;HIJUELA 1 FUNDO ITATA, CHILLANCITO;18;728530;5925244;ÑUBLE;QUILLÓN;R;BULNES;0,10;S/I;;S/i;
BIOBIO;Ft;;;;08-1413;17-10-2012;EL FORTIN;LUIS HERNAN ;VALENZUELA;JARA;M;VID;S/I;S/I;A/C;LOTE A2 FUNDO SANTA ELENA;18;725158;5925103;ÑUBLE;QUILLÓN;R;BULNES;0,10;042-1974116;;S/i;
BIOBIO;Ft;;;;08-419;05-06-2000;SANTA CLARA;FERNANDO VARGAS OPAZO EEIRRL;FERNANDO VARGAS OPAZO EEIRRL;;PJ;CEREZO;MANZANO;PERAL;S/I;PARCELA 13 SANTA CLARA;18;739276;5916383;ÑUBLE;BULNES;R;BULNES;1,00;77584622;;S/i;
BIOBIO;;Fo;;;08-1440;03-09-2013;AGUAS AZULES;PASCUALA;SANDOVAL;GARRIDO;F;EUCALIPTO;S/I;S/I;C;SECTOR AGUAS AZULES, EL CARMEN;18;765117;5909747;ÑUBLE;EL CARMEN;R;BULNES;0,10;84502364;;S/I;
BIOBIO;Ft;;;V;08-1463;28.07.2014;LOS ENCINOS;ELIO;ZÚÑIGA;VALENZUELA;M;VID;FRUTAL;;;El Pino/ Sector El Culbén Cerro Negro;18;731106;5916564;ÑUBLE;QUILLÓN;;BULNES;;;;;
BIOBIO;Ft;Fo;O;;08-1113;3-11-2006;RIHUE NORTE;GASTON ;MEYNET;STAGNO;M;ARÁNDANO;KIWI;S/I;A/C;FUNDO RIHUE;18;710857;5834110;BIO BIO;NEGRETE;R;MULCHÉN;1;;;gastonmeynet@yahoo.es;
BIOBIO;Ft;Fo;O;;08-1112;3-11-2006;VIVERO MULCHEN;XIMENA;LAGOS;S/I;F;EUCALIPTO;ARÁNDANO;S/I;C;RUTA 5 SUR KM. 536,;18;742113;5824286;BIO BIO;MULCHEN;R;MULCHÉN;0,6;;;ramos.morel@gmail.com;
BIOBIO;;;O;;08-821;10-3-2004;VIVERO LOS TULIPEROS;SILVIA;PEREZ;CANALES;F;TULIPERO;ORQUIDEAS;AZALEA;C;PARCELA SANTA CRUZ;18;708737;5845523;BIO BIO;NACIMIENTO;R;MULCHÉN;2;;;lostuliperos@hotmail.com;
BIOBIO;Ft;;;;08-986;10-8-2004;VIVERO SANTA SOLEDAD;SOC. AGRIC.Y GANADERA STA. SOLEDAD;SOC. AGRIC.Y GANADERA STA. SOLEDAD;;PJ;ARÁNDANO;S/I;S/I;C;FUNDO SANTA SOLEDAD;18;751848;5829279;BIO BIO;SANTA BARBARA;R;MULCHÉN;2;;;orudloff@gmail.com;
BIOBIO;;Fo;;;08-1205;8-5-2008;VIVERO BERANGO;FORESTAL BERANGO LTDA.;FORESTAL BERANGO LTDA.;;PJ;PINO RADIATA;S/I;S/I;C;HIJUELA HUINCUL, MULCHEN;18;740376;5833545;BIO BIO;MULCHEN;R;MULCHÉN;0,03;;;jose.basauri@bagaro.cl;
BIOBIO;Ft;;;;08-1111;3-11-2006;VIVERO MARANELLO;AGRICOLA MARANELLO LTDA.;AGRICOLA MARANELLO LTDA.;;PJ;ARÁNDANO;FRUTILLA;FRAMBUESO;C;FUNDO EL SAUCE;18;710374;5843807;BIO BIO;NACIMIENTO;R;MULCHÉN;3;;;vivero@maranello.cl;
BIOBIO;Ft;Fo;O;;08-1115;3-11-2006;VIVERO RIHUE;GASTON ;MEYNET;HOHMANN;M;ARÁNDANO;S/I;S/I;C;FUNDO RIHUE;18;710856;5834075;BIO BIO;NEGRETE;R;MULCHÉN;1;;;gastonmeynet@yahoo.es;
BIOBIO;Ft;Fo;O;;08-1296;26-10-2009;AGRICOLA MONTE DEL SOL;AGRICOLA MONTE DEL SOL LTDA.;AGRICOLA MONTE DEL SOL LTDA.;;PJ;MANZANO;AZALEA;RODODENDRO;C;PARCELA 11 LOTE LA CAPILLA;18;710331;5840675;BIO BIO;NEGRETE;R;MULCHÉN;1,4;;;o-galarce@hotmail.com;
BIOBIO;Ft;;;;08-1447;27-11-2013;VIVERO BUREO;VIÑA SUTIL S.A;VIÑA SUTIL S.A;VIÑA SUTIL S.A;PJ;CEREZO;S/I;S/I;A;PARCELA 21 SECTOR BUREO;18;723174;5837237;BIO BIO;MULCHEN;R;MULCHÉN;0,45;;;ghargous@sutil.cl;
BIOBIO;Ft;;;;08-1475;25.11.2014;LA RINCONADA;AGRICOLA RINCONADA DE RIHUE;;;PJ;CASTAÑO;;;;Fundo Santa Ana/ Sector Rihue, subsector La Rinconada;;709063;5835741;BIO BIO;NEGRETE;;MULCHÉN;;57270057;;"rinconadaderihue@gmail.com; albertoallendef@gmail.com";
BIOBIO;Ft;;;;08-1256;12-08-2009;AGRICOLA PERQUILAUQUEN;JORGE ;CIFUENTES ;NARVAEZ;M;ARÁNDANO;S/I;S/I;C;FUNDO EL PEUMO DE ZEMITA;19;251170;5973814;ÑUBLE;ÑIQUÉN;R;SAN CARLOS;1,50;90448706;KM 27 A CHACAY;S/N;NO TIENE
BIOBIO;;Fo;;;08-1195;03-03-2008;ANAIS;VICTOR ;MAS;RODRIGUEZ;M;EUCALIPTO;PINO INSIGNE;S/I;C;KM 2 CAPE;19;237010;5966218;ÑUBLE;SAN CARLOS;R;SAN CARLOS;0,20;88572351;KM 2 CAPE;S/N;NO TIENE
BIOBIO;Ft;;O;;08-1330;18-03-2011;ANLLY;MIGUEL ;NOVOA;TRONCOSO;M;ROSAL;CACTUS;MUTILLA;C;CAMINO SAN NICOLÁS KM.5 EL MANZANO;18;758199;5955397;ÑUBLE;SAN NICOLÁS;R;SAN CARLOS;1,50;82059474;CAMINO A SAN NICOLÁS KM. 5;S/N;NO TIENE
BIOBIO;;;O;;08-1420;10-04-2013;ARCOIRIS;EDUARDO ENRIQUE;SOTO;AGUAYO;M;ORNAMENTALES;S/I;S/I;C;CAMINO SAN FABIAN KM 5,4;19;240048;5964437;ÑUBLE;SAN CARLOS;R;SAN CARLOS;0,5;98462173;ÑUBLE 771 SAN CARLOS;S/N;NO TIENE
BIOBIO;;Fo;;;08-1299;05-01-2010;AYIMRAY;ALEX ;ESCARES ;CABRERA;M;EUCALIPTO;AVELLANO;S/I;C;RUTA EL CONQUISTADOR KM 10,40;18;700892;5950447;ÑUBLE;COELEMU;R;SAN CARLOS;0,25;89304236;RUTA EL CONQUISTADOR KM 10,40 COLELEMU;S/N;NO TIENE
BIOBIO;Ft;Fo;;;08-1383;20-04-2012;BELEN;MARIA ;GONZALEZ;CONSTANZO;F;CANELO;HORTENSIA;MATICO;C;AVENIDA ANDES 137 SAN FABIAN;18;708507;5948818;ÑUBLE;SAN FABIAN DE ALICO;R;SAN CARLOS;0,10;88572766;AVENIDA ANDES 137 SAN FABIAN;S/N;NO TIENE
BIOBIO;;;O;;08-1316;16-09-2010;BONSAY;OULIANA ;MORALES ;BASTIAS;F;CLAVEL;NATIVAS;S/I;C;MUTUPIN KM8 CAMINO SAN FABIAN;19;243697;5964063;ÑUBLE;SAN CARLOS;R;SAN CARLOS;0,50;86533897;MUTUPIN KM8 CAMINO SAN FABIAN;S/N;NO TIENE
BIOBIO;;Fo;;;08-845;18-07-1996;BRIAN;LUIS;ALARCON;IBARRA;M;PINO INSIGNE;EUCALIPTO;S/I;C;QUEBRADA HONDA QUIRIHUE;18;707089;5996221;ÑUBLE;QUIRIHUE;R;SAN CARLOS;0,30;86107800;QUEBRADA HONDA COBQUECURA;S/N;NO TIENE
BIOBIO;;Fo;O;;08-1332;18-03-2011;CENTRO AGROFORESTAL;LICEO POLITECNICO CARLOS MONTANE CASTRO;;;PJ;PINO INSIGNE;EUCALIPTO;S/I;C;KM2 CAMINO A COBA;18;719815;5983970;ÑUBLE;QUIRIHUE;R;SAN CARLOS;2,00;531219;KM2 CAMINO A COBA;S/N;5312130
BIOBIO;;Fo;;;08-1156;29-05-2007;CHANGARAL;AMANDA ;CONTRARAZ;PAVEZ;F;PINO INSIGNE;EUCALIPTO;S/I;C;KM13.8 SAN NICOLAS;18;743026;5951078;ÑUBLE;SAN NICOLÁS;R;SAN CARLOS;0,30;245939;KM13.8 SAN NICOLAS;S/N;NO TIENE
BIOBIO;;;;V;08-1349;04-08-2011;CURICA;SOCIEDAD VIÑA ZANORA LTDA;SOCIEDAD VIÑA ZANORA LTDA;;PJ;VID;S/I;S/I;C;FUNDO LOS SAUCES HIJUELAS 3;18;761272;5957974;ÑUBLE;SAN NICOLÁS;R;SAN CARLOS;0,20;42972374;FUNDO LOS SAUCES HIJUELAS 3;S/N;NO TIENE
BIOBIO;;Fo;;;08-1235;12-04-1994;DIXON;JOSE ;PARRA;ORTIZ;M;PINO INSIGNE;S/I;S/I;C;QUEBRADA HONDA QUIRIHUE;18;707148;5996424;ÑUBLE;QUIRIHUE;R;SAN CARLOS;0,50;62534282;QUEBRADA HONDA COBQUECURA;S/N;NO TIENE
BIOBIO;Ft;;;;08-1253;11-08-2009;DRISCOLLS DE CHILE S.A.;DRISCOLLS DE CHILE S.A.;DRISCOLLS DE CHILE S.A.;;PJ;ARÁNDANO;S/I;S/I;C;CAMINO SAN NICOLÁS KM 3;18;759830;5954684;ÑUBLE;SAN NICOLÁS;R;SAN CARLOS;0,80;228000;KM 3 CAMINO SAN NICOLÁS;VIVEROS@DRISCOLL'S.CL;NO TIENE
BIOBIO;;Fo;;;08-1230;14-03-1994;EL CARMEN;SERGIO ;FRANCO;BUSTOS;M;PINO INSIGNE;EUCALIPTO;S/I;C;CORREO COBQUECURA;18;706956;5995628;ÑUBLE;QUIRIHUE;R;SAN CARLOS;0,25;97227575;QUEBRADA HONDA QUIRIHUE;S/N;NO TIENE
BIOBIO;Ft;Fo;O;;08-1263;19-08-2009;EL ESPINAL;JUAN ;CORTES;TAPIA;M;MANDARINO;ROSAL;S/I;C;PARCELA 35 PARTE BELLA UNIÓN VIRGUIN;19;244473;5974740;ÑUBLE;ÑIQUÉN;R;SAN CARLOS;0,20;28216010;PARCELA 35 PARTE BELLA UNIÓN VIRGUIN ;JUANCORTEZT@YOOH.COM;NO TIENE
BIOBIO;;Fo;;;08-1236;19-01-1995;EL MENBRILLO;PEDRO ;SANCHEZ;GARCIA;M;PINO INSIGNE;EUCALIPTO;S/I;C;QUEBRADA HONDA QUIRIHUE;18;706967;5995690;ÑUBLE;QUIRIHUE;R;SAN CARLOS;0,05;62609452;QUEBRADA HONDA QUIRIHUE;S/N;NO TIENE
BIOBIO;;Fo;;;08-1233;17-05-2004;ERIKA;PEDRO ;JIMENEZ ;HENRRIQUEZ;M;PINO INSIGNE;EUCALIPTO;S/I;C;PARCELA LAS PATAGUAS EL TOLLO;18;707275;5995107;ÑUBLE;QUIRIHUE;R;SAN CARLOS;0,01;95227966;PARCELA LAS PATAGUA EL TOLLO;S/N;NO TIENE
BIOBIO;Ft;;;;08-1446;11-10-2013;ESPARRAGOS;IGNACIO LUIS;LOPEZ ;OLALDE;M;HORTALIZAS;S/I;S/I;C;SAN ROQUE;19;251163;5968108;ÑUBLE;ÑIQUÉN;R;SAN CARLOS;0,1;92203459;ISABEL RIQUELME 1051 CHILLAN;ignaciolopez@sanroquefarms.com;NO TIENE
BIOBIO;Ft;;O;;08-1400;09-07-2012;FLORISTERIA FLORTERRA;CAROLINA;HERRERA;MORALES;F;ORNAMENTALES;FRUTAL;S/I;C;O'HIGGINS Nº 1199, SAN CARLOS;19;234288;5965626;ÑUBLE;SAN CARLOS;U;SAN CARLOS;0,01;S/I;O'HIGGINS Nº 1199, SAN CARLOS;SIN CORREO;NO TIENE
BIOBIO;Ft;;;;08-1324;07-03-2011;JARDIN ENE PLANTAS;DANIELA;GONZALES;CONTRERAS;F;ORNAMENTALES;S/I;S/I;C;PANAMERICANA 5 SUR KM 376;19;235633;5964499;ÑUBLE;SAN CARLOS;U;SAN CARLOS;0,03;416646;RIQUELME Nº 553 - SAN CARLOS;S/N;NO TIENE
BIOBIO;Ft;;O;;08-1302;05-02-2010;JARDIN QUINCHAMALI;GRICELDA ;ZAMBRANO;PEREDA;F;AVELLANO;NECTARIN;S/I;C;EL ORATORIO SAN CARLOS;18;761792;5953042;ÑUBLE;SAN CARLOS;R;SAN CARLOS;0,50;212375;EL ORATORIO SAN CARLOS;S/N;212375
BIOBIO;;Fo;;;08-1254;12-08-2009;LA VEGA;CGE GENERACIÓN S.A.;CGE GENERACIÓN S.A.;CGE GENERACIÓN S.A.;PJ;ROBLE;AVELLANO BOLDO;S/I;C;FUNDO LA VEGA SAN FABIAN DE ALICO;19;266849;5955606;ÑUBLE;SAN FABIAN DE ALICO;R;SAN CARLOS;0,50;687556;SAN FABIAND E ALICO FUNDO LA VEGA;S/N;NO TIENE
BIOBIO;Ft;;;;08-1368;28-02-2012;LAS MERCEDES;CARLOS ;DIAS;MARTINEZ;M;ARÁNDANO;S/I;S/I;C;LAS MERCEDES DE CUADRAPANGUE;19;235168;5959023;ÑUBLE;SAN CARLOS;R;SAN CARLOS;0,20;42430361;LAS MERCEDES DE CUADRAPANGUE;S/N;NO TIENE
BIOBIO;Ft;Fo;O;;08-1260;12-08-2009;LOS ALMENDROS;ANA ;BRAVO;VENEGAS;M;EUCALIPTO;ROBLE;PEUMO;C;MUTIPIN CAMINO SAN FABIAN;19;244210;5963916;ÑUBLE;SAN CARLOS;R;SAN CARLOS;0,10;89813521;MUTIPIN CAMINO SAN FABIAN;S/N;NO TIENE
BIOBIO;;;O;;08-1346;01-08-2011;LOS SAUCES;JOSE MARIA DE JESUS ;VALENZUELA;RODRIGUEZ;M;ROSAL;CAMELIA;AVELLANO;C;PARCELA LOS SAUCES CUADRAPANGUE;19;236881;5957803;ÑUBLE;SAN CARLOS;R;SAN CARLOS;0,20;93687056;PARCELA LOS SAUCES CUADRANGUE;S/N;NO TIENE
BIOBIO;Ft;Fo;;;08-1258;12-08-2009;LOS TILOS;JORGE ;LOPEZ ;SEPULVEDA;M;PINO INSIGNE;EUCALIPTO;S/I;C;SECTOR PUENTE ÑUBLE;18;759983;5951800;ÑUBLE;SAN NICOLÁS;R;SAN CARLOS;2,00;970122;SECTOR PUENTE ÑUBLE;S/N;970122
BIOBIO;;Fo;;;08-1229;23-06-1998;MAGALI MARIA;MARIO ;PRADENAS;PARRA;M;PINO INSIGNE;EUCALIPTO;S/I;C;PARCELA EL ESTANQUE QUEBRADA HONDA;18;707178;5996119;ÑUBLE;QUIRIHUE;R;SAN CARLOS;0,25;S/I;QUEBRADA HONDA COBQUECURA;S/N;NO TIENE
BIOBIO;Ft;Fo;O;;08-1326;07-03-2011;MUTUPIN;VIVERO RICARDO ITURRIETA E HIJO LTDA.;VIVERO RICARDO ITURRIETA E HIJO LTDA.;VIVERO RICARDO ITURRIETA E HIJO LTDA.;PJ;ORNAMENTALES;FRUTAL;FORESTAL;C;LOTE Nº 4 - GAONA;19;240307;5964345;ÑUBLE;SAN CARLOS;R;SAN CARLOS;1,00;S/I;KM 5 CAMINO SAN FABIAN (PIEDRA REDONDA);S/N;NO TIENE
BIOBIO;;;O;;08-1439;03-09-2013;PLANTINERA PUYARAL LTDA.;AGRICOLA Y COMERCIAL QUIJADA Y QUEZADA LTDA.;AGRICOLA Y COMERCIAL QUIJADA Y QUEZADA LTDA.;AGRICOLA Y COMERCIAL QUIJADA Y QUEZADA LTDA.;PJ;HORTALIZAS;S/I;S/I;C;PUYARAL S/N;18;750609;5956231;ÑUBLE;SAN NICOLÁS;R;SAN CARLOS;0,20;S/I;FUNDO PUYARAL;S/N;NO TIENE
BIOBIO;Ft;;;;08-1443;29-10-2013;SAN MIGUEL;BERNARDO RICHARD;VASQUEZ;VAZQUEZ;M;HORTALIZAS;S/I;S/I;C;SAN MIGUEL DE ABLEMO;19;231945;5961751;ÑUBLE;SAN CARLOS;R;SAN CARLOS;0,10;S/I;SAN MIGUEL DE ABLEMO SITIO 19;bernardovasquez@hotmal.cl;NO TIENE
BIOBIO;;Fo;O;;08-1125;27-12-2006;SAN NICOLAS;ARTURO;AYLWIN;VALENZUELA;M;PINO INSIGNE;EUCALIPTO;S/I;C;LOTE A1 KM 2.5 CAMINO SAN NICOLAS;18;759936;5954445;ÑUBLE;SAN NICOLÁS;R;SAN CARLOS;1,00;971532;LOTE A1 KM 2.5 CAMINO SAN NICOLAS;arturoaylwin@viverosannicolas.cl;NO TIENE
BIOBIO;;Fo;;;08-785;14-03-1994;SAN RAMON;MARIA ;SANCHEZ;VENEGAS;F;EUCALIPTO;PINO INSIGNE;S/I;C;QUEBRADA HONDA QUIRIHUE;18;706946;5995676;ÑUBLE;QUIRIHUE;R;SAN CARLOS;0,03;S/I;CORREO COBQUECURA;S/N;NO TIENE
BIOBIO;;Fo;;;08-459;23-03-1999;SAN SEBASTIAN;JOSE ;PARRA;ESPINOZA;M;PINO INSIGNE;EUCALIPTO;S/I;C;QUEBRADA HONDA KM 10 CAMINO COBQUECURA;18;706927;5996315;ÑUBLE;QUIRIHUE;R;SAN CARLOS;0,20;S/I;CORREO COBQUECURA;S/N;NO TIENE
BIOBIO;Ft;;;;08-1239;10-03-2009;SANTA MARIANA LTDA;PABLO ;MUÑOZ;VEGA;M;ARÁNDANO;S/I;S/I;C;GUILLERMO COXINTERIOR  S/N BUCHUPUREO;18;701810;6005545;ÑUBLE;COBQUECURA;R;SAN CARLOS;0,50;42-324682;GULLERMO COX INTERIOR S/N;S/N;NO TIENE
BIOBIO;Ft;Fo;;;08-1192;01-04-2008;SANTA TERESITA;ALEJANDRA ;HERNANDEZ;GUAJARDO;F;PINO INSIGNE;EUCALIPTO;ARÁNDANO;C;CAMINO A CAPE KM2 ;19;237660;5966359;ÑUBLE;SAN CARLOS;R;SAN CARLOS;1,00;42414703;KM 2 CAPE EL CAPE LOTE;viverosantateresita.ahg@hotmail.com;NO TIENE
BIOBIO;Ft;;;;08-1191;14-12-2007;SANTO TOMAS;AGRICOLA SANTO TOMAS;AGRICOLA SANTO TOMAS;AGRICOLA SANTO TOMAS;PJ;ARÁNDANO;S/I;S/I;C;LO AVILA ÑIQUEN ESTACION;19;240106;5979606;ÑUBLE;ÑIQUÉN;R;SAN CARLOS;1,00;82480607;LO AVILA ÑIQUEN ESTACION;S/N;NO TIENE
BIOBIO;;Fo;;;08-1452;06.06.2014;BIOAGROTEC;RÓDULO ENRIQUE;RODN;PÉREZ;PJ;Paulownia SSP Clon 112;;;;;18;760807;5957192;ÑUBLE;SAN NICOLÁS;R;SAN CARLOS;;;;bioiagrotec@gmail.com;
BIOBIO;;Fo;O;;08-1453;06.06.2014;SANTA CAMILA;GREGORIO ANTONIO;FUENTES ;SOTO;M;EUCALYPTUS;PINO;ARAUCARIA;;SECTOR SAN JOSÉ;18;701982;5987982;ÑUBLE;COBQUECURA;R;SAN CARLOS;;;;sotocamila94@hotmail.com;
BIOBIO;Ft;Fo;O;;08-1467;22.09.2014;RUKAYAM;Agrícola Rukayam;;;PJ;Hortalizas;;;C;Santa Cristina, hijuela 1, ruta 5 Sur Km 382;18;768737;5960905;ÑUBLE;SAN CARLOS;R;SAN CARLOS;;;;"ecoterralo@gmail.com; aahuesu@gmail.com";
BIOBIO;Ft;;;;08-1472;19.11.2014;VIVERO MONTEBLANCO;Agrícola Berries Monteblanco Ltda.;;;PJ;ARÁNDANO;;;C;Parcela 20, sector Monteblanco;;775420;5956155;ÑUBLE;SAN CARLOS;R;SAN CARLOS;;92800286;;Edgardo.dietz@gmail.com;
BIOBIO;Ft;;;;08-1473;19.11.2014;VIVERO AGRICHILE SAN GREGORIO;Frutícola Agrichile S.A.;;;PJ;AVELLANO EUROPEO;;;C;Fundo San Gregorio;;787853;5964677;ÑUBLE;ÑIQUÉN;R;SAN CARLOS;;71-1974704;;"Camilo.scocco@agrichile.cl; eoulrici@agrichile.cl";
BIOBIO;Ft;;;;08-1474;19.11.2014;SAGROSUR;CARLOS FABIÁN;VALENZUELA ;QUITRAL;M;CEREZO;;;;Parcela N° 24, Pomuyeto;;787801;5964676;ÑUBLE;SAN CARLOS;R;SAN CARLOS;;92184575;;pomoyeto.24@gmail.com;
ARAUCANIA;;Fo;;;09-0246;15-10-1990;HUERTOS FAMILIARES;WILLY;AGUAYO;CONUS;M;EUCALYPTUS;PINO RADIATA;ARRAYAN;C;KM. 1  IMPERIAL-TEMUCO;18;680599;5707930;CAUTIN;IMPERIAL;R;IMPERIAL;2,00;98863057;CASILLA155, IMPERIAL;waguayo@gmail.com;
ARAUCANIA;;Fo;;;09-0248;24-09-1976;CONAF;CONAF;;;PJ;EUCALYPTUS;PINO RADIATA;CIPRES;C;KM. 1  IMPERIAL-TEMUCO;18;680473;5708001;CAUTIN;IMPERIAL;R;IMPERIAL;3,00;045-298303;BIBAO 931  2DO.PISO, TEMUCO;;
ARAUCANIA;Ft;Fo;;;09-0249;16-07-1992;TRAIFUL;EXEQUIEL;QUILAQUEO;;M;EUCALYPTUS;PINO RADIATA;AVELLANO;C;KM. 1  IMPERIAL- ALMAGRO;18;678826;5707909;CAUTIN;IMPERIAL;R;IMPERIAL;1,00;045-212732;JUAN ANTONIO CONCHA 925, NUEVA IMPERIAL;;
ARAUCANIA;;Fo;;;09-0251;17-11-1985;RINCONADA;WALDO;PAILLALEF;;M;EUCALYPTUS;PINO RADIATA;HUALLE;C;KM. 1.5 IMPERIAL-TEMUCO;18;680962;5707556;CAUTIN;IMPERIAL;R;IMPERIAL;1,30;045-612725;CASILLA 6, NUEVA IMPERIAL;;
ARAUCANIA;;Fo;;;09-0252;10-10-1984;LOS ALAMOS 1;IVAN;PINTO;PINTO;M;EUCALYPTUS;PINO RADIATA;AVELLANO;C;KM. 1  IMPERIAL-TEMUCO;18;680604;5708061;CAUTIN;IMPERIAL;R;IMPERIAL;2,50;045-612428;HUERTOS FAMILIARES PARCELA 22, NUEVA IMPERIAL;;
ARAUCANIA;;Fo;;;09-0254;10-9-1990;LUISITANIA;GONZALO;SEPULVEDA;;M;EUCALYPTUS;CANELO;LINGUE;C;KM. 1  IMPERIAL-TEMUCO;18;680825;5707775;CAUTIN;IMPERIAL;R;IMPERIAL;1,50;045-612724;CASILLA 19, NUEVA IMPERIAL;viverolusitania@hotmail.com;
ARAUCANIA;;Fo;;;09-0272;7-11-2005;EL ARRIERO;HERNAN;ÑANCO;PICHILEN;M;EUCALYPTUS;;;C;LINEA FERREA LOS RIELES S/N IMPERIAL;18;678670;5709541;CAUTIN;IMPERIAL;U;IMPERIAL;0,20;S/N;;;
ARAUCANIA;Ft;Fo;;;09-0274;18-04-2006;RANQUILCO;WERNER;SCHURCH;RILLING;M;MURTILLA;ARÁNDANO;;C;FDO. BUENOS AIRES, IMPERIAL;18;667684;5723191;CAUTIN;IMPERIAL;R;IMPERIAL;0,50;S/N;LINEA FERREA LOS RIELES S/N Imperial;;
ARAUCANIA;;Fo;;;09-0462;24-05-2006;LAS ÑOCHAS;JOSE;RODRIGUEZ;MONCADA;M;AVELLANO;;;C;LAS ÑOCHAS KM.8, TROVOLHUE;18;645661;5730065;CAUTIN;CARAHUE;R;IMPERIAL;0,40;S/N;CORREO TROVOLHUE;;
ARAUCANIA;Ft;Fo;;;09-0466;28-08-2006;PEÑEHUE;DIODORO;MEDINA;SUAZO;M;EUCALYPTUS;MURTILLA;;C;PULIL A PEÑEHUE, T. SCHMIDT;18;668792;5681259;CAUTIN;T. SCHMIDT;R;IMPERIAL;2,00;045-329760;PAULA JARA QUEMADA 02030, TEMUCO;viverotrianon@gmail.com;329760
ARAUCANIA;;Fo;;;09-0538;2-5-2008;SANTA MARIA;JUAN;ALARCON;HUTCHINSON;M;EUCALYPTUS;CIPRES;;C;RINCONADA KM.29 TCO- IMPERIAL;18;678144;5709113;CAUTIN;IMPERIAL;R;IMPERIAL;0,70;S/N;HUERTOS FAMILIARES KM.0.5 TCO. - IMPERIAL;;
ARAUCANIA;;Fo;O;;09-0573;15-06-2007;CIUDAD ACUARELA;ELGICA;BAEZA;CISTERNA;F;AZALEA;HORTENSIA;AVELLANO;C;PARCELA RODRIGUEZ PLACIDO LABARCA 1007 IMPERIAL;18;683316;5707323;CAUTIN;IMPERIAL;U;IMPERIAL;1,50;S/N;PLACIDO LABARCA1007, NUEVA IMPERIAL;elgicabaeza@yahoo.es;
ARAUCANIA;Ft;Fo;O;;09-0540;5-10-2007;LOS AVELLANOS;JESSICA;UMAÑA;;F;EUCALYPTUS;PINO RADIATA;;C;TRATRAICO HIJUELA 114;18;678755;5707755;CAUTIN;IMPERIAL;R;IMPERIAL;1,00;S/N;MANUEL RODRIGUEZ  817, NUEVA IMPERIAL;daver_20@hotmail.com;
ARAUCANIA;;Fo;O;;09-0544;8-3-2010;EBEN-EZER;ANA;DIAZ;ESCALONA;F;AZALEA;DAFNE;CAMELIA;C;FINTUCUE, TOLTEN;18;660620;5671515;CAUTIN;TOLTEN;R;IMPERIAL;0,10;S/N;;;
ARAUCANIA;;Fo;;;09-0545;23-03-2010;AGRIC.FOREST. GUTIERREZ;DANITZA;GUTIERREZ;TORRES;F;EUCALYPTUS;;;C;CHAMPULLI KM.3.5, CARAHUE-TEMUCO;18;662798;5714325;CAUTIN;CARAHUE;R;IMPERIAL;0,40;045-651178;;;
ARAUCANIA;;Fo;;;09-0532;26-03-2010;CASAS BLANCAS;JAN;KOSTER;GAMPER;M;ARAUCARIA;COIHUE;TINEO;A;FDO. CASAS BLANCAS ( LA CABAÑA);18;661318;5736355;CAUTIN;CARAHUE;R;IMPERIAL;0,40;S/N;;;
ARAUCANIA;Ft;Fo;O;;09-0546;13-04-2010;VIVERO GLORIA;GLORIA;ROMERO;ACUÑA;F;AZALEA;DAFNE;CAMELIA;C;CAMAHUEY ALTO PARCELA N°1;18;664995;5670597;CAUTIN;TOLTEN;R;IMPERIAL;0,10;S/N;;;
ARAUCANIA;;Fo;O;;09-0548;7-9-2010;LOS COPIHUES;PEDRO PABLO;LAGOS;SALAZAR;M;COPIHUE;CANELO;LINGUE;C;PUMALAL EL LAUREL,TOLTEN;18;669946;5670780;CAUTIN;TOLTEN;R;IMPERIAL;0,10;S/N;;;
ARAUCANIA;Ft;;O;;09-0562;7-9-2010;TRANAHUILIN;REMIGIO;HUENOLAF;HUIRILAF;M;MURTILLA;;;C;TRANAHUILIN, CHOL-CHOL;18;692649;5718717;CAUTIN;CHOL-CHOL;R;IMPERIAL;0,70;S/N;;;
ARAUCANIA;;;O;;09-0572;24-11-2010;ORNAMENTAL;ESTELA ALICIA;HENRIQUEZ;;F;RODODENDRO;HORTENSIA;AZALEA;C;FREIRE N°50, CARAHUE;18;659387;5713255;CAUTIN;CARAHUE;U;IMPERIAL;0,10;045-652003;;;
ARAUCANIA;;Fo;;;09-0103;1-9-1978;VIVERO CALIFORNIA;ALBERTO;HOFER;MEYER;M;ALAMO;ARAUCARIA;ENCINO;C;PREDIO EL CARMEN, KM 4, CAMINO TOLTEN A VILLA LOS BOLDOS;18;661567;5664360;CAUTIN;TOLTEN;R;IMPERIAL;0,20;045-2241339;;viverocalifornia@gmail.com;
ARAUCANIA;;Fo;O;;09-0602;28-02-2013;VIVERO ARCOIRIS;PATRICIO;OTAROLA;VILLAGRAN;M;COPIHUE;;;C;HIJUELA CARVAJAL SECTOR NOHUALHUE;18;674843;5691307;CAUTIN;T. SCHMIDT;R;IMPERIAL;0,20;96850820;;pato2357@hotmail.com;
ARAUCANIA;;Fo;O;;09-0614;25-07-2013;VIVERO STA. CATALINA;MARIO;SANDOVAL;MOYA;M;COIHUE;RAULI;AVELLANO;C;HUERTOS FAMILIARES PARCELA N° 10;18;681113;5707807;CAUTIN;IMPERIAL;R;IMPERIAL;0,50;79119267;CORREO IMPERIAL;;
ARAUCANIA;;Fo;O;;09-0639;27-10-2014;VIVERO ECOLAFQUEN;GERMAN VERGARA ARIAS E.I.R.L; ; ;PJ;;;;;SAN SEBASTIAN;18;639229;5705585;CAUTIN;SAAVEDRA;U;IMPERIAL;;;;;
ARAUCANIA;;Fo;;;09-0001;30-03-1994;El Palto;Luis M;Molina;Cea;M;EUCALYPTUS;PINO;;C;Parc.18 Los Confines;18;704233;5813723;MALLECO;Angol;R;Angol;;;Parc.18 Los Confines;viveroelpalto@gmail.com;
ARAUCANIA;;Fo;;;09-0005;19-10-1998;Liceo C  58 Manzanares;Liceo C 58 Renaico;;;M;EUCALYPTUS;;;C;Manzanares;18;716131;5816442;MALLECO;Renaico;R;Angol;;;Manzanares;oferrada@ufro.cl;
ARAUCANIA;Ft;Fo;;;09-0006;15-05-2001;La Higuera;Juan;Neira;Agüero;M;EUCALYPTUS;;ARÁNDANO;C;Hij. La Higuera;18;709154;5818223;MALLECO;Angol;R;Angol;;;Hij. La Higuera;;
ARAUCANIA;;Fo;;;09-0009;26-04-1999;Liceo C 53;Ilustre Municipalidad Los Sauces;;;PJ;EUCALYPTUS;;;C;Liceo Tec. Los Sauces;18;689653;5794405;MALLECO;Los Sauces;U;Angol;;;Liceo Tec. Los Sauces;;
ARAUCANIA;;Fo;;;09-0014;05.05.2008;El Rancho;Hernan;Cabrera;;M;EUCALYPTUS;;;C;Parc. 9 Los Confines;18;706041;5813129;MALLECO;Angol;R;Angol;;;Parc. 9 Los Confines;;
ARAUCANIA;;Fo;;;09-0015;5-12-2000;Santa Clara;Sergio;Salgado;;M;EUCALYPTUS;;;C;Hijuela Santa Clara;18;668754;5788632;MALLECO;Puren;U;Angol;;;Hijuela Santa Clara;ssalgadopiza@hotmail.com;
ARAUCANIA;;Fo;;;09-0020;20-02-2003;Santa Ingrid;Ingrid;Pinto;Suazo;F;EUCALYPTUS;PINO;;C;A. Prat 96;18;690633;5793938;MALLECO;Los Sauces;U;Angol;;;A. Prat 96;;
ARAUCANIA;;Fo;;;09-0022;11-9-2002;Vecchy;Pablo Rene Vecchy L.;Vecchy;;M;EUCALYPTUS;PINO;;C;Arturo Prat Nº 535;18;675497;5770876;MALLECO;Lumaco;U;Angol;;;Arturo Prat Nº 535;;
ARAUCANIA;;;O;;09-0023;4-7-1997;Araucaria Araucana;Patricio;Peterman;;M;ORNAMENTALES;;;C;Industria S/N;18;702382;5814241;MALLECO;Angol;U;Angol;;;Industria S/N;;
ARAUCANIA;;Fo;O;;09-0024;4-7-1997;La Aurora;Juan Arturo;Godoy;;M;ORNAMENTALES;;;C;Anilehue;18;707082;5808932;MALLECO;Angol;R;Angol;;;Anilehue;viveroaurora123@gmail.com;
ARAUCANIA;;;O;;09-0029;14-01-2000;Jardín Las Hortencias;Victor;Illanes;Badilla;M;ORNAMENTALES;;;C;Villa Los Jardines;18;704226;5812440;MALLECO;Angol;U;Angol;;;Villa Los Jardines;www.jardinlashortensias.cl;
ARAUCANIA;;;O;;09-0031;26-07-2001;Santa Olivia;Alex;Zambrano;Faundez;M;ORNAMENTALES;;;C;Fundo Santa Olivia;18;711945;5826423;MALLECO;Renaico;R;Angol;;;Fundo Santa Olivia;;
ARAUCANIA;;;O;;09-0035;20-05-2002;Jardín Vida Verde;Dionisio E.;Vergara;;M;ORNAMENTALES;;;C;Sitio av. Dillman Bullock;18;703808;5812646;MALLECO;Angol;U;Angol;;;Sitio av. Dillman Bullock;;
ARAUCANIA;Ft;;O;;09-0037;3-6-1998;Fundo El Vergel;Corporación Metodista El Vergel;;;PJ;ORNAMENTALES;;FRUTAL;C;Fdo. El Vergel;18;705852;5810727;MALLECO;Angol;R;Angol;;;Fdo. El Vergel;fundoelvergel@hotmail.com;
ARAUCANIA;;Fo;O;;09-0038;11-7-1997;La Hiedra;Agrícola La Hiedra Ltda.;;;PJ;ORNAMENTALES;;;C;Km 5 Angol-Renaico;18;710958;5825583;MALLECO;Renaico;R;Angol;;;Km 5 Angol-Renaico;lahiedra@entelchile.net;
ARAUCANIA;Ft;;;;09-0042;26-04-1999;Marianela;Mario;Aravena;Torres;M;MANZANO;CEREZO;ORNAMENTAL;C;P.22 Los Confines;18;704052;5814346;MALLECO;Angol;R;Angol;;;P.22 Los Confines;;
ARAUCANIA;Ft;;;;09-0048;8-7-1997;San Miguel;Sociedad Agrícola Parant Ltda.;;;PJ;MANZANO;;;C;Fdo. San Miguel;18;710615;5823062;MALLECO;Renaico;R;Angol;;;Fdo. San Miguel;;
ARAUCANIA;Ft;;;;09-0049;25-03-1993;Buenos Aires;Inversiones Agrí.Buenos Aires S.a.;;;PJ;MANZANO;Cepada;;C;Fdo. Bs. Aires;18;707025;5813920;MALLECO;Angol;R;Angol;;;Fdo. Bs. Aires;iabasafrg@gmail.com;
ARAUCANIA;Ft;;;;09-0050;18-07-1997;El Almendro;Inversiones Agrí.Buenos Aires Sa;;;PJ;MANZANO;CEREZO;;C;Fdo. El Almendro;18;708661;5821558;MALLECO;Renaico;r;Angol;;;;iabasafrg@gmail.com;
ARAUCANIA;Ft;;;;09-0055;15-03-2000;La Laguna;Victoria Barros Ariztia;Barros;Ariztia;F;NOGAL;;;C;Hij. La Laguna;18;703632;5816271;MALLECO;Angol;R;Angol;;;Hij. La Laguna;;
ARAUCANIA;Ft;;;;09-0058;14-10-1998;Malleco;Rene Soto Cortés;Soto;Cortés;M;ARÁNDANO;;;C;Parcela Nº 8, Malleco;18;706231;5814973;MALLECO;Angol;R;Angol;;;Parcela Nº 8, Malleco;;
ARAUCANIA;;;O;;09-0066;8-5-2004;Viv. Orn. Parc. 10 Huelehueico;Ramon;Riquelme;Oñate;M;ORNAMENTALES;;;C;Parc. 10 Hulehueico, Renaico;18;719306;5814234;MALLECO;Renaico;R;Angol;;;Parc. 10 Hulehueico, Renaico;;
ARAUCANIA;;;O;;09-0067;20-05-2004;El Manantial;Julia;Fernandez;Montoya;F;ORNAMENTALES;;;C;Villa Pablo Neruda 062;18;704180;5812563;MALLECO;Angol;U;Angol;;;Villa Pablo Neruda 062;;
ARAUCANIA;Ft;;;;09-0068;23-06-2004;San Gabriel;Juan Pablo;Fuenzalida;;M;FRAMBUESO;;;C;Lote N° 4 Fdo. San Gabriel;18;706349;5809931;MALLECO;Angol;R;Angol;;;Lote N° 4 Fdo. San Gabriel;jpfuenzalidal@gmail.com;
ARAUCANIA;;;O;;09-0070;12-7-2004;Emadill;Dillman;Villa;Polanco;M;ORNAMENTALES;;;C;Los Confines;18;704300;5813976;MALLECO;Angol;R;Angol;;;Los Confines;eva.polanco@gmail.com;
ARAUCANIA;Ft;;;;09-0071;16-07-2004;Vivero  El Mirador;Marcia;Espinoza;Salgado;F;ARÁNDANO;;;A;Camino San Andres Km. 18;18;744303;5790250;MALLECO;Collipulli;R;Angol;;;Camino San Andres Km. 18;;
ARAUCANIA; ;;;;09-0072;28-07-2004;Los Mayos;Liliian;Matthei;Vasquez;F;ARÁNDANO;;;A;Camino San Andres Km. 21;18;745664;5790922;MALLECO;Collipulli;R;Angol;;;Camino San Andres Km. 21;;
ARAUCANIA;;;O;;09-0075;19-01-2005;Jardin Puren;Margarita;Troncoso;Espinoza;F;ORNAMENTALES;;;C;Tromen Nº 933;18;669059;5788940;MALLECO;Puren;U;Angol;;;Tromen Nº 933;;
ARAUCANIA;;Fo;O;;09-0077;28-02-2005;Fo. Y Agricola Pehuen;Waldo;Avendaño;;M;EUCALYPTUS;;;C;Angol;18;704138;5812384;MALLECO;Angol;U;Angol;;;Angol;;
ARAUCANIA;Ft;;;;09-0078;26-05-2005;Peuma Huerto;Bruno;Hetz;Schalchli;M;ARÁNDANO;;;A;Con San Andres Km. 11, Salto Chancahua;18;738140;5798105;MALLECO;Collipulli;R;Angol;;;Con San Andres Km. 11, Salto Chancahua;;
ARAUCANIA;Ft;Fo;O;;09-0082;23-09-2005;El Castaño;Oscar;Gatica;Sanhueza;M;COIHUE;Mañio;MAITEN;C;Pitriqueo Km. 2 Cam. A la Montaña;18;732339;5784169;MALLECO;Ercilla;R;Angol;;;Pitriqueo Km. 2 Cam. A la Montaña;;
ARAUCANIA;Ft;;;;09-0084;7-11-2005;Monaco;Alberto;Navarrete;;M;ARÁNDANO;;;A;Huequen;18;705089;5811306;MALLECO;Angol;U;Angol;;;Huequen;viveromonaco@gmail.com;
ARAUCANIA;;Fo;;;09-0086;30-11-2005;Jacqueline;Lino;Covili;Neira;M;EUCALYPTUS;;;C;Calle Esmeralda 985;18;675398;5770498;MALLECO;Lumaco;U;Angol;;;Calle Esmeralda 985;;
ARAUCANIA;Ft;;;;09-0088;25-10-2005;Las Viñas;Hernan;Ramirez;Aguayo;M;NOGAL;;;C;Sector Malleco Monte Las Diucas;18;703646;5816665;MALLECO;Angol;R;Angol;;;Sector Malleco Monte Las Diucas;;
ARAUCANIA;Ft;Fo;;;09-0089;16-12-2005;Piedra Del Aguila;Mauricio;Leonelli;Cantergiani;PJ;EUCALYPTUS;PINO;NATIVA;C;Parcela 14 El Maiten;18;706292;5805403;MALLECO;Angol;R;Angol;;;Parcela 14 El Maiten;vivero@fopa.cl;
ARAUCANIA;;Fo;O;;09-0091;13-01-2006;Nativo;Gerald;Grant;Tishe;M;NATIVAS;;;C;Poblacion Juan Pablo II;18;729860;5783845;MALLECO;Ercilla;U;Angol;;;Poblacion Juan Pablo II;ggram_tighe@hotmail.com;
ARAUCANIA;;Fo;O;;09-0093;3-3-1936;Los Copihues De Piche;Janett Rosario;Fernandez;;F;COPIHUE;;;C;Alto Calbuco-Villa Piche Pellahuen;18;675055;5750673;MALLECO;Lumaco;R;Angol;;;Alto Calbuco-Villa Piche Pellahuen;;
ARAUCANIA;Ft;;;;09-0505;abr-09;Santa Irene;Yanett;Toro;Vergara;F;Murta;;;C;parcela santa emilia, pichipellahuen;18;675022;5756045;MALLECO;lumaco;R;Angol;;;parcela santa emilia, pichipellahuen;yanett_mariela@yahoo.es;
ARAUCANIA;;;O;;09-0509;nov.08;Huelehuico;Arturo;Obreque;Liguen;M;ORNAMENTALES;;;C;Parcela 14 huelehueico;18;719037;5812905;MALLECO;Renaico;R;Angol;;;Parcela 14 huelehueico;;
ARAUCANIA;Ft;;O;;09-0579;6-11-2014;Flores Angol;Luis;Iriarte;Munita;M;ORNAMENTALES;;;C;Nahuebuta 071 el Rosario;18;701427;5813328;MALLECO;Angol;U;Angol;;;Nahuebuta 071 el Rosario;luisalbertoiriarte@gmail.com;
ARAUCANIA;Ft;;;;09-0581;7-11-2014;Agricola Valle Verde Ltda;Sociedad Agricola Valle Verde Ltda.;;;PJ;;CEREZO;;A/C;Fundo Japon Hijuela 3;18;710954;5818409;MALLECO;Renaico;R;Angol;;;Fundo Japon Hijuela 3;agricolavalleverde@gmail.cl;
ARAUCANIA;Ft;;;;09-0582;9-11-2014;El Refugio;Sociedad Agric. Parant Ltda;;;PJ;MANZANO;;;A;Fundo el Refugio;18;714131;5822033;MALLECO;Renaico;R;Angol;;;Fundo el Refugio;refugio.arandanos@gmail.com;
ARAUCANIA;;;O;;09-0584;8-11-2011;Criad. De Copihe Maitenrrehue;Flerida;Ortega;Molina;F;ORNAMENTALES;;;C;Teniente Merino 233 villa Frey;18;704510;5812505;MALLECO;Angol;U;Angol;;;Teniente Merino 233 villa Frey;;
ARAUCANIA;Ft;;;V;09-0585;dic-11;Vivero Sur;Agricola Sur Limitada;;;PJ;MANZANO;CEREZO;PERAL;C;Fundo el Vergel;18;706791;5810610;MALLECO;Angol;R;Angol;;;Fundo el Vergel;viverosur@viverosur.com;
ARAUCANIA;Ft;;;;09-0591;abr-12;Buenos Aires Parronal;El Encanto SA.;;;PJ;MANZANO;CEREZO;;C;Fundo  San Gabriel;18;715134;5819688;MALLECO;Renaico;R;Angol;;;Fundo  San Gabriel;iabasafrg@gmail.com;
ARAUCANIA;;;O;;09-0592;5-12-2014;La Magnolia;Alexis;Soto;Perez;M;ORNAMENTALES;;;C;Lote A-2 Ex Fundo san Gabriel;18;717211;5827397;MALLECO;Renaico;R;Angol;;;Lote A-2 Ex Fundo san Gabriel;los tulipanes@gmail.com;
ARAUCANIA;;;O;;09-0593;5-12-2014;CAMPO AMOR;ANA CORTES CORREA;CORTES;CORREA;F;ORNAMENTALES;;;C;Hijela san Carlos Manzanares;18;705270;5813137;MALLECO;Angol;R;Angol;;;Hijela san Carlos Manzanares;;
ARAUCANIA;;;O;;09-0594;5-12-2014;SAN CARLOS;JUAN;SAEZ;;M;ORNAMENTALES;;;C;HIJUELA SAN CARLOS MANZANARES;18;716775;5816235;MALLECO;RENAICO;R;Angol;;;HIJUELA SAN CARLOS MANZANARES;;
ARAUCANIA;;Fo;;;09-0605;5-13-2014;KILACOYAM;LETICIA;ORTEGA;WYKI;F;ORNAMENTALES;;;C;Ruta Sur Km. 592;18;732713;5779375;MALLECO;Ercilla;R;Angol;;;Ruta Sur Km. 592;leticia.ortegaw@hotmail.com;
ARAUCANIA;;;O;;09-0609;6-13-2014;Vivero Jardin Renaico;Vivianne;Soto;Bustos;F;ORNAMENTALES;;;C;Parcela 10 La Hiedra;18;713695;5827063;MALLECO;Renaico;R;Angol;;;Parcela 10 La Hiedra;;
ARAUCANIA;Ft;;;;09-0612;7-13-2014;Santa Rosa;Guillermo;Catalan;Solervicens;M;MANZANO;;;A/C;Fundo Santa Rosa;18;725887;5813405;MALLECO;Collipulli;R;Angol;;;Fundo Santa Rosa;;
ARAUCANIA;;;O;;09-0616;9-13-2014;Vivero mi Sueño;Claudina;Cea;Proboste;F;ORNAMENTALES;;;C;Parcela N°8 Huelehuico;18;718832;5814911;MALLECO;Renaico;R;Angol;;;Parcela N°8 Huelehuico;ariita2011@live.com;
ARAUCANIA;;;O;;09-0617;10-13-2014;Vivero el Avellano;Nelson;Castillo;Mardones;M;ORNAMENTALES;;;;Parcela N°5 lote 4 Huelehuico;18;719349;5814416;MALLECO;Renaico;R;Angol;;;Parcela N°5 lote 4 Huelehuico;nelson_castillo@hotmail.com;
ARAUCANIA;Ft;;;;09-0625;ene-14;Vivero Buenos Aires Itraque;Fundo el Encanto SPA;;;PJ;MANZANO;CEREZO;;;Fundo San Pedro Sector Itraque;18;712167;5814671;MALLECO;Angol;R;Angol;;;Camino Angol Renaico KM 3;vivero@chisa.cl;
ARAUCANIA;Ft;;;;09-0637;13-10-2014;VIVERO SAN ANTONIO;FRANCISCO ;CORTESI;ZANETTI;M;MANZANO;;;;CAMINO SAN MIGUEL S/N ;18;711358;5821354;;RENAICO;RURAL;ANGOL;;;;;
ARAUCANIA;Ft;;;;09-0638;17-10-2014;VIVERO BUENOS AIRES DE ANGOL;FUNDO EL ENCANTO SPA;;;PJ;;;;;LOTE B y C  FUNDO JAPON;18;710127;5817664;;ANGOL;RURAL;ANGOL;;;;;
ARAUCANIA;;;O;;09-0125;1-1-1980;Jardin Tayu;Elfride;Reyes;Guerrero;F;VERONICA;ERICA;BOJ;C;Pedro De Valdivia 0719;18;707786;5710647;CAUTIN;Temuco;U;TEMUCO;S/I;045-366105;S/I;S/I;S/I
ARAUCANIA;;;O;;09-0078;17-07-2010;Huichahue;Jorge;Vergara;Soto;M;CASTAÑO;RAULI;COIHUE;C;Huichahue Km. 20;18;724792;5695641;CAUTIN;Freire;R;TEMUCO;0,1;S/I;S/I;S/I;S/I
ARAUCANIA;;Fo;O;;09-0133;26-10-1990;San Enrique;Sergio;Rademacher;Leal;M;CALA;Violas;Salvias;C;Metrenco;18;706334;5699854;CAUTIN;Padre Las C.;R;TEMUCO;0,50;237474;S/I;S/I;S/I
ARAUCANIA;;;O;;09-0142;1-4-1990;Los Robles;Jacqueline;Larson;Conus;F;Ericas;VERONICA;NATIVA;C;Parcela 13, el cardal;18;722902;5721012;CAUTIN;Lautaro;R;TEMUCO;1,00;247199;S/I;S/I;S/I
ARAUCANIA;;;O;;09-0146;1-8-2005;San Manuel;Manuel;Vitayo;Martinez;M;Ericas;BOJ;HORTENSIA;C;Puente Quepe Huichahue;18;718822;5699056;CAUTIN;Padre Las C.;R;TEMUCO;0,10;S/I;S/I;S/I;S/I
ARAUCANIA;;Fo;;;09-0149;17-04-1998;Santo Tomas;Centro de Gestión Bachmann & Bachmann;;;PJ;FLORES DE TEMPORADA;EUCALYPTUS;PINO INSIGNE;C;Salida Norte De Temuco;18;714061;5714343;CAUTIN;Temuco;U;TEMUCO;2,50;920469;S/I;hermesceballoss@gmail.com;S/I
ARAUCANIA;;;O;;09-0156;20-03-1996;Jardin De Las Rosas Ma.Eliana;Maria Eliana;Montesinos;Rosas;F;HORTENSIA;RODODENDRO;AZALEA;C;Faja 24000 Camino El Reloj;18;733655;5691286;CAUTIN;Cunco;R;TEMUCO;2,00;8261149;S/I;floresdemary@hotmail.com;S/I
ARAUCANIA;;Fo;O;;09-0166;13-03-1998;Los Troncos;Cecilia;Leiva;Lagos;F;PINO INSIGNE;EUCALYPTUS NITENS;NATIVA;C;Faja 10000 Huichahue;18;747766;5690580;CAUTIN;Cunco;R;TEMUCO;3,00;S/I;S/I;S/I;S/I
ARAUCANIA;;Fo;;;09-0181;18-11-1998;Los Robles;Claudio;Rivas;Mora;M;PINO INSIGNE;EUCALYPTUS NITENS;NATIVA;C;Paracela A 9 de Julio;18;697340;5697379;CAUTIN;Freire;R;TEMUCO;2,00;45-402999;S/I;www.viverosforestaleslosrobles.com;S/I
ARAUCANIA;;;O;;09-0183;1-5-2001;Jardin Codesur;Guillermina;Castillo;L.;F;Ericas;LAURENTINA;FRUTAL;C;Camino Viejo De Tco. A Cajon;18;713448;5713141;CAUTIN;Temuco;U;TEMUCO;1,00;145-221944;S/I;S/I;S/I
ARAUCANIA;;;O;;09-0187;29-12-2005;Los Rosales de los Dominicas;Franco;Santoro;Botti;M;ROSAL;JUNIPERO;AZALEA;C;Lado Oriente De Carillanca;18;726442;5714688;CAUTIN;VILCÚN;R;TEMUCO;1,50;89981681;S/I;S/I;S/I
ARAUCANIA;Ft;;;;09-0208;26-08-2004;Vivero Fruticola Agrichile;Fruticola Agrichile S.A.;;;PJ;AVELLANO EUROPEO;;;C;Fdo. Caracas, Choroico;18;731734;5678449;CAUTIN;Freire;R;TEMUCO;35,45;1970383;S/I;caracas@agrichile.cl;S/I
ARAUCANIA;;;O;;09-0224;10-3-2011;Sunflower;Alfred;Hartmut;;M;salvias;PRIMULA;PETUNIA;C;Botrolhue;18;702097;5709319;CAUTIN;Temuco;R;TEMUCO;0,20;91785067;S/I;S/I;45-920452
ARAUCANIA;;;O;;09-0241;29-12-2005;Conunhueno;Franco;Santoro;Botti;M;ROSAL;;;C;Parcela 1, Conunhueno;18;726242;5716695;CAUTIN;VILCÚN;R;TEMUCO;8,30;89981681;S/I;S/I;S/I
ARAUCANIA;;Fo;;;09-0283;26-06-2005;San Jose;Jose;Duran;Duran;M;CAMELIA;AZALEA;RODODENDRO;C;Freire-B. Arana Cruce Santa Julia;18;701015;5684958;CAUTIN;Freire;R;TEMUCO;3,00;02-8573281;S/I;S/I;S/I
ARAUCANIA;;;O;;09-0337;7-5-2008;Jardin Brotes;Julia;Reichert;Meiners;F;Stenocarpus;Abelias;EVONIMO;C;Ruta 5 Sur.  Km. 5.;18;704902;5688656;CAUTIN;Freire;R;TEMUCO;1,50;;S/I;jardinbrotes@chile.com;S/I
ARAUCANIA;;;O;;09-0338;8-4-1997;Copihue N° 02;Victor;Suarez;Azócar;M;AZALEA;LAURENTINA;RODODENDRO;C;Camino Freire Hualpin Km. 10;18;696643;5682760;CAUTIN;Freire;R;TEMUCO;1,50;S/I;S/I;S/I;S/I
ARAUCANIA;Ft;;O;;09-0415;18-10-2007;Jardin Los Helechos;Sergio;Cariman;Cariman;M;AZALEA;RODODENDRO;BOJ;C;Km 1 Freire - Barros Aranas;18;700044;5684580;CAUTIN;Freire;R;TEMUCO;1,00;S/I;S/I;S/I;S/I
ARAUCANIA;Ft;;;;09-0458;30-09-2006;San Luis;Agricola Rene Fernandez e Hijos S.A.;;;PJ;ARÁNDANO;;;C;Fundo San Luis, Quillem;18;727745;5736715;CAUTIN;Lautaro;R;TEMUCO;1,00;45-534606;S/I;S/I;S/I
ARAUCANIA;;Fo;;;09-0496;14-12-2005;Tres Robles;Agric. Tres Robles Ltda.;;;PJ;EUCALYPTUS NITENS;;;C;Coipue;18;721753;5671758;CAUTIN;Freire;R;TEMUCO;1,00;S/I;S/I;S/I;S/I
ARAUCANIA;Ft;;O;;09-0501;1-12-2008;San Sebastian;Soc. Educ. y Agric. Los Robles;;;PJ;FRUTAL;ORNAMENTAL;;A;Perquenco 1.2acce.Sur;18;726861;5742559;CAUTIN;Perquenco;R;TEMUCO;0,30;45- 236710;S/I;liceosansebastian@gmail.com;S/I
ARAUCANIA;;;O;;09-0521;20-10-2009;Santa Inés de Botrolhue;Doris;Ahumada;Breuer;F;LIGUSTRINA;EVONIMO;Pitosporus;C;Camino Botrolhue Km. 5;18;701996;5709507;CAUTIN;Temuco;R;TEMUCO;0,10;S/I;S/I;santainesdebotrolhue@gmail.com;S/I
ARAUCANIA;;;O;;09-0523;2-1-2010;Copihue Org.;Comercilizadora deCopihues Orgánicos Ltda.;Chait;Mujica;M;COPIHUE;;;C;Parcela 15 Camino Trañi- Trañi;18;700021;5709068;CAUTIN;Temuco;R;TEMUCO;0,50;2240505;S/I;ericchaitmujica@gmail.com;s/i
ARAUCANIA;;Fo;O;;09-0524;14-12-2009;Don Alfredo;Soc. Agrícola Don Alfredo Ltda.;;;PJ;PINO INSIGNE;EUCALYPTUS;;C;Parc. N°1 Lote C Quepe - Freire;18;716993;5695126;CAUTIN;Freire;R;TEMUCO;1,00;;S/I;claudia.llanquileo@gmail.com;45-1974630
ARAUCANIA;Ft;;;;09-0527;1-3-2010;El Paraiso;El Paraíso Ltda.;;;M;MANZANO;PERAL;CEREZO;C;Lugar Del Natre;18;723520;5713020;CAUTIN;VILCÚN;R;TEMUCO;8,50;1970124;S/I;viveroelparaiso2002@yahoo.com;S/I
ARAUCANIA;;Fo;O;;09-0534;3-11-2008;Los Notros;Nelson;Garrido;Arias;M;HORTENSIA;AZALEA;RODODENDRO;C;Quilil-Quilil Km.2 Freire Villarrica;18;708089;5684530;CAUTIN;Freire;R;TEMUCO;1,00;;S/I;S/I;S/I
ARAUCANIA;;;O;;09-0535;4-6-2010;Jardin Botánico;María;Agüero;Rivera;F;CAMELIA;AZALEA;CALA;C;O´Higgins  828;18;740986;5716366;CAUTIN;VILCÚN;U;TEMUCO;0,01;S/I;S/I;S/I;S/I
ARAUCANIA;Ft;;;;09-0547;13-08-2010;Murtilla;Inia Carillanca;;;PJ;MURTILLA;;;C;Km. 10,5 cam. Cajon  vilcun;18;724630;5713831;CAUTIN;VILCÚN;R;TEMUCO;0,25;45-215706;S/I;cfuentes@inia.cl;45-216112
ARAUCANIA;;;O;;09-0564;16-05-2011;Copihues;Luis;Shinya;Komatsubara;M;COPIHUE;;;C;Pasaje Oxford 0199;18;704724;5710006;CAUTIN;Temuco;U;TEMUCO;0,05;45-234889;S/I;S/I;S/I
ARAUCANIA;;;O;;09-0568;3-6-2011;Isla Negra;Marcelo;Galleguillos;Diaz;M;Stenocarpus;AZALEA;EVONIMO;C;Km.12 camino Labranza;18;696204;5706868;CAUTIN;Temuco;R;TEMUCO;0,20;045-375162;S/I;marcelogalleguillos@hot mail.com;S/I
ARAUCANIA;;;O;;09-0570;2-5-2007;San Manuel 2;Manuel;Vitayo;Martinez;M;HORTENSIA;VERONICA;LAURENTINA;C;Hij. 41 camino Huichahue Km. 14;18;718865;5699034;CAUTIN;Padre Las C.;R;TEMUCO;0,50;S/I;S/I;S/I;S/I
ARAUCANIA;Ft;;;;09-0580;1-6-2011;El Carmen;Francisco;Lopez;Fuslocher;M;AVELLANO EUROPEO;;;C;Cruce Freire - Villarrica;18;706803;5684767;CAUTIN;Freire;R;TEMUCO;0,35;45-210530;S/I;flopez@feriasaraucania.cl;45-210530
ARAUCANIA;Ft;;;;09-0583;20-09-2011;Greenvitro;Lissette;Cottet;;F;FRUTAL;ARÁNDANO;;C;Parcela 2 B-3;18;714903;5698050;CAUTIN;Padre Las C.;R;TEMUCO;1,1;85955249;S/I;eescuvier@greenvitro.cl;S/I
ARAUCANIA;;;O;;09-0601;12-4-2013;Multiplant;Multiplant Ltda.;;;PJ;HORTENSIA;Coniferas;AZALEA;C;Km.8 cam. Freire- Villarrica;18;713708;5682135;CAUTIN;Freire;R;TEMUCO;2,00;33-442236;S/I;juancarlos@multiplant.cl;S/I
ARAUCANIA;;;O;;09-0603;28-05-2013;Jardín Eden;René;Gonzalez;Henriquez;M;AZALEA;HORTENSIA;Arce;C;Km 5 Temuco - Imperial;18;702802;5707562;CAUTIN;Temuco;R;TEMUCO;0,20;;S/I;jaedineden1@hotmail.com;S/I
ARAUCANIA;;;O;;09-0604;28-05-2013;Municipal;Municipalidad de Temuco;;;PJ;Abelias;NATIVAS;LIGUSTRINA;A;Calle Imperial N°40;18;708358;5708831;CAUTIN;Temuco;U;TEMUCO;0,50;973400-973402;S/I;www.temucochile.com;S/I
ARAUCANIA;;Fo;O;;09-0615;11-9-2013;Los Olivos;Victor;Oliva;Gonzalez;M;EUCALYPTUS;PINO INSIGNE;ORNAMENTAL;C;Parcela 26 Licanco;18;706860;5705255;CAUTIN;Padre Las C.;R;TEMUCO;0,50;94435393;;v.oliva.go@gmail.com;S/I
ARAUCANIA;;Fo;O;;09-0621;11-07-2013;VIVERO LOS HELECHOS II;SERGIO;CARIMAN;CARIMAN;M;;;;;LOLEN BAJO KM. 11;18;694807;5682728;CAUTIN;FREIRE;R;TEMUCO;;;;;
ARAUCANIA;Ft;;;;09-0631;01-08-2014;FRUTOS DEL BUDI;SOCIEDAD AGRICOLA Y COMERCIAL FRUTOS DEL BUDI;;;PJ;ARÁNDANO;MURTILLA;MAQUI, PAPAS;C;HUINGAN 3537, PARQUE DON ROSAURO II;18;712642;5712328;CAUTIN;TEMUCO;U;TEMUCO;;;;;
ARAUCANIA;;;O;;09-0239;may-01;Las Petunias;ELIZABETH ;REBOLLEDO;;F;cam. Rodod. Azal.;;;C;Camino Licanco S/N;18;707440;5706317;CAUTIN;Padre Las C.;U;TEMUCO;;;;;
ARAUCANIA;;;O;;09-0632;06-08-2014;CACTARIO NIELOL;GUILLERMO ;BUSTOS;SELL;M;;;;;LOS FLAMENCOS 0340;18;709930;5710343;CAUTIN;Temuco;U;TEMUCO;;;;;
ARAUCANIA;Ft;;;;09-0522;23-09-2009;SAN AGUSTIN;MARGARITA;GARCES;ECHEVERRIA;F;ARÁNDANO;;;A;FDO SAN AGUSTIN CURACAUTIN;19;242990;5751200;MALLECO;CURACAUTIN;R;VICTORIA;0,25;91870850;Fdo San Agustin, km 15 CCautín a Victoria;ferdycontreras@gmail.com;
ARAUCANIA;;Fo;;;09-0094;1984;VIVERO FOR CONAF;CONAF CURACAUTIN;;;PJ;PINO OREGON;PINO PONDEROSA;ENCINO;C;CALLEJON RUEDI S/N CCAUTIN;19;248974;5740990;MALLECO;CURACAUTIN;R;VICTORIA;2,00;;Callejón Ruedi  S/n Curacautín;antonio.echeverria@conaf.cl;
ARAUCANIA;;Fo;;;09-0095;1983;VIVERO AGROSUIZA;JORGE;RUFF;FAUNDEZ;M;EUCALYPTUS;PINO INSIGNE;ROBLE;C;PARC EL MAITEN , TRAIG-QUECHEREGUA;18;705871;5767015;MALLECO;TRAIGUEN;R;VICTORIA;1,00;79599870;PARC EL MAITEN CAM QUECHERGUAS, TRAIGUEN;rpinostroza@gmail.com;
ARAUCANIA;;Fo;;;09-0098;1980;VIVERO MUNICIPAL;I. MUNICIPALIDAD DE LONQUIMAY;;;PJ;PINO OREGON;PINO PONDEROSA;PINO CONTORTA;C;CAMINO ALASKA S/N LONQUIMAY;19;292435;5741521;MALLECO;LONQUIMAY;U;VICTORIA;1,5;98022311;CAMINO ALASKA S/N LONQUIMAY;gerardo.garrido@hotmail.cl;
ARAUCANIA;;Fo;;;09-0101;;VIVERO TRONCOSO;EDUARDO;LERDON;TRONCOSO;M;MUERDAGO;LLEUQUE;AVELLANO;C;CONF SUIZA Nº 1901 VICTORIA;18;733498;5763962;MALLECO;VICTORIA;U;VICTORIA;0,25;;CONFEDERACION SUIZA 1901 VICTORIA;s/c;
ARAUCANIA;;;O;;09-0102;;VIVERO HELVETIA;ARTURO;SAGREDO;ZANETTI;M;PETUNIA;RAYITO DE SOL;CALA;C;RUTA 5 KM 614 VICTORIA;18;730995;5762275;MALLECO;VICTORIA;R;VICTORIA;0,25;;HELVETIA KM 614 VICTORIA;arturosagredo@msn.com;
ARAUCANIA;;Fo;;;09-0104;1-6-1999;VIVERO FOR MONUMENTAL;CRISTIAN EVANS;PEREZ;SALAS;M;PINO OREGON;PINO PONDEROSA;PINO CONTORTA;C;RED SANCHEZ KM 14 CAM A CC;18;746049;5760443;MALLECO;VICTORIA;R;VICTORIA;3,00;2 841710;RED SANCHEZ KM 14 VICTORIA A CCAUTIN;cristianevans@hotmail.com;
ARAUCANIA;;Fo;O;;09-0105;;JARDIN PAUCHARD;CARLOS Enrique;PAUCHARD;ORELLANA;M;AZALEA;RODODENDRO;HORTENSIA;C;RUTA 5 KM 617 VICTORIA;18;729953;5758373;MALLECO;VICTORIA;R;VICTORIA;2,00;;RUTA 5 SUR SECTOR CHANCO VICTORIA;s/c;
ARAUCANIA;;;O;;09-0112;;VIVERO KLEIN;SANDRA;TEJOS;SEITZ;F;PETUNIA;PENSAMIENTO;BEGONIA;C;EL SALTO, KM 6 PUA - CULLINCO;18;733987;5752891;MALLECO;VICTORIA;R;VICTORIA;0,3;2 647170;EL SALTO A 6 KM PUA A CULLINCO;florestejos@yahoo.es;
ARAUCANIA;Ft;;O;;09-0115;;MASTER BERRIES;CECILIA;GONZALEZ;BARROS;F;ARÁNDANO;;;A;COMUNIDAD B. O'HIGGINS VICTORIA;18;757826;5763456;MALLECO;VICTORIA;R;VICTORIA;0,2;;BERNARDO O'HIGGINS CAM LAG MALLECO;sebajorquera@yahoo.com;
ARAUCANIA;Ft;;;;09-0116;;TERPELLE;PATRICIO;PUELMA;SAENZ;M;ARÁNDANO;;;A;SAN RAIMUNDO TERPELLE TRAIGUEN;18;708856;5749123;MALLECO;TRAIGUEN;R;VICTORIA;0,3;;FDO S. RAIMUNDO, TERPELLE TRAIGUEN;terpel.patricio@gmail.com;
ARAUCANIA;Ft;;;;09-0118;;MARIA YOLANDA;PABLO;DIEZ;GONZALEZ;M;ARÁNDANO;;;A;RUTA 5 SUR KM 616 VICTORIA;18;730899;5760005;MALLECO;VICTORIA;R;VICTORIA;0,3;2 842601;RUTA 5 SUR KM 616 VICTORIA;pabloydiez@hotmail.com;
ARAUCANIA;;Fo;O;;09-0119;;EL TESORO;CARLOS;GUARDIA;SOTO;M;EUCALYPTUS;PINO INSIGNE;;C;EL TESORO, SECTOR CHUFQUEN;18;706034;5752251;MALLECO;TRAIGUEN;R;VICTORIA;0,6;;EL TESORO, SECTOR CHUFQUEN, TRAIGUEN;hrevivero@gmail.com;
ARAUCANIA;;Fo;;;09-0120;5-10-2005;CINCO PUERTAS;FRANCISCO;VIDAL;GUZMAN;M;CASTAÑO;;;A;LOCALIDAD MARIA ESTER, VICTORIA;18;720367;5763575;MALLECO;VICTORIA;R;VICTORIA;0,2;;CINCO PUERTAS, SECTOR MARIA ESTER;vidal.fco@gmail.com;
ARAUCANIA;;;O;;09-0498;22-09-2006;SAN RAMON PEHUENCO;JUAN PABLO;ARNELLO;V;M;ARAUCARIA;CIPRES;ROBLE;C;PEHUENCO KM 36, CAM VICT A CC;19;239341;5753473;MALLECO;VICTORIA;R;VICTORIA;0,3;;SAN RAMON KM 36 VICTORIA A CURACAUTIN;juan772004@yahoo.com;
ARAUCANIA;;;O;;09-0499;2007;VIV FOR LA RIVERA;DEYANIRA;QUINTANA;GONZALEZ;F;EUCALYPTUS;PINO INSIGNE;;C;PJE RIO TRAIGUEN 1245, TRAIGUEN;18;703490;5763501;MALLECO;TRAIGUEN;U;VICTORIA;0,25;;PASAJE RIO TRAIGUEN 1245, TRAIGUEN;gquintana@123mail.cl;
ARAUCANIA;Ft;;;;09-0636;04-07-2014;VIVERO LOS GUINDOS;AGRCOLA LOS GUINDOS LTDA.;;;PJ;CEREZO DULCE;;;C;FUNDO LA ISLA;18;753610;5744066;MALLECO;VICTORIA;R;VICTORIA;;;;;
ARAUCANIA;;Fo;;;09-0287;1-6-1990;Los Alerces;Siglinda;Stange;;F;EUCALYPTUS;RODODENDRO;;C;Ruta 5 Sur Gorbea-Loncoche;18;709556;5653794;CAUTIN;Gorbea;R;Villarrica;0,5;no registra;;no registra;
ARAUCANIA;;Fo;;;09-0297;1-9-1998;San Luis;Luis;Hernandez;R.;M/PJ;Pino Oregon;ORNAMENTAL;NATIVA;C;Ñancul Oriente;18;734089;5646670;CAUTIN;Villarrica;R;Villarrica;2,00;no registra;;no registra;
ARAUCANIA;;Fo;;;09-0298;1-1-2000;Felis;Enrique;Felis;;M/PJ;Pino Oregon;NATIVAS;;C;Alto De La Colina;18;738534;5647052;CAUTIN;Villarrica;U;Villarrica;0,5;no registra;;aldrich@entelchile.net;
ARAUCANIA;;Fo;;;09-0299;1-5-1990;Voipir;Forestal  Voipir Ltda.;;;PJ;Pino Oregon;Sequollas;NATIVA;C;Fundo Voipir;18;734984;5646734;CAUTIN;Villarrica;R;Villarrica;3,00;411166;;voipir@terra.cl;
ARAUCANIA;Ft;Fo;;;09-0306;1-8-1997;Santa Rosa;Eduardo;Campos;Molina;M/PJ;EUCALYPTUS;ARÁNDANO;;C;Sector El Prado.  Ruta 5 Sur;18;710149;5657448;CAUTIN;Gorbea;R;Villarrica;0,5;no registra;;evelingcampos@gmail.com;
ARAUCANIA;Ft;Fo;O;;09-0311;1-1-1997;Kumemamell;Monica;Bastias;Molina;F/PJ;COPIHUE;;;C;Camino Villarrica - Loncoche Los Pinos;18;712310;5645908;CAUTIN;Loncoche;R;Villarrica;0,1;no registra;;monica_bastias_m@hotmail.com;
ARAUCANIA;;Fo;O;;09-0313;1-11-2002;Nickel;Armin;Nickel;;M/PJ;Pino Oregon;NATIVAS;;C;Mahuidanche. Faja Maisan.;18;682492;5672358;CAUTIN;Pitrufquen;R;Villarrica;2,00;no registra;;no registra;
ARAUCANIA;;Fo;O;;09-0314;1-10-1998;Los Alamos;Raul;Benito;Taladriz;PJ;ORNAMENTALES;;;C;Colo Colo 353;19;243779;5648592;CAUTIN;Pucon;U;Villarrica;0,2;no registra;;no registra;
ARAUCANIA;;Fo;O;;09-0317;1-4-2002;Carilemu;Nelson;Cariman;Cariman;M/PJ;ORNAMENTALES;;;C;Malloco - Lolenco. Km. 15. 2da. Faja Al Volcan.;18;745707;5643347;CAUTIN;Villarrica;R;Villarrica;0,1;no registra;;no registra;
ARAUCANIA;Ft;Fo;O;;09-0325;1-5-1990;Los Copihues;Carlos;Marin;Lancapichun;M/PJ;COPIHUE;NATIVAS;TUJA;C;km. 12,5 de loncoche a Villarrica;18;718464;5648642;CAUTIN;Loncoche;R;Villarrica;1,00;1972365;;no registra;
ARAUCANIA;;Fo;O;;09-0327;1-5-1995;Index Salus;Index Salus Ltda.;;;PJ;Calendula officinalis;Menta;;C;Km., 5 Villarrica - Lican Ray;18;738802;5642496;CAUTIN;Villarrica;R;Villarrica;0,5;413067;;infosalus@saluschile.cl;
ARAUCANIA;;Fo;O;;09-0328;1-1-2010;El Roble;Hugo;Orellana;;M/PJ;NATIVAS;;;C;Huilipilun;18;740273;5664006;CAUTIN;Villarrica;R;Villarrica;0,20;no registra;;no registra;
ARAUCANIA;;;O;;09-0343;1-7-1997;La Araucaria;Yolanda;Hormazabal;Vidal;F/PJ;NATIVAS;AZALEA;HORTENSIA;C;Gorbea 4ta. Faja Km. 1;18;701671;5670038;CAUTIN;Gorbea;R;Villarrica;0,1;491064;;no registra;
ARAUCANIA;;;O;;09-0346;1-5-1998;Lastarrias;Juan;Araneda;Herrera;M/PJ;TUJA;ORNAMENTAL;;C;General Urrutia 31. Lastarrias;18;700553;5654766;CAUTIN;Gorbea;U;Villarrica;0,2;no registra;;no registra;
ARAUCANIA;;;O;;09-0347;1-4-1997;Los Troncos;Edit;Guiterrez;Vergara;F/PJ;HORTENSIA;;;C;San Jorge-Mantahue.  Km. 14.  Lastarrias;18;688969;5657628;CAUTIN;Gorbea;R;Villarrica;0,5;no registra;;no registra;
ARAUCANIA;;;O;;09-0349;18/05/1994;Marco Antonio;Margaret;Salazar;;F/PJ;HORTENSIA;AZALEA;TUJA;C;18 De Septiembre 336. Lastarrias;18;700971;5654359;CAUTIN;Gorbea;U;Villarrica;0,2;no registra;;no registra;
ARAUCANIA;;;O;;09-0350;1-10-2001;Santa Maria;Jose;Garces;Curiqueo;M/PJ;HORTENSIA;AZALEA;TUJA;C;General Urrutia 55. Lastarrias.;18;700548;5654721;CAUTIN;Gorbea;U;Villarrica;0,2;no registra;;no registra;
ARAUCANIA;;;O;;09-0354;1-1-2005;San Juan;Luis;Soto;Labrin;M/PJ;HORTENSIA;AZALEA;TUJA;C;Venecia 335.  Lastarrias;18;700746;5654567;CAUTIN;Gorbea;U;Villarrica;0,5;045-1974671;;no registra;
ARAUCANIA;;;O;;09-0361;1-9-2006;El Manzano;Igne;Puschel;;F/PJ;HORTENSIA;AZALEA;TUJA;C;Fundo El Manzano;18;710159;5636450;CAUTIN;Loncoche;R;Villarrica;0,5;no registra;;no registra;
ARAUCANIA;;;O;;09-0366;18-06-1905;Jardin Patricia;Patricia;Riquelme;;PJ;COPIHUE;HORTENSIA;TUJA;C;Cuesta Lastarrias;18;698661;5650766;CAUTIN;Loncoche;R;Villarrica;0,5;no registra;;jardinpatricia@hotmail.com;
ARAUCANIA;;;O;;09-0370;1-6-1994;El Encanto;Eugenio;Molina;;M/PJ;HORTENSIA;AZALEA;TUJA;C;Camino Pitrufquen - Los Galpones.  Los Trapenses 630.;18;702996;5682124;CAUTIN;Pitrufquen;U;Villarrica;0,5;391486;;emolina@chile.com;
ARAUCANIA;;;O;;09-0372;1-8-1995;Los Canelos;Erwin;Redel;;M/PJ;HORTENSIA;AZALEA;TUJA;C;Faja Maisan;18;681680;5674379;CAUTIN;Pitrufquen;R;Villarrica;2,00;no registra;;no registra;
ARAUCANIA;;;O;;09-0374;1-12-1997;Metayer;Ida;Cardenas;Aedo;F/PJ;HORTENSIA;AZALEA;TUJA;C;Ruta 5 Sur. Km. 707,Pitrufquen-Gorbea;18;702787;5677426;CAUTIN;Pitrufquen;R;Villarrica;2,00;no registra;;no registra;
ARAUCANIA;;;O;;09-0375;1-8-1997;Santa Julia;Fernando;Molina;;M/PJ;HORTENSIA;AZALEA;TUJA;C;Arturo Prat 510;18;704993;5682658;CAUTIN;Pitrufquen;U;Villarrica;0,1;391656;;no registra;
ARAUCANIA;Ft;;O;;09-0376;20-06-1905;Horvifor;Margarita;Lopez;Araneda;F/PJ;ARÁNDANO;COPIHUE;;C;Vte. Quitratue-Liuco;18;712364;5652992;CAUTIN;Loncoche;R;Villarrica;0,5;no registra;;viverohorvifoo@gmail.com;
ARAUCANIA;;;O;;09-0377;13/12/2000;Santa Lidia Nº 1;Manuel;Godoy;;M/PJ;MURTILLA;COPIHUE;HORTENSIA;C;Jose Miguel Carrera 1017;18;704019;5682092;CAUTIN;Pitrufquen;U;Villarrica;0,1;391177;;francisco.godoy@redsalud.gov.cl;
ARAUCANIA;;;O;;09-0378;1-5-1994;Sur;Amanda;Cares;Espinoza;F/PJ;HORTENSIA;AZALEA;TUJA;C;1a. Faja Pitrufquen-Ñancul;18;708535;5679420;CAUTIN;Pitrufquen;R;Villarrica;0,5;no registra;;no registra;
ARAUCANIA;;;O;;09-0385;7-1-2002;Jardin Viejo Roble;Maria Estrada Valdes y otro;;;PJ;NATIVAS;HORTENSIA;AZALEA;C;Los Riscos camino Villarrica-Pucon;18;756247;5644868;CAUTIN;Pucon;R;Villarrica;0,2;441180;;no registra;
ARAUCANIA;;;O;;09-0386;1-5-1996;Vivero Cañi;Fundacion Lahuen;;;PJ;NATIVAS;ARAUCARIA;COIHUE;C;Camino A Huife;19;261282;5651273;CAUTIN;Pucon;R;Villarrica;0,1;no registra;;no registra;
ARAUCANIA;;;O;;09-0397;1-1-2001;Jardin Del Estero;Gabriela;Arratia;;F/PJ;BEGONIA ;AZALEA;HORTENSIA;C;Lican Ray;18;744128;5625048;CAUTIN;Villarrica;U;Villarrica;0,1;2431442;;no registra;
ARAUCANIA;;;O;;09-0400;1-8-1998;Lefun;Yasmina;Alarcon;Saravia;F/PJ;HORTENSIA;AZALEA;NATIVA;C;Sector Playa Linda-Lefun Alto (Frente Vivero Tolpan);18;747913;5643278;CAUTIN;Villarrica;R;Villarrica;0,1;no registra;;no registra;
ARAUCANIA;;;O;;09-0403;jun-98;Malloco;Soc. Invers. Nollagam Ltda.;;;;HORTENSIA;AZALEA;NATIVA;C;Fundo Malloco Km. 12;;728905;5650384;;VILLARRICA;R;VILLARRICA;;;;;
ARAUCANIA;;;O;;09-0404;1-5-1993;Oregon N° 01;Fernando;Arriagada;;M/PJ;HORTENSIA;TUJA;PINO OREGON;C;Camino Villarrica-Lican Km. 6;18;739441;5642760;CAUTIN;Villarrica;R;Villarrica;1,00;no registra;;no registra;
ARAUCANIA;Ft;;O;;09-0408;10-11-2005;Mapu - Ninahue;Ivan;Paillan;Muñoz;M/PJ;FRAMBUESO;ARÁNDANO;HORTENSIA;C;Calfutue Camino Lican Ray   Km. 09;18;740609;5638953;CAUTIN;Villarrica;R;Villarrica;0,5;no registra;;ipaillan@hotmail.com;
ARAUCANIA;;;O;;09-0420;7-4-2004;Las  Azaleas;Juan;Rosales;Peñailillo;M/PJ;AZALEA;HORTENSIA;TUJA;C;Lastarria;18;700903;5654463;CAUTIN;Gorbea;U;Villarrica;0,2;no registra;;no registra;
ARAUCANIA;;;O;;09-0422;1-7-2004;El Budy;Carlos;Araneda;Herrera;M/PJ;AZALEA;HORTENSIA;TUJA;C;Lastarria;18;700559;5654692;CAUTIN;Gorbea;U;Villarrica;0,1;no registra;;no registra;
ARAUCANIA;;;O;;09-0423;1-1-2004;Massiel;Deloisa;Acaricia;Barra;F/PJ;AZALEA;HORTENSIA;TUJA;C;Lastarria;18;700135;5654202;CAUTIN;Gorbea;U;Villarrica;0,1;no registra;;no registra;
ARAUCANIA;;;O;;09-0426;1-1-2005;Santa Isabel;Maria;Garrido;Hernandez;F/PJ;AZALEA;HORTENSIA;TUJA;C;Lastarria;18;701196;5654309;CAUTIN;Gorbea;U;Villarrica;0,1;no registra;;no registra;
ARAUCANIA;Ft;;O;;09-0427;18-05-2004;El Quillay;Rene;Parra;Montecino;M/PJ;ARÁNDANO;GROSELLERO;;C;Km. 6, los guindos camino Villarrica-Pucon;18;744335;5644572;CAUTIN;Villarrica;R;Villarrica;0,1;no registra;;no registra;
ARAUCANIA;Ft;;;;09-0436;1-7-2005;Los Cobianes;Eugenio;Moran;Reyes;M/PJ;ARÁNDANO;;;C;Los Agustinos 1621, Concepcion;18;722655;5664040;CAUTIN;Pitrufquen;U;Villarrica;0,5;no registra;;no registra;
ARAUCANIA;Ft;;;;09-0440;19-08-2005;Don Eduardo;Juan;Ibacache;Lagos;M/PJ;ARÁNDANO;;;C;Crucero Huiscapi  Lliu Lliu 2 Km;18;724155;5650879;CAUTIN;Loncoche;R;Villarrica;0,5;no registra;;no registra;
ARAUCANIA;Ft;;;;09-0441;29-08-2005;Las Brisas;Alfonso;Moller;Loohs;M/PJ;AVELLANO EUROPEO;;;C;6ta. Faja Km 9 Quitratue;18;711658;5660533;CAUTIN;Gorbea;R;Villarrica;1,00;no registra;;alfonsomoller@hotmail.com;
ARAUCANIA;;;O;;09-0442;1-9-2005;Vivero Medicinal De La Bruja;Martina Barbara;Linge;;F/PJ;MEDICINAL;;;C;Ñancul;18;730903;5648532;CAUTIN;Villarrica;U;Villarrica;0,10;no registra;;mlinge@limhar.cl;
ARAUCANIA;Ft;;;;09-0445;1-4-2004;Aysen;Garcia y Salas Cia. Ltda.;;;PJ;AVELLANO EUROPEO;;;C;Gorbea;18;712049;5666307;CAUTIN;Gorbea;U;Villarrica;5,00;471418;;lsalas@watts.cl;
ARAUCANIA;Ft;;;;09-0449;1-6-2006;El Mirador;Alex;Ceballos;Bastias;M/PJ;ARÁNDANO;;;C;Quesquechan, Km. 738,6, Ruta 5 Sur;18;710518;5649546;CAUTIN;Loncoche;R;Villarrica;0,30;no registra;;no registra;
ARAUCANIA;;;O;;09-0450;1-11-2000;Paillaco;Nolasco;Vallejos;Reyes;M/PJ;NATIVAS;;;C;Caburga Cam. Paillaco Km. 1;19;258122;5656332;CAUTIN;Pucon;R;Villarrica;0,40;no registra;;no registra;
ARAUCANIA;Ft;;;;09-0477;oct-06;Chesque;CARLOS;OVALLE;;M;;ARÁNDANO;;C;Km. 12 camino Pinchafil;;714591;5638879;;LONCOCHE;R;VILLARRICA;;;;;
ARAUCANIA;Ft;;;;09-0478;1-10-2006;Monteloro;Daniel;Hany;;M/PJ;ARÁNDANO;;;C;km. 2 Casahue-loncoche;18;723359;5642254;CAUTIN;Loncoche;R;Villarrica;0,10;no registra;;no registra;
ARAUCANIA;;;O;;09-0479;1-3-2007;Vivero Mora;María;Mora;Chesta;F/PJ;HORTENSIA;AZALEA;COPIHUE;C;Km. 2 Quitratue-Lastarria;18;701244;5661154;CAUTIN;Gorbea;R;Villarrica;1,00;no registra;;no registra;
ARAUCANIA;Ft;;;;09-0485;1-8-2006;Piedras Rodantes;Soc. Inmabiliaria e Ins. Lago Villarrica Ltda.;;;PJ;AVELLANO EUROPEO;;;C;Fundo Huingan;18;731952;5663083;CAUTIN;Villarrica;R;Villarrica;4,00;no registra;;no registra;
ARAUCANIA;Ft;;;;09-0489;8-6-2007;Fundo Chesque;Juan;Hoffmann;Flandes;M/PJ;ARÁNDANO;;;C;Palla, Loncoche;18;716629;5638946;CAUTIN;Loncoche;R;Villarrica;0,10;no registra;;agro_frut@hotmail.com;
ARAUCANIA;;;O;;09-0492;1-12-2007;Jazmin;Enrique;Alcapan;Arriagada;M/PJ;HORTENSIA;AZALEA;ORNAMENTAL;C;Km. 13 cam. Villarrica a Lican Ray;18;738827;5635143;CAUTIN;Villarrica;R;Villarrica;0,10;no registra;;no registra;
ARAUCANIA;;Fo;;;09-0494;1-4-2008;Campo Lindo;Arturo;Vergara;Jara;M/PJ;Pino Oregon;PINO INSIGNE;;C;Faja Ricci Km. 7;18;696983;5666288;CAUTIN;Gorbea;R;Villarrica;0,30;no registra;;art_vergara@hotmail.com;
ARAUCANIA;;;O;;09-0495;1-5-2007;Trufulco;Christian;Ahues;Ebner;M/PJ;Zantedeschia;;;C;Parcela 91- loteo Trufulco;19;259419;5648415;CAUTIN;Pucon;R;Villarrica;0,10;no registra;;chritianahues@hotmail.com;
ARAUCANIA;Ft;;;;09-0500;5-6-2005;El Bosque;Carlos;Toro;Araneda;M;ARÁNDANO;;;A;Manhue;18;720758;5655468;CAUTIN;Gorbea;R;Villarrica;0,10;no registra;;maria_rivera_r@hotmail.com;
ARAUCANIA;Ft;;;;09-0502;1-5-2008;Los Coigues;Moises Juan;Osorio;Torres;M/PJ;ARÁNDANO;MURTILLA;;C;Rinconada de Donguil, ruta 5 sur Km. 720;18;703548;5664381;CAUTIN;Gorbea;R;Villarrica;0,10;no registra;;no registra;
ARAUCANIA;Ft;;O;;09-0513;1-7-2009;El Saltillo;Ufilda;Alarcon;Velasquez;F/PJ;FRAMBUESO;;;C;Tercera jafa km. 25, Pitrufquen;18;722414;5665366;CAUTIN;Pitrufquen;R;villarrica;0,10;no registra;;ufialarcon@yahoo.es;
ARAUCANIA;;Fo;;;09-0514;1-12-2008;Pura Vida;Soc. Pichipedregoso Ltda.;;;F/PJ;Pino Oregon;NATIVAS;;C;Fundo el Coigue km. 26 cam. Villarrica, Pedregoso;18;754678;5660814;CAUTIN;villarrica;R;villarrica;2,00;no registra;;pvargas@sitioweb.cl;
ARAUCANIA;Ft;;;;09-0517;1-3-2008;El Rincon;Juan;Seguel;Jaramillo;M/PJ;ARÁNDANO;;;C;Km. 16 Villarrica Licanray;18;743961;5631957;CAUTIN;villarrica;R;villarrica;0,50;no registra;;no registra;
ARAUCANIA;;;O;;09-0518;1-6-2009;Crucero del Amor;Jose;Aedo;Ñanco;M/PJ;HORTENSIA;RODODENDRO;;C;Mahuidanche parcela los aromos;18;682717;5671669;CAUTIN;Pitrufquen;R;villarrica;0,50;no registra;;no registra;
ARAUCANIA;Ft;;;;09-0520;1-10-2009;Grant Berry;Maria;Grant;Moyano;F/PJ;ARÁNDANO;;;C;Predio los maitenes Gorbea km 14;18;699962;5655683;CAUTIN;Gorbea;R;Villarrica;0,10;no registra;;no registra;
ARAUCANIA;Ft;;;;09-0525;1-1-2010;Campo Dulce de Mandella;Gina mari;Mandella;;F/PJ;ARÁNDANO;;;C;Challupen Alto km. 19 Villarrica Lican Ray;18;745557;5628913;CAUTIN;Villarrica;R;Villarrica;0,20;no registra;;no registra;
ARAUCANIA;;;O;;09-0526;1-1-2010;Estambres Patagónicos;Ximena;Contreras;Gaete;F/PJ;HORTENSIA;AZALEA;;C;Chada km. 709 Ruta 5 Sur;18;708763;5657691;CAUTIN;Gorbea;R;Villarrica;0,20;no registra;;no registra;
ARAUCANIA;;;O;;09-0528;1-4-2010;Las Margaritas;Ma. Angelica;Huaquimil;Saavedra;F/PJ;Rododendro;HORTENSIA;TUJA;C;Caburga Bajo;19;256926;5654674;CAUTIN;Pucon;R;Villarrica;0,10;no registra;;no registra;
ARAUCANIA;;;O;;09-0550;1-1-2005;Aliet;Zunilda;Gonzales;Medina;F/PJ;TUJA;HORTENSIA;;C;Pidenco # 35 Lastarrias;18;700226;5654265;CAUTIN;Gorbea;U;Villarrica;0,10;no registra;;no registra;
ARAUCANIA;Ft;;;;09-0552;1-1-2010;Donguil Berries;Donguil Berries S.A.;;;PJ;ARÁNDANO;;;C;Nancahue camino a quitratue por VI Faja;18;714734;5648812;CAUTIN;Loncoche;R;Villarrica;0,50;no registra;;calcurrupe@hotmail.com;
ARAUCANIA;Ft;Fo;O;;09-0553;1-11-2009;Mariman;Alicia;Aguiló;;F/PJ;ARÁNDANO;;;C;Km. 3.5 Camino a Quilaco;19;254616;5646194;CAUTIN;Pucon;R;Villarrica;0,20;no registra;;aliciaguilo@yahoo.com;
ARAUCANIA;Ft;;;;09-0554;1-5-2010;El  Rehue;El Rehue S.A.;;;PJ;ARÁNDANO;;;C;Km. 4,5 camino Villarrica Pucon;18;743196;5646406;CAUTIN;Villarrica;R;Villarrica;0,10;411472;;no registra;
ARAUCANIA;;;O;;09-0556;1-4-2010;Las Camelias;Lea  Raquel;Saavedra;Medina;F/PJ;CAMELIA;HORTENSIA;;C;Villa Alegre # 545 Lastarrias;18;700371;5654016;CAUTIN;Gorbea;U;Villarrica;0,20;no registra;;no registra;
ARAUCANIA;;;O;;09-0557;1-6-2010;El Arrayan;Marcela;Gutierrez;Vergara;F/PJ;HORTENSIA;CAMELIA;RODODENDRO;C;Mantahue km. 15 Lastarrias;18;689853;5657841;CAUTIN;Gorbea;U;Villarrica;0,50;no registra;;no registra;
ARAUCANIA;;;O;;09-0559;1-5-2010;San Francisco II;Esteban;Barra;Ocampo;M/PJ;HORTENSIA;TUJA;CAMELIA;C;Venecia # 115 Lastarrias;18;700745;5654569;CAUTIN;Gorbea;U;Villarrica;0,10;no registra;;no registra;
ARAUCANIA;Ft;;O;;09-0560;1-6-2009;Amafrutos;Pablo;Matus;;M/PJ;ARÁNDANO;;;C;Camino Pucon Villarrica km. 6;18;755266;5644971;CAUTIN;Pucon;R;Villarrica;0,10;441187;;pablo_matus@hotmail.com;
ARAUCANIA;Ft;;;;09-0566;1-3-2011;Quelentue;Agrícola Quelentúe Ltda.;;;PJ;AVELLANO EUROPEO;;;C;Km. 13, villarrica molco alto;18;748401;5639946;CAUTIN;Villarrica;R;Villarrica;0,50;no registra;;no registra;
ARAUCANIA;Ft;;;;09-0567;1-4-2011;Vivero de Avellanos Germania;Agricola y Forestal El Carmen Ltda.;;;PJ;AVELLANO EUROPEO;;;C;Km. 20 Villarrica cruce Huiscapi hacia 7a faja;18;724116;5651981;CAUTIN;Loncoche;R;Villarrica;2,00;no registra;;no registra;
ARAUCANIA;;;O;;09-0575;10-5-2011;Nativa;Ingrid;Holzapfel;Salgado;F/PJ;HORTENSIA;Coniferas;;C;Mune Alto km. 14 Pitrufquen Villarrica;18;714369;5672490;CAUTIN;Pitrufquen;R;Villarrica;0,20;no registra;;ingridholzapfel@hotmail.com;
ARAUCANIA;;;O;;09-0576;1-9-2010;La Aralia;Hilda;Monsalves;;F/PJ;TUJA;;;C;Camino Pidenco Km. 4;18;696931;5652439;CAUTIN;Gorbea;R;Villarrica;0,10;no registra;;no registra;
ARAUCANIA;;;O;;09-0577;1-9-2010;Los Laureles;Ramon;Moreno;Mora;M/PJ;Elwoodii;;;C;Sector Rampehue-Gorbea;18;698800;5651657;CAUTIN;Loncoche;R;Villarrica;0,50;no registra;;no registra;
ARAUCANIA;;;O;;09-0578;27-09-2010;San Sebastian;Ana;Alarcon;Villalobos;F/PJ;AZALEA;;;C;Cuesta Lastarrias;18;699472;5651360;CAUTIN;Loncoche;R;Villarrica;0,10;no registra;;no registra;
ARAUCANIA;;;O;;09-0588;1-3-2012;Rocio del Bosque;Diana Lynn;Archibald;;F/PJ;MEDICINAL;Medicinales;;C;Cruce Huicacara camino a Lican Ray km. 6,5;18;739338;5641413;CAUTIN;Villarrica;R;Villarrica;0,20;no registra;;pasosureño@gmail.com;
ARAUCANIA;;;O;;09-0589;07-03-2012;MAURICIO;MAURICIO;LONCON;LOPEZ;M;;;;C;Rampehue km. 5, Cuesta Lastarrias;18;698077;5651183;;LONCOCHE;R;VILLARRICA;;;;;
ARAUCANIA;Ft;;;;09-0595;1-7-2011;Don Chuma;Alejandro;Granzotto;del Pino;M;AVELLANO EUROPEO;;;A/C;Sector Maria Luisa;18;735373;5662311;CAUTIN;Villarrica;R;Villarrica;0,50;no registra;;alejandrogranzotto@gmail.com;
ARAUCANIA;Ft;;;;09-0596;12-11-2010;Flor del Rio;Agricola Las Azaleas ltda.;;;PJ;AVELLANO EUROPEO;;;A;Fundo Las Azaleas km. 6 Maria luisa a Pedregoso;18;735562;5661166;CAUTIN;Villarrica;R;Villarrica;0,50;no registra;;mmorales795@gmail.com;
ARAUCANIA;Ft;;;V;09-0600;1-11-2012;Porton Viejo;Diego;Nicolas;Novoa;M;VID;;;C;km. 11 Villarrica Putue;18;732286;5652608;CAUTIN;Villarrica;R;Villarrica;0,10;no registra;;diego.fnn@gmail.com;
ARAUCANIA;;;O;;09-0606;28-05-2013;JARDIN VILLA ALEGRE;PEDRO ;FIGUEROA;ESCANDON;M;;;;C;Villa Alegre # 475 Lastarrias;18;700433;5654100;CAUTIN;GORBEA;R;VILLARRICA;;;;;
ARAUCANIA;;;O;;09-0607;21-12-2012;ORNAMENTALES CRISTINA;MARIA CRISTINA;MORA;CHESTA;F;;;;C;LAS VEGAS KM. W, Camino Quitratue a lastarria;18;701375;5659520;CAUTIN;GORBEA;R;VILLARRICA;;;;;
ARAUCANIA;Ft;;;;09-0608;1-6-2013;Catrimaiten;Jorge;Bustos;Oyadenel;M;ARÁNDANO;;;A;Fundo Catrimaiten km. 2,5 Loncoche Villarrica;18;711705;5642323;CAUTIN;Loncoche;R;Villarrica;0,30;no registra;;pilacteos@picapital.cl;
ARAUCANIA;Ft;;;;09-0610;1-8-2012;Andes Sur;Juan Pablo;Alvarez;Doyharcabal;M;CEREZO;;;A;Fundo Poco a Poco VI Faja km. 5 Quitratue, Gorbea;18;706955;5661314;CAUTIN;Gorbea;R;Villarrica;0,50;no registra;;no registra;
ARAUCANIA;;Fo;O;;09-0611;1-7-2013;Nuestra Señora del Cerro;José;Ibacache;Lagos;M;ORNAMENTALES;;;C;Sector lliu Lliu VII Faja km. 20;18;724556;5650888;CAUTIN;Loncoche;R;Villarrica;0,20;no registra;;no registra;
ARAUCANIA;Ft;;;;09-0618;18-12-2013;Emilia;Rene;Villegas;Vallejos;M;AVELLANO EUROPEO;;;C;Campo Alegre Km. Maria luisa;18;733859;5662094;CAUTIN;Villarrica;R;Villarrica;1,20;no registra;;r.07villegas04@gmail.com;
ARAUCANIA;;;O;;09-0619;18-12-2013;Cruz Del Sur;Ricardo;Barrios;Jaramillo;M;ORNAMENTALES;;;C;Poblacion Los Cipreses pasaje Cruz del Sur Sitio 17 y 18;18;740834;5645670;CAUTIN;Villarrica;R;Villarrica;0,20;no registra;;no registra;
ARAUCANIA;;;O;;09-0620;19-12-2013;Los Coigues;Nora;Ñanco;Mayo;F;ORNAMENTALES;;;C;km. 2,5 camino Lican Ray Coñaripe;18;746717;5626017;CAUTIN;Villarrica;R;Villarrica;0,10;no registra;;krisnaconcha@hotmail.com;
ARAUCANIA;;;O;;09-0622;1-6-2012;El Paraiso;Ramiro;Rifo;Curallanca;M;AZALEA;HORTENSIA;;C;Ex Ruta 5 Sur S/N Lastarrias;18;700303;5654055;CAUTIN;Gorbea;U;Villarrica;0,50;no registra;;no registra;
ARAUCANIA;;;O;;09-0624;8-1-2014;Las Begonias;Eliana;San Martin;Ramirez;F;ORNAMENTALES;;;C;Remigio Schneider 2000;18;739638;5646575;CAUTIN;Villarrica;U;Villarrica;0,10;no registra;;vellones.sureños@gmail.com;
ARAUCANIA;Ft;;;;09-0628;25-11-2013;Las Colinas;Harry;Fuller;Aburto;M;FRAMBUESO;;;A/C;Alberto Pohl s/n;18;706108;5639926;CAUTIN;Loncoche;U;Villarrica;0,10;no registra;4970000;fullerharry@hotmail.com;
ARAUCANIA;;;O;;09-0629;16-05-2014;VIVERO JARDIN MAGICO;LETICIA;HERRERA;CIFUENTES;F;;;;C;SECTOR CHAILLACO KM 1,5 CAMINO INTERIOR;18;728579;5648955;CAUTIN;VILLARRICA;R;Villarrica;;;;;
ARAUCANIA;;;O;;09-0630;19-05-2014;VIVERO BOTANICA;LIDIA;HERRERA;HERNANDEZ;F;;;;C;CAMINO AL VOLCAN KM 1,75;19;243004;5646220;CAUTIN;Pucon;R;Villarrica;;;;;
ARAUCANIA;;Fo;;;09-0633;07-08-2014;VIVERO FLOR DEL LAGO;AGRIC Y FORESTAL FLOR DEL LAGO;;;PJ;;;;C;SATURNINO EPULEF 901;18;746800;5656807;CAUTIN;Villarrica;R;Villarrica;;;;;
ARAUCANIA;;;O;;09-0634;11-08-2014;VIVERO LOS ULMOS;BERNABE;PINO;PICHINAO;M;;;;C;CAM RELUN KM 2,5 SECTOR COLLICO BAJO;18;737048;5646111;CAUTIN;Villarrica;R;VILLARRICA;;;;;
ARAUCANIA;;;O;;09-0635;25-06-2014;VIVERO RUKAN;JIMENA;ESPINOZA;AEDO;F;;;;C;KM 20 CAM VILLARRICA LICAN RAY;18;742159;5629107;CAUTIN;Villarrica;R;VILLARRICA;;;;;
ARAUCANIA;;;O;;09-0640;12-11-2014;LAS PETUNIAS;MIREYA;VASQUEZ;GONZALEZ;F;;;;C;Sector Rampehue;18;703392;5649553;CAUTIN;Loncoche;R;Villarrica;;;;;
LOS LAGOS;Ft;;;;10-55;07-11-2007;SANTA SOFIA;AUSTRAL BERRIES;;;PJ;ARÁNDANO;FRUTILLA;;C;FUNDO EL BOSQUE PARCELA N° 2;18;671670;5520360;OSORNO;SAN PABLO;R;OSORNO;1,500;02-5856433;FUNDO EL BOSQUE PARCELA N° 2;"karina@australberries.cl ; srodillo@australberries.cl; cgc@australberries.cl";
LOS LAGOS;Ft;;O;;10-56;06-10-2008;VIVERO SAN PABLO Spa;TAMAR EUNICE;POLANCO;DURAN;F;ARÁNDANO;FRUTILLA;;C;FUNDO LA POZA BOLIVIA S/N;18;669480;5525380;OSORNO;SAN PABLO;U;OSORNO;1,000;1974132;BOLIVIA S/N;viverosanpablospa@gmail.com;
LOS LAGOS;Ft;Fo;;;10-58;07-11-2007;CAIPULLI;SOC. FORESTAL Y COMERCIAL;;;PJ;EUCALYPTUS;PINO;COIHUE/ROBLE;C;FUNDO BELLAVISTA  ;18;653865;5500345;OSORNO;OSORNO;R;OSORNO;0,100;064-2237054;FUNDO BELLAVISTA  ;"vivero.caipulli@gmail.com; fsommer53@gmail.com";
LOS LAGOS;Ft;Fo;O;;10-59;05-10-2007;RIO TIJERAL;ANJA ;GEORGE;;F;LIGUSTRINA;HIPERICUM;CHILCO/CAREX;C;RUTA 215 - KM 8;18;662323;5502513;OSORNO;OSORNO;R;OSORNO;2,500;2230934;RUTA 215 - KM 8;"riotijeral@telsur.cl; anja@floraustral.cl";
LOS LAGOS;Ft;Fo;O;;10-61;23-03-2012;CRIADERO Y VENTA DE PLANTAS STÜCKRATH;JULIO ALBERTO ;STÜCKRATH;NEUMANN;M;RODODENDRO;CAMELIA;ROSA/HORTENSIA/FUCHSIA/MURTA VARIEGADA;C;CAMINO PTO. OCTAY KM 1,5, CHACRA EL CASTILLO;18;661510;5502920;OSORNO;OSORNO;R;OSORNO;1,500;064-2237173;CAMINO PTO. OCTAY KM 1,5;"stuckrath1@hotmail.com; magnolianesa@hotmail.com";
LOS LAGOS;Ft;Fo;O;;10-62;07-11-2007;JARDIN MOHR;ADRIANA ;MOHR;THONE;F;AZALEA;LAVANDA;COIHUE/RAULi/MURTA/FRESIA/VERONICA/COIGÜE/ERICA/ARANDANO;C;RUTA A P. OCTAY - KM 4, HIJUELA Nº 5 FUNDO PICHI PICHIL;18;662990;5500980;OSORNO;OSORNO;R;OSORNO;0,800;064-2260706;RUTA A P. OCTAY - KM 4;"amohrt@gmail.com; csmpaine@hotmail.com";
LOS LAGOS;Ft;Fo;O;;10-63;07-11-2007;VIVERO LOS MONTES;ALEJANDRO ;MONTECINOS;VASQUEZ;M;PEONIA;TULIPAN;JACINTO/ROSA;C;HIJUELA 1 TIFULCO;18;664670;5508190;OSORNO;OSORNO;R;OSORNO;0,100;S/I;HIJUELA 1 TIFULCO;a.montes@vtr.net;
LOS LAGOS;Ft;Fo;O;;10-64;07-11-2007; VIVERO DECO VERDE;GUARDA YANTANI PABLA ORIANA Y OTRO;;;PJ;CASTAÑO DE LA INDIA;BAMBU MAIZ;POLIGONATO/THUJA  REINGOLD;C;RUTA 215 - KM 7,5 FUNDO LO LIRIO PAR 1 CANAL BAJO;18;667553;5502964;OSORNO;OSORNO;R;OSORNO;0,500;064-2253187;CASILLA 51 OSORNO;"matildemc06@yahoo.es; matildecontreras@yahoo.es";
LOS LAGOS;Ft;Fo;O;;10-66;07-11-2007;EL CANELO;ASOC. LA MINGA DE PUALHUE;;;PJ;CLAVEL;PINO;CLAVELINA JAPONESA/CEREZO/MANZANO/LUMA/MELI/FRUTILLA/LILIUM;C;SECTOR PUALHUE;18;633828;5518922;OSORNO;SAN JUAN DE LA COSTA;R;OSORNO;0,100;S/I;SECTOR PUALHUE;vincenkine.peni@gmail.com;
LOS LAGOS;;;O;;10-69;07-11-2007;SANTA SOFIA;ARMANDO ;TORRES;GUZMAN;M;SIN PLANTAS;;;S/I;RUTA 5 NORTE KM 3;18;661790;5507900;OSORNO;OSORNO;R;OSORNO;1,500;064-2525549;RUTA 5 NORTE KM 3;armandotorres@live.cl;
LOS LAGOS;Ft;Fo;O;;10-72;01-05-2007;VIVERO PINUER;ELIANA RUTH;PINUER;HERNANDEZ;F;VERONICA;HORTENSIA;LAVANDA;C;ACAPULCO 1899, RAHUE ALTO;18;654368;5505833;OSORNO;OSORNO;U;OSORNO;0,200;064-2247268;ACAPULCO 1899, RAHUE ALTO;eliana_pinuer@hotmail.com / viveropinuer@gmail.com;
LOS LAGOS;Ft;Fo;O;;10-73;05-11-2007;JARDIN DE CLEMENTINA;MARCELA ;YAÑEZ;RIVADENEIRA;F;BEGONIA ;DÓLAR;SACCIFRAGA;C;PLAZUELA YUNGAY 591;18;658250;5506940;OSORNO;OSORNO;U;OSORNO;0,100;2238742;PLAZUELA YUNGAY 591;jardindeclementina@gmail.com;
LOS LAGOS;;;O;;10-74;07-11-2007;PARISIEN;ROMELIO ;GONZALEZ;SAEZ;M;ARALIA;BEGONIA;CACTUS/RAYITO DE SOL/CUBRE SUELO/BUDI;C;REPUBLICA 452 RAHUE;18;656415;5506925;OSORNO;OSORNO;U;OSORNO;0,100;064-2232656;REPUBLICA 452 RAHUE;mogobatch@yahoo.es / robobatch@gmail.com;
LOS LAGOS;Ft;;;;10-140;20-05-2008;A & G BERRIES;AGRICOLA A & G BERRIES LIMITADA;;;PJ;ARÁNDANO;FRUTILLA;FRAMBUESO;C;FUNDO LAS VERTIENTES, LAS QUEMAS, KM 4.;18;658310;5502620;OSORNO;OSORNO;R;OSORNO;0,500;S/I;CASILLA 490 OSORNO;gaepple@hotmail.com;
LOS LAGOS;Ft;;;;10-144;11-04-2008;BAYAS DE PUYEHUE;MARIA SYLVIA ;VESPERINAS;DIAZ;F;ARÁNDANO;GROSELLERO;;C;FUNDO QUILAS BAJAS, RUTA 215, KM 28.;18;687226;5500985;OSORNO;PUYEHUE;R;OSORNO;1,000;S/I;FUNDO QUILAS BAJAS, RUTA 215, KM 28.;"marianacoronado_@hotmail.com; v. coronado@hotmail.com; jaev90@gmail.com";
LOS LAGOS;Ft;Fo;O;;10-147;22-09-2008;FUNDACION ADOLFO MATTHEI;FUNDACION ADOLFO MATTHEI;;;PJ;GROSELLERO;ARÁNDANO;ZARZAPARRILLA/FRUTILLA;C;AVDA. RENE SORIANO 2615;18;660241;5505323;OSORNO;OSORNO;U;OSORNO;1,200;064-2213550;AVDA. RENE SORIANO 2615;amora@amatthei.cl;
LOS LAGOS;;;O;;10-152;24-07-2009;FLORERIA DON MARIO;MARIO ;CASAS;PEREZ;M;FILODENDRO;BEGONIA;CACTUS;C;MANUEL FERNANDEZ 2292;18;659651;5506657;OSORNO;OSORNO;U;OSORNO;0,100;064-2428663;MANUEL FERNANDEZ 2292;S/i;
LOS LAGOS;;;O;;10-156;08-01-2010;JORGE NAVARRETE ALBORNOZ;JORGE ;NAVARRETE;ALBORNOZ;M;COPIHUE;;;C;DR. RUDOLPH 1651;18;658788;5505676;OSORNO;OSORNO;U ;OSORNO;0,100;90161907;DR. RUDOLPH 1651;navarretealbornoz@yahoo.com;
LOS LAGOS;;;O;;10-170;25-08-2011;CACTUS PINCHUDOS;ROSA;JORQUERA;CACERES;F;CACTUS; ALOE BARBADENSIS;KALANCHOE/OPUNTIA/DÓLAR;C;JULIO BUSCHMANN 2479;18;660350;5506330;OSORNO;OSORNO;U;OSORNO;0,100;064-2204760;JULIO BUSCHMANN 2479;rejorq@hotmail.com;
LOS LAGOS;Ft;Fo;O;;10-179;24-05-2013;BOTANICA SUR;SOC. COMERCIAL BOTANICA SUR LTDA.;;;PJ;ULMO;COIHUE;ROBLE;C;KM 4,5 LA VEGA CAIPULLI;18;653640;5501335;OSORNO;OSORNO;R;OSORNO;1,00;064-2200849;CASILLA 1206 OSORNO;botanicasur@gmail.com / caguzmanu@gmail.com;
LOS LAGOS;Ft;;;;10-183;14-08-2013;LUPULO PUYEHUE;ARMIN;MARTIN;KREMER;M;LUPULO;;;C;RUTA 215, KM 41, CRUCE EL CARDAL;18;696750;5498330;OSORNO;PUYEHUE;R;OSORNO;0,100;73569557;RUTA 215, KM 41, CRUCE EL CARDAL;aa.martin.k@gmail.com;
LOS LAGOS;;Fo;O;;10-192;29-09-2014;JARDIN NATIVO;PAOLA;RAMIREZ;WEBAR;F;LUMA;EUCALYPTUS;CIPRES;C;SAMUEL BURGOS 1623;18;658540;5505637;OSORNO;OSORNO;U;OSORNO;0,001;77596774;SAMUEL BURGOS 1623 OSORNO;pola.ramirezwevar@gmail.com;
LOS LAGOS;Ft;;O;;10-191;24-09-2014;                       TIERRA SUR;SYLVIA ;GONZALEZ;VERA;F;AZALEA;RODODENDRO;HORTENSIA;C;HIJUELA  N° 2 EL CALABOSO;18;702281;5486432;OSORNO;PUYEHUE;R;OSORNO;1,40;94442633;KMT 3 PISICULTURA EL CALABOSO;carlotagonzalez58@gmail.com;
LOS LAGOS;Ft;Fo;O;;10-194;26-12-2014;                  VIVERO DE NORMA ;NORMA ;MELILLANCA;TRUNCE;F;AJI;GLADIOLO;LILIUM;C;CANTIAMO SIN NUMERO;18;643660;5529838;OSORNO;SAN JUAN DE LA COSTA;R;OSORNO;0,40;064-1974221;CANTIAMO COMUNA SAN PABLO;S/i;
LOS LAGOS;;Fo;O;;10-193;17-11-2014;              EL JARDIN DE CRISTINA;MIRTA;TORRES;GUZMAN;F;CACTUS;SUCULENTAS;;C;ANTONIO SAN MIGUEL 453 KOLBE;18;659850;5508039;OSORNO;OSORNO;U;OSORNO;0,001;90460840;ANTONIO DE SAN MIGUEL 453 KOLBE;S/i;
LOS LAGOS;Ft;Fo;O;;10-83;16-12-1991;EL PARQUE;ANDRES;VARGAS ;TEUBER;M;CASTAÑO;PINO OREGON;CIPRES, COIGUE, RAULI, NOTRO,  PICEA, THUJA, LENGA, CANELO, LENGA, MELI, OLIVILLO, LUMA, ARRAYAN,  TINEO, GUINDO SANTO, PALMILLA.;C;CRUCE OROMO - RIO NEGRO;18;654460;5479978;OSORNO;RIO NEGRO;R;RIO NEGRO;4,000;S/I;CASILLA N°1429, OSORNO.;vivero@elparque.cl;
LOS LAGOS;;Fo;O;;10-89;14-09-1998;LOS ULMOS;FERNANDO HUMBERTO ;GATICA;MOREL;M;RODODENDRO;AZALEA;ERICA, VIBURNUM, MAGNOLIO, JUNIPERO, HORTENSIA, MAÑIO, RAULI, TINEO, THUJA, VERONICA;C;FUNDO EL MICHAY, SECTOR LA PICADA, PUERTO OCTAY.;18;700772;5458185;OSORNO;PUERTO OCTAY;R;RIO NEGRO;3,500;S/I;CASILLA N° 30, PUERTO OCTAY.;"info@viverolosulmos.cl ; yohanacarrion@gmail.com";
LOS LAGOS;Ft;Fo;O;;10-92;23-07-2001;ECOSUR;VERENA ;HEUFEMANN;GROB;F;MANZANO;CEREZO;GUINDO, FRAMBUESO, ARANDANO.;C;FUNDO HAMBURGO. SECTOR OROMO.  PURRANQUE.;18;662912;5470874;OSORNO;PURRANQUE;R;RIO NEGRO;0,500;09-97030152;CASILLA 815, OSORNO;viveroecosur@gmail.com;
LOS LAGOS;;;O;;10-93;22-11-2000;JARDIN VILLA MARIA;MARIA ANGELICA ;BURGOS;S.;F;CINERARIA;OREJA DE OSO;PRIMULA, BELLA, PENSAMIENTO, PETUNIA, REPOLLO ORNAMENTAL, PALMERA;C;LAS HERAS 32 NORTE, PURRANQUE.;18;635189;5470088;OSORNO;PURRANQUE;U  ;RIO NEGRO;0,030;64-352534;LAS HERAS N° 32 NORTE  PURRANQUE.;S/D;
LOS LAGOS;;Fo;O;;10-95;08-11-2001;SANTA CECILIA;INVERSIONES SANTA CECILIA S.A.;***;***;PJ;RODODENDRO;AZALEA;CAMELIA, AGAPANTO, ENREDADERA, HORTENSIA, PEONIA, ROSA, PICEA, CRIPTOMERIA.;A;PUERTO FONCK, PUERTO OCTAY.;18;689576;5457579;OSORNO;PUERTO OCTAY;R;RIO NEGRO;2,000;65-270938;CASILLA N° 58,  PUERTO OCTAY.;cristian.gajardo@aquachile.cl   rodrigoaappel@gmail.com;
LOS LAGOS;;Fo;;;10-96;20-12-2001;TIERRA NUEVA;SOC. AGRICOLA  Y FORESTAL COMERCIALIZADORA LIFE LTDA.;***;***;PJ;PINO OREGON;ULMO;RAULI, CASTAÑO;C;FUNDO TRES PUENTES, SECTOR COÑICO, PURRANQUE.;18;662732;5466278;OSORNO;PURRANQUE;R;RIO NEGRO;4,000;S/I;CASILLA N° 210, PURRANQUE.;manlinlife@yahoo.de;
LOS LAGOS;Ft;;;;10-99;15-05-2004;SANTA ANGELA;PABLO MOMBERG SORIANO Y CIA.;***;***;PJ;ARÁNDANO;;;A;FUNDO SANTA ANGELA, HUENTELELFU, RIO NEGRO.;18;663307;5478171;OSORNO;RIO NEGRO;R;RIO NEGRO;0,500;S/I;CASILLA N° 449, OSORNO.;arandanospmomberg@gmail.com;64-232013
LOS LAGOS;;Fo;O;;10-167;17-06-2011;TIERRA FERTIL;EMA;ROSAS;VASQUEZ;F;PENSAMIENTO;GAZANIA;DIANTHUS, HORTENSIA, TULIPA, CARDENAL, AUCUBA, PINO, ARALIA, VERONICA.;C;FUNDO EL MAITEN, SECTOR LOS PARRONES, RIO NEGRO.;18;639235;5489830;OSORNO;RIO NEGRO;R;RIO NEGRO;0,050;S/I;FUNDO EL MAITEN, SECTOR PARRONES, RIO NEGRO.;S/D;
LOS LAGOS;Ft;;O;;10-168;23-06-2011;LABORATORIO IN VITRO LTDA.;LABORATORIO IN VITRO LTDA.;***;***;PJ;ARÁNDANO;FRAMBUESO;CEREZO, LILIUM, MAGNOLIO, MAQUI.;C;18 DE SEPTIEMBRE Nº 50, PURRANQUE.;18;654796;5469464;OSORNO;PURRANQUE;U;RIO NEGRO;0,060;09-90007283;18 DE SEPTIEMBRE Nº 50, PURRANQUE.;laboratorioinvitro@gmail.com;
LOS LAGOS;Ft;Fo;O;;10-172;26-12-2011;VIVERO ELIANITA;NELSON ALEJANDRO;GARCES;GARCES;M;PETUNIA;CRISANTEMO;DIANTHUS, GLADIOLO, LILIUM, IMPATIENS;A;CHACRA EL TREBOL,  CHAPACO S/N, RIO NEGRO.;18;644122;5483943;OSORNO;RIO NEGRO;R;RIO NEGRO;0,500;92621571;CHACRA EL TREBOL,  CHAPACO S/N, RIO NEGRO.;"bjgarcesg@hotmail.com ; jessisgg@gmail.com";
LOS LAGOS;Ft;Fo;O;;10-176;12-11-2012;PICHIHUILMA;GAFRUSUR S.A.;***;***;PJ;AVELLANO EUROPEO;SAUCO;;C;FUNDO LOS PINOS, SECTOR PICHIUILMA, RIO NEGRO.;18;640645;5495226;OSORNO;RIO NEGRO;R;RIO NEGRO;1,500;64-210283;I. GOYENECHEA 3162, SANTIAGO.;asesoriap@surnet.cl  diego.domke@yahoo.es;
LOS LAGOS;;Fo;O;;10-177;28-02-2013;LA CANDELARIA DE PUERTO OCTAY;VIVEROS LA CANDELARIA DE PUERTO OCTAY LTDA.;***;***;PJ;JUNIPERUS;TAXUS;VERONICA, DIANTHUS, HORTENSIA, CARDENAL,  PINO, PENSAMIENTO, CALA, RODODENDRO, THUJA, CONIFERAS, LAVANDA.;C;KM. 3 PLAYA MAITEN, PUERTO OCTAY.;18;680981;5464128;OSORNO;PUERTO OCTAY;R;RIO NEGRO;2,000;09-85402171;CONDOMINIO POLO MANQUEHUE 1, CASA 161, COLINA, CHICUREO.;"idevictor@gmail.com; jorgebenner@gmail.com";
LOS LAGOS;Ft;Fo;O;;10-185;01-08-2013;VIVERO MONTE VERDE;ANDRES LUIS;GUERRERO;BENECKE;M;ULMO;AVELLANO;MURTA, CANELO, FUINQUE;C;HIJUELA N° 5, PARRONES, RIO NEGRO.;18;637429;5489772;OSORNO;RIO NEGRO;R;RIO NEGRO;0,600;S/I;HIJUELA N° 5, MONTE VERDE, PARRONES, RIO NEGRO.;andresguerrero@surnet.cl;
LOS LAGOS;;Fo;O;V;10-100;31-05-1983;CENTRO EXPERIMENTAL U. DE CHILE;UNIVERSIDAD DE CHILE;;;PJ;ALERCE;AVELLANO;ROBLE;C;FRUTILLAR BAJO;18;665653;5445743;LLANQUIHUE;FRUTILLAR;U;PUERTO VARAS;0,5;065-422307;CASILLA Nº 1023 FRUTILLAR ALTO;munvi66@hotmail.com;
LOS LAGOS;;Fo;;V;10-101;06-05-1984;EL PARQUE;HERNÁN ;VARGAS; TEUBER;M;EUCALYPTUS;PINO;OREGÓN;C;KM 980, RUTA 5 - LA RADIO;18;662621;5447506;LLANQUIHUE;FRUTILLAR;U;PUERTO VARAS;2,5;065-421500;CASILLA Nº73  FRUTILLAR BAJO ;elparquedefrutillar@gmail.com;
LOS LAGOS;Ft;Fo;;V;10-102;15-05-1984;NUEVA BRAUNAU;INES ;WERNER; CARRASCO;F;CECUOYA;RODODENDRO;ABETOS;C;PICHI LAGUNA;18;663174;5427502;LLANQUIHUE;LLANQUIHUE;R;PUERTO VARAS;0,5;;PICHI LAGUNA;mielnativadel@gmail.com;
LOS LAGOS;;;O;V;10-103;18-10-1989;VIVERO EL ENCANTO;MARLYS ;BITTNER ;SCHWABE;F;AZALEA;ERICA;RODODENDRO;C;RUTA 225, KM 4;18;672081;5424329;LLANQUIHUE;PUERTO VARAS;U;PUERTO VARAS;0,6;065-236355;CASILLA Nº32  PUERTO VARAS;vivero_elencanto@yahoo.cl;
LOS LAGOS;Ft;Fo;O;V;10-104;20-07-1992;GRANJA QUILARAYÉN;HUGO ;RIQUELME ;MOYA;M;AVELLANO;NOTRO;RODODENDRO;C;CAMINO PUERTO VARAS A ALERCE, KM 2;18;671008;5421039;LLANQUIHUE;PUERTO VARAS;R;PUERTO VARAS;2,5;065-223414;CAMINO PUERTO VARAS A ALERCE, KM 2;quilarayen@telsur.cl;
LOS LAGOS;Ft;Fo;O;V;10-105;02-10-1998;EL BOQUI;ROLF ;SCHOEBITZ;;M;ABETO;LAVANDA ;COIHUE;C;PICHI LAGUNA, SUR;18;663036;5429203;LLANQUIHUE;LLANQUIHUE;R;PUERTO VARAS;0,5;065-231816;CASILLA Nº12 LLANQUIHUE;cg_caminondo@hotmail.com;
LOS LAGOS;Ft;Fo;O;V;10-106;02-09-1999;RINCÓN VERDE;VIVERO Y ORNAMENTAL FELMER LTDA.;FELMER;DÔRNER;PJ;ROSAL;RODODENDRO;AZALEA;C;LÍNEA VIEJA 1010;18;668326;5424144;LLANQUIHUE;PUERTO VARAS;U;PUERTO VARAS;0,1;065-234893;CASILLA Nº360 PUERTO VARAS;viverofelmer@gmail.com;
LOS LAGOS;Ft;Fo;O;V;10-107;19-03-2001;EL OASIS;SANDRA ERICA; HUENQUIAO ;HERNÁNDEZ;F;VERONICA;DALIA;VIOLAS;C;CASMA ORIENTE;18;658409;5458878;LLANQUIHUE;FRUTILLAR;R;PUERTO VARAS;0,7;;NO POSEE;jardineloasis@gmail.com;
LOS LAGOS;Ft;Fo;O;V;10-108;02-09-2003;VIVERO JARDÍN DEL LAGO;MARÍA; ISABEL ;SCHWERTER;F;DALIAS;HORTENSIA;CAMELIA;C;RÍO PESCADO - RUTA 225, KM 19;18;685601;5431031;LLANQUIHUE;PUERTO VARAS;R;PUERTO VARAS;0,5;;NO POSEE;isabelschwerter@gmail.com;
LOS LAGOS;;Fo;O;V;10-151;10-07-2009;VIVEROS Y PARQUE DEL SUR LTDA.;JAIME RICARDO ;SAID; HANDAL;M;ROBLE;COIHUE;DAFNE;C;CAMINO PUNTA LARGA KM 11;18;667947;5438859;LLANQUIHUE;FRUTILLAR;R;PUERTO VARAS;5;065-420002;CASILLA  Nº1103 FRUTILLAR;angelicanik@vipas.cl;
LOS LAGOS;Ft;Fo;O;V;10-161;19-08-2010;TAÑI RUKA;JAIME ;VELASQUEZ ;G.;M;COIHUE, GUALLE, ULMO;ULMO;CASTAÑO DE LA INDIA;C;AV ALEMANIA 902                 ;18;665489;5444443;LLANQUIHUE;FRUTILLAR;U;PUERTO VARAS;0,04;065-420156;AV ALEMANIA 902                 ;javeguar@gmail.com;
LOS LAGOS;;Fo;;V;10-173;26-12-2011;VIVERO FORAGRO LTDA;HERNÁN; ASECENCIO;;PJ;EUCALYPTUS;NOTRO;COIHUE;C;SECTOR YUNTAS VIEJAS;18;654787;5423253;LLANQUIHUE;PUERTO VARAS;U;PUERTO VARAS;2,5;;NO POSEE;hasencio@foragro.cl;
LOS LAGOS;;;O;V;10-174;30-07-2012;PEONIAS DE LAS LOMAS ;WILLEM ;BIERMA;;M;PEONIA;;;C;AGUA BUENA, SECTOR LAS LOMAS;18;661482;5416970;LLANQUIHUE;PUERTO VARAS;R;PUERTO VARAS;2;064-236039;LORD COCHRANE 1365- OSORNO;wbierma@surnet.cl;
LOS LAGOS;;;O;V;10-187;31-01-2014;VIVERO ALL GREEN;JUAN FRANCISCO;MERINO ;DAZA;M;ABETO;RODODENDRO;AZALEA;C;RUTA ALERCE KM.4,1;18;671488;5418982;LLANQUIHUE;PUERTO VARAS;U;PUERTO VARAS;0,50;;NO POSEE;allgreen@allgreenchile.cl;
LOS LAGOS;Ft;Fo;O;V;10-182;12-08-2013;VIVERO SUR;VIVERO SUR LIMITADA;;;PJ;HORTENSIA;PITOSPORO ;BOJ VERDE;C;RUTA 225, KM 6,9;18;676422;5424151;LLANQUIHUE;PUERTO VARAS;U;PUERTO VARAS;0,50;92338349;NO POSEE;coticampino@gmail.com;
LOS LAGOS;Ft;Fo;O;V;10-195;26-12-2014;VIVETU;AGRICOLA PACAL LTDA.;;;PJ;HORTENSIA;RODODENDRO;CAMELIA;C;CAMINO A QUILANTO KM.2;18;664569;5447870;LLANQUIHUE;FRUTILLAR;R;PUERTO VARAS;1.2;;NO POSEE;macarenagalvezojeda@gmail.com;
LOS LAGOS;;Fo;O;;10-111;18-10-1989;Vivero Chamiza;Erika  ;Stange ;Stange ;F;;;;C;Predio el Maiten/Chamiza;18;680596;5406091;LLANQUIHUE;Puerto Montt;R;Puerto Montt;1,0;065-286427;;No Registra ;
LOS LAGOS;Ft;Fo;O;;10-116;10-04-2003;Las Hortensias;Nancy  ;Gaedicke;Teuber;F;;;;C;Camino Chamiza;18;681462;5405596;LLANQUIHUE;Puerto Montt;R;Puerto Montt;1,0;065-435392;;lashortensias@latinmail.com;
LOS LAGOS;;Fo;O;;10-117;09-03-2004;Vivero Parque Alerce;Municipalidad de Puerto Montt;x;x;PJ;;;;C;Alerce/Camino a colonia Rio Sur;18;676485;5415515;LLANQUIHUE;Puerto Montt;R;Puerto Montt;2,0;065-261810;;No Registra ;
LOS LAGOS;;;O;;10-118;12-11-2004;Jardín San Valentín;Sergio Octavio ;Torres;Melo;M;OREJA DE OSO;Tulipan;PENSAMIENTO;C;Ruta 5 Sur, Km 2,9. Alto bonito;18;665701;5405843;LLANQUIHUE;Puerto Montt;R;Puerto Montt;0,5;No Registra;;No Registra ;
LOS LAGOS;;;O;;10-119;30-01-2006;Siglo Verde;Siglo Verde S.A.;X;X;PJ;;;;C;Circunvalación, Manzana 5, Sitio 1;18;668448;5408067;LLANQUIHUE;Puerto Montt;U ;Puerto Montt;0,5;065-282157;;No Registra ;
LOS LAGOS;;;O;;10-123;25-01-2007;Vivero de Plantas Medicinales Río Chaula;Bernardita ;Igor;Igor;F;ORNAMENTALES;Medicinales;;C;Metri, Km 30. Carretera Austral;18;691436;5392380;LLANQUIHUE;Puerto Montt;R;Puerto Montt;0,5;No Registra;;bernyigor@yahoo.es;
LOS LAGOS;Ft;;;;10-143;09-04-2008;Agrícola Río Frío;Sociedad Agrícola Río Frío;X;X;PJ;ARÁNDANO;;;C;Fundo San Rafael, Camino la Paloma S/N;18;631131;5425705;LLANQUIHUE;Puerto Montt;R;Puerto Montt;0,5;No Registra;;asesorias_gyc_ltda@terra.cl;
LOS LAGOS;;Fo;;;10-145;20-04-2004;Viveros del Sur;Luis Hernan ;Bustamante;Moure;M;;;;C; Carretera austral s/n;18;681628;5405721;LLANQUIHUE;Puerto Montt;u;Puerto Montt;1,5;No Registra;;juanrht@gmail.com;
LOS LAGOS;Ft;Fo;O;;10-157;11-01-2010;Arasun;Lotte Karola ;Turk;Schmincke;F;Arbustos Ornamentales;CASTAÑO;AVELLANO;C;cumbre alta Los Muermos;18;620161;5405860;LLANQUIHUE;Puerto Montt;R;Puerto Montt;0,425;65-264251;;viverosur@yahoo.es;
LOS LAGOS;;Fo;O;;10-159;17-08-2010;Fdo. Dos Esteros;Jhon Paul ;Lloyd;Clare;PJ;ORNAMENTALES;Cotonester;;C;Fdo.Dos Esteros-Pelluco;18;676054;5405515;LLANQUIHUE;Puerto Montt;R;Puerto Montt;0,5;No Registra;;No Registra ;
LOS LAGOS;Ft;Fo;O;;10-166;08-06-2011;Vivero Santa Leontina Ltda;Soc. Agricola Sta Leontina;x;x;PJ;EUCALYPTUS NITENS;;;C;Camino a los Pinis km4;18;653088;5389733;LLANQUIHUE;Puerto Montt;R;Puerto Montt;0,5;No Registra;;g.villalobos.psf@gmail.com;
LOS LAGOS;Ft;Fo;O;;10-184;01-08-2013;Vivero  Flores del valle;Maria Elena ;Salazar;Carrasco;F;Abutilon;Cotonester;GROSELLA;C;Fundo El Valle, Ruta U 50 KM 35;18;635685;5425944;LLANQUIHUE;Puerto Montt;R;Puerto Montt;0,5;No Registra;;blumen@live.cl;
LOS LAGOS;;Fo;O;;10 - 163;20-12-2010;Vivero Caleta Inio;Parque Chiloe S.A.;Parque Chiloe S.A.;Parque Chiloe S.A.;PJ;COIHUE;CANELO;CIRUELILLO,ALERCE,ARRAYAN,AVELLANO,CHILCO,CIPRES DE LAS GUAITECAS,FUINQUE,LUMA,MAÑIO MACHO, MAÑIO HEMBRA,MELI,OLIVILLO,PELU,SAUCO DEL DIABLO, TIACA,SIETE CAMISAS,TEPU,TEPA,;C;Caleta Inio;18;571300;5198640;CHILOÉ;Quellón;R;Castro;0,4;065 - 2773100;Caleta Inio;chaiguata@parquetantauco.cl;No Hay
LOS LAGOS;;Fo;;;10 - 162;15-10-2010;Vivero Chaiguata;Parque Chiloe S.A.;Parque Chiloe S.A.;Parque Chiloe S.A.;PJ;COIHUE;ALERCE;TINEO, CIPRES DE LAS GUAITECAS,CIRUELILLO,PELU,ALERCEMAÑIO MACHO,LUMA,ARRAYAN,MELI;C;Fundo Yaldad Bloque 1 Lote A;18;585943;5229919;CHILOÉ;Quellón;R;Castro;0,14;065 - 2773100;Fundo Yalda Lote 1 A;chaiguata@parquetantauco.cl;No Hay
LOS LAGOS;;Fo;;;10 -158;08-09-2010;Vivero Pansur;Agr y Forestal Pansur Ltda;Agr y Forestal Pansur Ltda;Agr y Forestal Pansur Ltda;PJ;COIHUE;CANELO;LUMA,CIRUELO,EUCALIPTOS NITENS,TEPA,PINO OREGON,PINO INSIGNE,CIPRES MACROCARPA,PINO PONDEROSA;C;Parcela Coico Lote A y B;18;610901;5234054;CHILOÉ;Quellón;R;Castro;3;065 - 2680570;Parcela Coinco lote A y B;pquellon@pansur.cl;No Hay
LOS LAGOS;;Fo;O;;10 -165;08-06-2011;Vivero Las Dalias;Claudia ;Andrade;Levican;F;DALIAS;HORTENSIA;RODODENDRO,CIRUELILLO,MAITEN,ERICA,PITTOSPORUM,CORNUS,CAMELIA,JUNIPERUS,ACEBO,ARALIA,AZALEA.;C;Lote 1 B Paildad;18;614937;5254899;CHILOÉ;Queilen;R;Castro;0,01;No Hay;Lote 1 B Paildad ;claudiaandradelevican@hotmail.com;No Hay
LOS LAGOS;;Fo;O;;10 - 186;03-09-2013;Viveros Las Rosas;Maria;Maldonado;Olivares;F;ROSAL;CANELO;CIPRES;C;Contuy K2;18;614355;5260814;CHILOÉ;Queilen;R;Castro;0,03;No Hay;Contuy k2;maria.maldonado45@gmail.com;No Hay
LOS LAGOS;;Fo;;;10 - 155;27-10-2009;Vivero Los Calafates;Ursula;Meir;Wolffgang;PJ;NOTRO;COIHUE;Abedul,Álamo,Alerce,Aliso,Ampe,Araucaria,Arce ,Arrayán ,Avellano ,Calafate,Canelo ,Castaño ,Chaura ,Chilco,Ciprés de las Guaitécas,Ciprés Macrocarpa ,Costilla de Vaca ,Cotoneaster , Encino ,Eucaliptus nitens ,Hortensia ,Katalapi,Lenga ,Lila ,Luma,Maitén ,Mañío Hoja Corta ,Mañío Hoja Punzante ,Maquí ,Melí ,Michay,Murta ,Nalca ,Ñirre,Phitosporo ,Pino Azul,Pino Oregón,Raulí,Roble,Rododendro,Rosa,Rosa Rugosa ,Sauco ,Sequoia ,Tenío ,Tepa,Tepú,Tiaca,Ulmo,Vautro;C;Hullinco Rura s/n;18;591034;5274070;CHILOÉ;Chonchi;R;Castro;1;No Hay;Hullinco Rural s/n;viveroloscalafates@gmail.com;No Hay
LOS LAGOS;;Fo;O;;10-175;28-08-2012;Vivero Las Camelias;Francia;Artega;Barria;F;ROSAL;CLAVEL;CANELO;C;Pid Pid;18;599974;5304463;CHILOÉ;Castro;U ;Castro;0,03;No Hay;Pid Pid;No Hay;No Hay
LOS LAGOS;;Fo;O;;10 -153;16-09-2009;Vivero El Habitad;Alvaro;Rudloff;Castro;M;PITTOSPORUM;VERONICA;SPIREA,ABEDUL,ABELIA BLANCA,ABELIA ROSADA(GOUCHER),ABELIA RASTRERA, ABELIA VARIAGADA,ABETO,HACER JAPONICO,HACER MONTANA,ABUTILON,AGAPANTO OENANO,AGAPANTO,ALCORNOQUE,ANEMONA,ARRAYAN,ARANDANO,ARCE COMUN,AVELLANO,AVELLANILLO,AUCUBA VERDE-VARIAGADA,AZALEA,AZELEA HIMALAYA,AZALEA MOLLIS,BACARIS,BERBERIS(ROJO Y VERDE),BERBERIS JULIANAE,BOLITADE NIEVE,BOJ VARIAGADO,BOJ VERDE,BOTELLITA BOULEVARD,CALISTEMON,CANELO,CAMELIA,CANOTUS ARBOREO,CEANOTUS ARBUSTIVO,CELTIS,CESTRUM,CHAMAECYPARIS LAWSONIANA(VERDE),CHAMAECYPARIS AUREA,CHMAECYPARYS GLOBOSA,CHAMAECYPARYS NANA,CHAQUIHUE,CHAURA,CHILCOENANO,CHILCO ROJO,CHILCO BLANCO,CHOISYA TERNATA(NARANJO DE MEXICO),CIPRES DE LAS GUAITECAS,CIPRES MACROCARPA,CIRUELO ROJO,COIHUE,COIGUE DE CHILOE,COPROSMA KIRKI,CORCOLEN,COTONEASTER HORIZONTALIS,COTONEASTER HORIZONTALIS,COTONEASTER LACTEA,COTONEASTER RASTRERO,COTONEASTER MICROPHIYLUS,COTONEASTER SALICIFOLIA,COTONEASTER FRANCHETI,COTONEASTER LACTEA,COTONEASTER GRIS,COTONEASTER ARBOREO(HOJA ANCHA),CRIPTOMERIA JAPONESA ELEGANS,CRIPTOMERIA JAPONESA ELEGANS,CRIPTOMERIA JAPONESA NANA,CRIPTOMERIA JAPONESA AUREA,DAFNE,DIOSMA,ENCIANO NEGRO(QUERCUS ILEX),ENCIANO ROJO(QUERCUS PALUSTRIS),ESPINO DE FUEGO(PYRACANTHA),ERIKA RASTRERA INVIENO BLANCA,ERIKA RASTRERA INVIERNO FUCSIA,ERIKA INVIERNO RASTRERA PONPON BLANCO,ERIKA INVIERNO PONPON FUCSIA,ERIKA RASTRETA GRIS(CAYUNA),ERIKA RASTRERA VERDE FLOR BLANCA,ERIKA COBRIZA MEDIA,ERIKA RASTRERA AMARILLA,ERICA RASTRERA COBRIZA FUCSIA,ERIKA RECTA AMARILLO LIMON BLANCA,EVONIMO VERDE,EVONIMO ARGENTEA,EVONIMO RASTRERO,EVONIMO DORADO ENANO,FATSHEDERA,FORSITHIA,FUCSIA,FUINQUE,FRUTILLERO(CORNUS),GINKO,GREVILLEA JUNIPERIANA,GREVILLEA ROSMARINIFOLIA,HEBE OCRASEA,HELECHO AMPE,HELECHO AMPE,HELECHOS CHICOS,HELECHO LENTEJA,HELECHO MEGALASTRUM,HELECHO POLYSTICHUM,HELECHO COSTILLA DE VACA,HORTENSIA BLANCA Y COLOR,HUELLA HYPERICUM ARBUSTIVO,HYPERICUM RASTRERO,HYPERICUMINODORUM,HYPERICUM VARIAGADO,ELEX CREANATUS,ILEX VERDE,JASMIN,JASMIN DE INVIERNO,JOVELANA,JUNIPERO COMUN,JUNIPERO RASTRERO,JUNIPERO DORADO,KERRIA JAPONICA,LAUREL DE COMER,LAURENTINA,LAVANDA,LEPROSPERNUM BLANCO DOBLE,LEPTOSPERNUM ROSADO,LEPTOSPERNUM ROJO,LIGUSTRINA,LILA DE VERANO(BUDLEYA),LIQUIDAMBAR,LONICERA NITIDA,LUMA,MAHONIA,MANZANO DE FLOR,MAÑIO HEMBRA,MAÑIO MACHO,MAÑIO DE HOJAS LARGAS,MIOPORO,MIRTO,MISORGENIA,NOTRO,ÑIPA,ÑIRRE,PAPIRO CHILENO,PATAGUA,PELU,PEUMO,PITOSPORUM,POE,QUILLAY,RADAL,ROBLE,RODODENDRO,ROSAS,RETAMO,SAUCO COMUN VARIEGADO,SENECIO,SEQUOIA,SPIREA,STENOCARPUS,TEPA,TEPU,THUJAS,VERONICA,VIVURNUN;C;Galvarinos Riveros s/n;18;599974;5304463;CHILOÉ;Castro;U ;Castro;0,2;No Hay;Galvarinos Riveros Norte s/n;elhabitatchiloe@yahoo.es;No Hay
LOS LAGOS;;Fo;O;V;10 - 178 ;08-01-2013;Vivero Municipal de Castro;Vivero Municipal de Castro;Vivero Municipal de Castro;Vivero Municipal de Castro;PJ;COIHUE;EUCALIPTO;HELECHO;A;Blanco 273;18;598398;5298620;CHILOÉ;Castro;R;Castro;0,06;No Hay;Blanco 273;naguila@municastro.cl ;No Hay
LOS LAGOS;;Fo;O;;10 -158;15-02-2012;Vivero Nativa Insular;Neviane Marjanka;Borquez ;Bhon;F;CANELO;NOTRO;HORTENSIA;C;Gabriela Mistral  363;18;601549;5296509;CHILOÉ;Castro;U;Castro;0,1;No Hay;Gabriela Mistral 363;marjankab@gmail.com;No Hay
LOS LAGOS;Ft;Fo;O;;10-190;12-08-2014;Vivero La Pincoya;María;Álvarez;Macías;F;MANZANO;CANELO;LILIUM;C;Rauco Rural;18;598753;5288117;CHILOÉ;Castro;R;Castro;1,00;No Hay;Rauco Rural;eglealvarezm@gmail.com;No Hay
LOS LAGOS;;Fo;;;10-181;04-07-2013;VIVERO RIO AMARILLO;AGRICOLA FORESTAL REÑIHUE LTDA.;;;PJ;Plantas nativas ;ORNAMENTAL;FRUTAL;A/C;sector el amarillo km. 25;18;705706;5236237;PALENA;CHAITEN;R;PALENA;0,800;065- 2250079 ;KLENNER N° 299;"rvillabalnca@pumaverde.cl; cj@pumaverde.cl";
LOS LAGOS;;Fo;;;10-180;07-07-2013;VUDUDAHUE;AGRICOLA FORESTAL REÑIHUE LTDA.;;;PJ;Plantas nativas ;;;C;LOTE 8, VUDUDAHUE;18;717618;5292196;PALENA;CHAITEN;R;PALENA;1,200;065- 2972121;KLENNER N° 299;"jasuarezb@gmail.com; cj@pumaverde.cl";
AYSEN DEL GRAL. CARLOS IBAÑEZ DEL CAMPO;;Fo;;;11-01;30-01-1995; LAS LENGAS;CONAF;N/A;N/A;PJ;Pinus ponderosa;Pinus Contorta;Nothofagus pumilio / Nothofagus dombeyi ;C;RESERVA FORESTAL;18;729914;4951880;COYHAIQUE;COYHAIQUE;R;COYHAIQUE;2;067-212114;Av. Ogana 1060;;
AYSEN DEL GRAL. CARLOS IBAÑEZ DEL CAMPO;;;O;;11-13;15-07-1999;DEIDA EDITH;CLENARDO ;LOPEZ;VÉLIZ;M;ROSAL;Ribes rubrum;LIGUSTRINA;C;MONREAL N° 1198;18;729842;4949464;COYHAIQUE;COYHAIQUE;U;COYHAIQUE;0,1;067-210298;Monreal N° 1198;;
AYSEN DEL GRAL. CARLOS IBAÑEZ DEL CAMPO;;Fo;;;11-37;19-11-2002;EL TRAPIAL;MIGUEL ;BARRIENTOS;YAÑEZ;M;Pinus ponderosa;Araucaria araucana;;C;CAMINO VILLA ORTEGA;18;734758;4970930;COYHAIQUE;COYHAIQUE;R;COYHAIQUE;4;067-232179;Villa Ortega S/N;;
AYSEN DEL GRAL. CARLOS IBAÑEZ DEL CAMPO;;Fo;;;11-43;12-04-2004;VALLE SIMPSON;CONAF;N/A;N/A;PJ;Pinus ponderosa;Pinus Contorta;;C;OFICINA PROVINCIAL;18;723767;4934023;COYHAIQUE;COYHAIQUE;R;COYHAIQUE;2;067-212114;Valle Simpson;;
AYSEN DEL GRAL. CARLOS IBAÑEZ DEL CAMPO;;Fo;O;;11-51;10-05-2006;MUNICIPAL;MUNICIPALIDAD COYHAIQUE;N/A;N/A;PJ;ROSAL;Calendulas, Peonia;Ilusiones, Pensamientos, Clavelinas;A;COYHAIQUE BAJO;19;269761;4950057;COYHAIQUE;COYHAIQUE;R;COYHAIQUE;1;067-675189;Bilbao N° 357;;
AYSEN DEL GRAL. CARLOS IBAÑEZ DEL CAMPO;;;O;;11-54;04-10-2007;AUSTRAL;SANDRA ;GATICA;NAYÉN;F;PENSAMIENTO;OREJA DE OSO;Salvia Azul;C;SECTOR EL CLARO, KM. 7;18;725821;4949086;COYHAIQUE;COYHAIQUE;R;COYHAIQUE;0,1;;Km. 7. Sector el Claro;;
AYSEN DEL GRAL. CARLOS IBAÑEZ DEL CAMPO;;Fo;O;V;11-61;24-01-2011;VIVERO CENTRO AGROFORESTAL PATAGONICO;INFOR;N/A;N/A;PJ;Pinus ponderosa;Pinus Contorta;;C;CAMINO COYHAIQUE ALTO, LOTE 6;18;733079;4949169;COYHAIQUE;COYHAIQUE;R;COYHAIQUE;0,5;067-573158;Riquelme N° 147;;067-233585
AYSEN DEL GRAL. CARLOS IBAÑEZ DEL CAMPO;;Fo;O;V;11-65;18-08-2011;LOS MAITENES;OLINDA;GONZALEZ;CADAGAN;F;LENGA ;CEREZO;MANZANO;C;SECTOR EL SALTO CHICO ;18;722872;4941648;COYHAIQUE;COYHAIQUE;R;COYHAIQUE;0,5;94983779;LAS QUINTAS N° 648;agropatagon@gmail.com;
AYSEN DEL GRAL. CARLOS IBAÑEZ DEL CAMPO;;Fo;;;11-09;1995;EL MALLIN;CONAF ;;;PJ;Pinus ponderosa;Pinus Contorta; Nothofagus dombeyi-Embothrium coccineum;C;PTO. AYSEN;18;682473;4970380;AYSEN;AYSEN;U;PTO.AYSEN;5,2;067-332743;Tte.MerinoN°520 Pto.Aysen;gladys.rents@conf.cl;067-332743
AYSEN DEL GRAL. CARLOS IBAÑEZ DEL CAMPO;;Fo;;;11-11;1995;MAÑIHUALES;FORESTAL MININCO S.A.;;;PJ;Pinus ponderosa;Pinus Contorta; Nothofagus dombeyi ;C;VILLA MAÑIHUALES;18;724308;4996111;AYSEN;AYSEN;R;PTO.AYSEN;20,0;067-233370;Eusebio Lillo N° 338-Coyhaique;rafael.eyzaguirre@forestal.cmpc.cl;067-233794
AYSEN DEL GRAL. CARLOS IBAÑEZ DEL CAMPO;;;O;V;11-068;11-10-2013;EL CALAFATE;BLANCA TERESA ;OSORIO;SOTO;F;LILIUM;CLAVEL;ROSAL;C;KM1 RIO LOS PALOS;18;679008;4970940;AYSEN;AYSEN;R;PTO.AYSEN;0,1;09-98394225;KM1 CAMINO RIO LOS PALOS;;
AYSEN DEL GRAL. CARLOS IBAÑEZ DEL CAMPO;;Fo;;;11-03;30-01-1995;EXPERIMENTAL COCHRANE;CONAF;;;PJ;Pinus ponderosa;Pinus Contorta;;C;KM. 2 SUR RIO COCHRANE;18;682203;4763479;CAPITAN PRAT;COCHRANE;R;COCHRANE;1,88;067-522164;OFICINA CONAF COCHRANE;piero.caviglia@conaf.cl;067-522164
AYSEN DEL GRAL. CARLOS IBAÑEZ DEL CAMPO;;Fo;;;11-47;03-11-2004;PARCELA N° 9;EXEQUIEL ;FIGUEROA;FUENTES;M;Pinus ponderosa;Pinus Contorta;;C;KM. 2 CAMINO AERODROMO COCHRANE;18;682610;4764726;CAPITAN PRAT;COCHRANE;R;COCHRANE;0,27;;DR. STEFFENS 241;;
MAGALLANES Y DE LA ANTARTICA CHILENA;;Fo;;;12-01;02-10-1998;CONAF ;CORPORACION NACIONAL FORESTAL MAGALLANES ;CORPORACION NACIONAL FORESTAL MAGALLANES ;CORPORACION NACIONAL FORESTAL MAGALLANES ;PJ;PINO;ABEDUL;LENGA;C;RÍO LOS CIERVOS ;19;369757;4103668;MAGALLANES;PUNTA ARENAS;R;MAGALLANES;0,500;612223420;RÍO LOS CIERVOS ;;
MAGALLANES Y DE LA ANTARTICA CHILENA;;;O;;12-02;13-11-1998;MUNICIPAL ;ILUSTRE MUNICIPALIDAD DE PUNTA ARENAS ;ILUSTRE MUNICIPALIDAD DE PUNTA ARENAS ;ILUSTRE MUNICIPALIDAD DE PUNTA ARENAS ;PJ;RAYITO DE SOL;PENSAMIENTO;CUBRESUELO;C;PARQUE MARÍA BEHTY ;19;371103;4105952;MAGALLANES;PUNTA ARENAS;U;MAGALLANES;0,10;612200347;PARQUE MARÍA BEHTY ;;
MAGALLANES Y DE LA ANTARTICA CHILENA;;Fo;O;;12-03;19-10-1998;EL VERDÍN ;ALEX ;LAGOS;DURAN;M;ALAMO;SAUCE;PINO;C;KM 6 SUR - RÍO LOS CIERVOS ;19;370177;4101106;MAGALLANES;PUNTA ARENAS;R;MAGALLANES;0,78;612261535;KM 6 SUR - RÍO LOS CIERVOS ;;
MAGALLANES Y DE LA ANTARTICA CHILENA;;;O;;12-04;08-09-1998;CENTRO HORTÍCOLA ;INSTITUTO DE LA PATAGONIA ;INSTITUTO DE LA PATAGONIA ;INSTITUTO DE LA PATAGONIA ;PJ;CALA;HORTENSIA;PETUNIA;C;AVENIDA BULNES - KM 3,5 NORTE ;19;373790;4111482;MAGALLANES;PUNTA ARENAS;U;MAGALLANES;2,20;612207083;AVENIDA BULNES - KM 3,5 NORTE ;;
MAGALLANES Y DE LA ANTARTICA CHILENA;;;O;;12-05;12-11-1998;JARDÍN MUTSCHKE ;MARIA ANTONIETA;MUTSCHKE;;F;OREJA DE OSO;VERONICA;PRIMULA;C;IGNACIO CARRERA PINTO Nº 0412 ;19;371420;4109053;MAGALLANES;PUNTA ARENAS;U;MAGALLANES;1,00;612242317;IGNACIO CARRERA PINTO Nº 0412 ;marita_konrad@yahoo.de;
MAGALLANES Y DE LA ANTARTICA CHILENA;;;O;;12-06;08-09-1998;JARDÍN SHULTZ ;PETER ;BLINKENSTORFER ;;M;ARENARIA;SCABIOSA;BEGONIA;C;MANUEL SEÑORET Nº 722 ;19;372164;4108550;MAGALLANES;PUNTA ARENAS;U;MAGALLANES;0,13;612223345;MANUEL SEÑORET Nº 722 ;;
MAGALLANES Y DE LA ANTARTICA CHILENA;;Fo;;;12-08;28-09-1999;BONI BONSAI ;ALAKALUF LTDA.;ALAKALUF LTDA.;ALAKALUF LTDA.;PJ;ÑIRRE;COIHUE;LENGA;A/C;MANUEL SEÑORET Nº 227;19;372430;4109041;MAGALLANES;PUNTA ARENAS;U;MAGALLANES;0,01;612220080;MANUEL SEÑORET Nº 227;www.bonibonsai.cl;
MAGALLANES Y DE LA ANTARTICA CHILENA;Ft;;;;12-12;05-06-2007;INIA-CRI KAMPENAIKE;INSTITUTO DE INVESTIGACIONES AGROPECUARIAS;INSTITUTO DE INVESTIGACIONES AGROPECUARIAS;INSTITUTO DE INVESTIGACIONES AGROPECUARIAS;PJ;ZARZAPARRILLA;FRUTILLA;CALAFATES, AROMATICAS, ;A;KM 10 NORTE RUTA CH 255;19;369972;4158697;MAGALLANES;LAGUNA BLANCA;R;MAGALLANES;1,00;612360390;KM 10 NORTE RUTA CH 255;;
MAGALLANES Y DE LA ANTARTICA CHILENA;Ft;Fo;O;;12-14;01-07-2006;MAGALLANES PARK;SOC.COM. MAGALLANES PARK LTDA.;SOC.COM. MAGALLANES PARK LTDA.;SOC.COM. MAGALLANES PARK LTDA.;PJ;PRIMAVERAS;CLAVELINA;TULIPANES;C;GENERAL SALVO 0565;19;371590;4109556;MAGALLANES;PUNTA ARENAS;U;MAGALLANES;0,01;612226298;GENERAL SALVO 0565;contacto@jardinesdelestrecho.cl;
MAGALLANES Y DE LA ANTARTICA CHILENA;;;O;;12-15;01-07-2010;KOHSPE-AYKE SPA;CLAUDIA ;SALDIVIA ;HERNANDEZ;F;SENECIO CANDIDANS;;;C;HIJUELA LOS CIPRESES KM 17 NORTE;19;376000;4123800;MAGALLANES;PUNTA ARENAS;R;MAGALLANES;0,10;612267355;HIJUELA LOS CIPRESES KM 17 NORTE;kohspeaike@gmail.com;
MAGALLANES Y DE LA ANTARTICA CHILENA;;Fo;;;12-16;01-06-2012;VIVERO DON GONZALO;MINERA GELEEN S.A.;MINERA GELEEN S.A.;MINERA GELEEN S.A.;PJ;ÑIRRE;PINO;SALIX;A;KM 40 RUTA Y-560 - ISLA RIESCO;19;324600;4136950;MAGALLANES;RIO VERDE;R;MAGALLANES;0,60;612720509;MINA INVIERNO - ISLA RIESCO;grodriguez@minainvierno.cl;
MAGALLANES Y DE LA ANTARTICA CHILENA;;;O;;12-17;01-09-2012;VIVERO LAS LOMAS;SERGIO ENRIQUE;CARRASCO;ZAPATA;M;GLADIOLOS;LILIUMS;NARCIZOS;C;PARCELA 34 LOTEO VRSALOVIC;19;373414;4117808;MAGALLANES;PUNTA ARENAS;R;MAGALLANES;0,40;;PARCELA 34 - LOTEO VRSALOVIC;laslomas34@latinmail.com;
MAGALLANES Y DE LA ANTARTICA CHILENA;;Fo;O;;12-18;16-12-2013;VIVERO FLOARB;FRESIA;PARDO;JEREZ;F;ALAMO;SERVAL;LLUVIA DE ORO;C;RUTA Y-570 KM 5,5 LT 49;19;366025;4109019;MAGALLANES;PUNTA ARENAS;R;MAGALLANES;0,50;;JUAN LLANOS  388;vivero.floar@gmial.com;
MAGALLANES Y DE LA ANTARTICA CHILENA;;;O;;12-19;01-09-2014;AGROPONICA LOS ALAMOS;AGROPONICA LOS ALAMOS;AGROPONICA LOS ALAMOS;AGROPONICA LOS ALAMOS;PJ;PEONIA;;;C;PARCELA  LOS ALAMOS N°1;19;368986;4106782;MAGALLANES;PUNTA ARENAS;R;MAGALLANES;0,06;;PROL PEDRO AGUIRRE CERDA LT 1-A;ventas@agroponica.cl;
MAGALLANES Y DE LA ANTARTICA CHILENA;Ft;;;;12-014;06-04-2011;COMERCIAL PLANTAS PATAGONIA LTDA.;JORGE MLADINIC LEON Y OTROS;;;PJ;RUBUS IDAEUS;;;C;PARCELA 27, EL PALENQUE;18;687612;4266689;U.ESPERANZA;NATALES;R;U.ESPERANZA;3,5;;IGUAZU 5823;jportuzar@gmail.com;
MAGALLANES Y DE LA ANTARTICA CHILENA;;Fo;;;12-013;15-07-2011;VIVERO DOROTEA;CONAF;;;PJ;LENGA ;EUCALIPTO;CASTAÑO;A;HUERTO 218;18;675887;4268710;U.ESPERANZA;NATALES;R;U.ESPERANZA;2,00;2238554;AV.BULNES 0309;magallan@conaf.cl;2238570
LOS RÍOS;;;O; ;14-09;23-05-1996;LOS BOLDOS;AGRÍCOLA COZ-COZ LTDA.;;;PJ;AZALEA;CAMELIA;RODODENDRO;C;PANGUIPULLI;18;735153;5610981;VALDIVIA;PANGUIPULLI;R;PANGUIPULLI;5,00;63-579800;CASILLA 492, PANGUIPULLI;info@viverolosboldos.cl;
LOS RÍOS;;Fo;O; ;14-10;04-07-1996;VIVERO PULLINQUE;LICEO AGRÍCOLA Y FORESTAL PULLINQUE;;;PJ;RAULÍ;COIHUE;EUCALIPTO;C;PANGUIPULLI;18;738339;5613110;VALDIVIA;PANGUIPULLI;R;PANGUIPULLI;2,00;63-311464;CASILLA 424, PANGUIPULLI;pullinquesecretaria@snaeduca.cl;
LOS RÍOS;;;O; ;14-11;14-10-1997;RIO CRUCES;CRISTIAN;SCHERPF;;M;AZALEA;CAMELIA;;C;MARIQUINA;18;656127;5607561;VALDIVIA;MARIQUINA;R;VALDIVIA;;063-211464;;;
LOS RÍOS;Ft;Fo;O; ;14-12;27-07-1998;VIVERO LA HUELLA;VIVERO GONZALO ALFREDO AWAD NASH E I R L;;;PJ;MANZANO;PERAL;CIRUELO;C;CABO BLANCO;18;650622;5595370;VALDIVIA;VALDIVIA;R;VALDIVIA;;063-215137;;;
LOS RÍOS;;Fo; ; ;14-13;11-10-1983;VIVERO LOS CASTAÑOS;FORESTAL VALDIVIA S.A.;;;PJ;PINO INSIGNE;;;C;SECTOR CAYUMAPU;18;661010;5601575;VALDIVIA;VALDIVIA;R;VALDIVIA;;063-204010;;;
LOS RÍOS;;;O; ;14-15;09-12-2003;ACOSTA Y CEBALLOS;ACOSTA Y CEBALLOS EXPORTACIONES LIMITADA;;;PJ;VERONICA;AZALEA;CAMELIA;C;LAS ANIMAS;18;652924;5593369;VALDIVIA;VALDIVIA;U;VALDIVIA;;063-204555;;;
LOS RÍOS;;Fo; ; ;14-16;18-10-1988;ANGACHILLA;ROGELIO ANTONIO NOVOA HERRERA;HERNÁNDEZ;;M;ULMO;LAUREL;OLIVILLO;C;ANGACHILLA;18;650143;5588029;VALDIVIA;VALDIVIA;U;VALDIVIA;2,00;063-435582 / 435584;AV ALEMANIA348, OF 31, VALDIVIA;rogelionovoa@gmail.com;
LOS RÍOS;;;O; ;14-17;27-05-2004;LA ANIMAS;TERESA ;MORAGA ;;F;HORTENSIA;CAMELIA;AZALEA;C;PEDRO AGUIRRE CERDA S/N;18;652336;5591566;VALDIVIA;VALDIVIA;U;VALDIVIA;;063-215595;;;
LOS RÍOS;;Fo;O; ;14-20;15-11-2005;LOS ULMOS;CECILIA ISABEL;FUENTES;MARCHANT;F;RAULÍ;ROBLE;PINO OREGON;C;CUDICO;18;692410;5632364;VALDIVIA;LANCO;R;PANGUIPULLI;0,30;;SECTOR CUDICO KM 1;ceisafu@hotmail.com;
LOS RÍOS;;Fo;; ;14-22;20-12-1988;CHOLLELHUE;SOC. AGRIC. Y FORESTAL TAQUIHUE LTDA.;;;PJ;;;;C;FUNDO ARQUILHUE;18;249456;5545616;RANCO;FUTRONO;R;PAILLACO;;063-272234;CORREO LLIFEN;taquihue@ctrnet.cl;
LOS RÍOS;Ft;Fo;O; ;14-24;13-04-1992;LOS LAGOS;SUCESIÓN MARCELO MULLE-WIEHOFF;;;M;ARÁNDANO;ABETO;AVELLANO;C;LIPINGUE;18;687502;5576578;VALDIVIA;LOS LAGOS;R;PAILLACO;;063-218727;CASILLA 50, LOS LAGOS;marcelow@123mail.cl;
LOS RÍOS;;Fo;O; ;14-26;20-05-1994;BAHÍA COIQUE;INMOBILIARIA ARENA BLANCA;;;PJ;HORTENSIA;VERONICA;AZALEA;C;BAHÍA COIQUE;18;716103;5553742;RANCO;FUTRONO;R;PAILLACO;;63-1971725;CASILLA 64, FUTRONO;myebr@hotmail.com;
LOS RÍOS;Ft;Fo;O; ;14-27;09-06-1995;LONCOPÁN;AGRICOLA SANTA ISABEL LTDA.;;;PJ;RODODENDRO;CAMELIA;GUINDO SANTO;C;NONTUELA;18;710970;5563116;RANCO;FUTRONO;R;PAILLACO;;63-481264;CASILLA 427, FUTRONO;mquinez@agricolasi.cl;
LOS RÍOS;;;O; ;14-28;06-03-1996;ISLA ILLEIFA;COMERCIAL CANELO S.A.;;;PJ;AZALEA;ULMO;;C;ISLA ILLEIFA S/N;18;726563;5550540;RANCO;FUTRONO;R;PAILLACO;;63-2481211;CASILLA 36, FUTRONO;jaimemoralesisla@gmail.com;
LOS RÍOS;Ft;Fo;; ;14-29;01-07-1997;PARQUE ROPULLI;AGRICOLA GANADERA Y FORESTAL LOS ULMOS SA;;;PJ;AZALEA;CAMELIA;MAÑIO;C;PICHIRROPULLI;18;681884;5556333;VALDIVIA;PAILLACO;R;PAILLACO;;;CASILLA 30, OSORNO;;
LOS RÍOS;;;O; ;14-30;11-03-2002;LAS RAÍCES;MARCO ENRIQUE;POZO;ALMONACID;M;HORTENSIA;VERONICA;DALIA;C;BALMACEDA S/N, FUTRONO;18;721958;5554846;VALDIVIA;FUTRONO;U;PAILLACO;;63-482715;BALMACEDA S/N, FUTRONO;vivero.las.raices@live.cl;
LOS RÍOS;;;O; ;14-31;09-01-1989;JARDÍN EVA;EVA;KAIRATH;WENDLER;F;AZALEA;HORTENSIA;CIPRES;C;LAS ANIMAS, PEDRO AGUIRRE CERDA Nº 412;18;651893;5591187;VALDIVIA;VALDIVIA;U;VALDIVIA;;63-482715;;;
LOS RÍOS;;Fo;O; ;14-32;02-10-2000;ALIHUEN;JUAN CARLOS;GALLARDO;MONSALVEZ;M;ARAUCARIA;ALERCE;CIPRES;C;HIJUELA N° 2, LAS QUEMAS;18;718256;5556410;RANCO;FUTRONO;R;PAILLACO;;;CORREO FUTRONO;jgallardo_viveronativo@hotmail.com;
LOS RÍOS;;Fo;O; ;14-33;03-08-2001;VIVERO EL LLOLLY;MARCELO;FUENTEALBA;MANRIQUEZ;M;CIPRES;AZALEA;CAMELIA;C;EL LLOLLY;18;703472;5562243;VALDIVIA;PAILLACO;R;PAILLACO;;;CASILLA 45, PAILLACO;fuentealba1978@hotmail.com;
LOS RÍOS;Ft;Fo;O; ;14-35;14-01-2004;SANTA CRISTINA;CRISTINA DEL CARMEN;RUIZ;ACUÑA;F;RAULÍ;CAMELIA;HORTENSIA;C;PEDRO DE VALDIVIA N° 891, FUTRONO;18;723263;5553954;RANCO;FUTRONO;R;PAILLACO;;;PEDRO DE VALDIVIA 891;;
LOS RÍOS;;Fo;O; ;14-36;19-07-2004;CENTRO CAMPESTRE DEL LAGO RANCO;CAJA DE COMPENSACIÓN LOS ANDES;;;PJ;BOLDO;ERICA;MAGNOLIO;C;CARLOS ACHARÁN ARCE 2000;18;722367;5554327;RANCO;FUTRONO;U;PAILLACO;;63-2482164;CARLOS ACHARÁN ARCE 2000;centrofutrono@cajalosandes.cl;
LOS RÍOS;;Fo;; ;14-37;06-02-1991;LA CABAÑA;FORESTAL ANCHILE LTDA.;;;PJ;EUCALIPTO;;;A/C;SAN JAVIER;18;666829;5535817;RANCO;LA UNIÓN;R;RÍO BUENO;;064-2322403;;lsepulveda@f.anchile.cl;
LOS RÍOS;Ft;Fo;O; ;14-38;15-10-1992;VIVERO CHONCOMILLA;ILUSTRE MUNICIPALIDAD DE RÍO BUENO;;;PJ;RAULÍ;PINO OREGON;ROBLE;C;AVDA. LOS LAURELES 1400;18;674649;5532275;RANCO;RÍO BUENO;U;RÍO BUENO;;064-2342222;AVDA. LOS LAURELES 1400;jsolisvivero@hotmail.com;
LOS RÍOS;Ft;Fo;O; ;14-39;09-12-1993;LAS PETUNIAS;MARÍA ORFELINA;GÓMEZ;FUENTES;F;NOGAL;FORESTAL;FLORES;C;PASAJE LAS PETUNIAS S/N, SECTOR CASAS AZULES;18;664091;5539656;RANCO;LA UNIÓN;U;RÍO BUENO;;064-2426079;;marygofu@hotmail.com;
LOS RÍOS;Ft;Fo;O; ;14-40;;CRIADERO PILMAIQUÉN;ANA ANGÉLICA;SOLIS;VERA;F;FORESTAL;ORNAMENTAL;;C;FUNDO PILMAIQUÉN PONIENTE S/N;18;669323;5527715;RANCO;RÍO BUENO;R;RÍO BUENO;;;;info@viveropilmaiquen.cl;
LOS RÍOS;;Fo;O; ;14-41;14-01-1997;CALINGASTA;SOC. INVERSIONES CALINGASTA LTDA.;;;PJ;PINO;ORNAMENTAL;;C;PREDIO QUILLÍN;18;707673;5537396;RANCO;LAGO RANCO;R;RÍO BUENO;;;;jlvhvejar@gmail.com;
LOS RÍOS;;;O; ;14-43;05-11-1990;EL ARAUCANO;SOC. DE VIVEROS ORNAMENTAL LTDA.;;;PJ;RODODENDRO;AZALEA;CAMELIA;C;CAYUMAPU;18;660173;5599852;VALDIVIA;VALDIVIA;R;VALDIVIA;;063-224383;;;
LOS RÍOS;;;O; ;14-47;17-06-2003;VIVERO CHANCO;CARLA ERICA;SOMMER;STOLZENBACH;F;ORNAMENTALES;;;C;PREDIO CHANCO;18;674356;5530983;RANCO;RÍO BUENO;R;RÍO BUENO;;064-341330;;;
LOS RÍOS;Ft;Fo;O; ;14-48;05-05-2004;LAS ARAUCARIAS;SOC. LAS ARAUCARIAS LTDA.;;;PJ;CEREZO;MANZANO;AVELLANO;C;RUTA T-85 KM 3, SECTOR PIRUCO;18;676542;5532651;RANCO;RÍO BUENO;R;RÍO BUENO;;;;info@viverolasaraucarias.cl;
LOS RÍOS;Ft;; ; ;14-49;25-09-2006;VIVERO HACIENDA RAPACO;JUAN CARLOS;IRIBARNE;OÑATE;M;ARÁNDANO;;;A;FUNDO SAN ISIDRO, RAPACO;18;669774;5541769;RANCO;LA UNIÓN;R;RÍO BUENO;;064-210711;;j.ciribarne@hacienda rapaco.cl;
LOS RÍOS;;Fo;; ;14-53;30-03-2006;VIVERO CAMARONES;SOC AGRICOLA Y FORESTAL CARRASCO PINUER LIMITADA;;;PJ;EUCALIPTO;AROMO;PINO;C;PREDIO CASA AZUL, SITIOS D1 Y 2;18;663921;5539750;RANCO;LA UNIÓN;U;RÍO BUENO;;;;camarones@surnet.cl;
LOS RÍOS;Ft;;; ;14-54;04-05-2006;VIVERO MARTY;CLAUDIA;MARTY;OPAZO;F;ARÁNDANO;;;C;CHOROICO;18;677107;5549168;RANCO;LA UNIÓN;R;RÍO BUENO;;;;claudiamartyo@gmail.com;
LOS RÍOS;;Fo; ; ;14-56;03-01-2007;SAN FELIPE;JAIME BÜCHNER OYARZO PLANTACIONES Y GENETICA E.I.R.L.;;;PJ;;;;C;RINCONADA L 2;18;673065;5607256;VALDIVIA;MÁFIL;R;VALDIVIA;;;;viveroplangen@gmail.com;
LOS RÍOS;;;O; ;14-57;01-06-2007;VALDIVIA;KURT HERBERT;RENFTEL;SPECHT;M;CAMELIA;HORTENSIA;RODODENDRO;C;HIJUELA CERRILLOS / PAILLAO;18;653009;5586650;VALDIVIA;VALDIVIA;R;VALDIVIA;2,50;063-272234;;;
LOS RÍOS;Ft;Fo;O; ;14-58;23-07-2007;ARRAYANES DE REBELLIN;SOC COM ARRAYANES DEL REBELLIN LTDA;;;PJ;;;;C;PARCELA 4, EL REBELLIN;18;655234;5600308;VALDIVIA;VALDIVIA;R;VALDIVIA;;;;;
LOS RÍOS;Ft;; ; ;14-59;08-10-2007;CHAIGNAL;SOC AGRICOLA RIO CHEPU LTDA;;;PJ;ARÁNDANO;;;A;FUNDO CHAIGNAL, MALALHUE;18;715367;5618040;VALDIVIA;LANCO;R;PANGUIPULLI;0,30;;FUNDO CHAIGNAL;m.alejandra@hotmail.com;
LOS RÍOS;;Fo; ; ;14-60;02-01-2007;FORESTAL NELTUME CARRANCO;FORESTAL NELTUME CARRANCO S.A.;;;PJ;RAULÍ;COIHUE;;C;FUNDO NELTUME;19;246182;5586346;VALDIVIA;PANGUIPULLI;R;PANGUIPULLI;0,21;63-1970196;CASILLA 147, PANGUIPULLI;ventasneltume@gmail.com;
LOS RÍOS;Ft;; ; ;14-61;17-12-2007;EL ROSARIO;JOSE;MARAMBIO;AVARIA;M;ARÁNDANO;;;A;FUNDO EL ROSARIO;18;689699;5630701;VALDIVIA;LANCO;R;PANGUIPULLI;0,15;;CASILLA 491, VALDIVIA;josemarambio40@gmail.com;
LOS RÍOS;Ft;; ; ;14-62;17-12-2007;CALAFQUEN;RICARDO ROLANDO;KUNSTMANN;HOTT;M;ARÁNDANO;;;A;FUNDO CALAFQUEN;18;736692;5615433;VALDIVIA;PANGUIPULLI;R;PANGUIPULLI;0,40;;CASILLA 506, PANGUIPULLI;huertorkh@gmail.com;
LOS RÍOS;Ft;Fo;O;;14-01;05-10-2000;BOPAR;BOPAR S.A.;;;PJ;PINO OREGON;;;C;CAYUMAPU;18;661724;5601406;VALDIVIA;VALDIVIA;R;VALDIVIA;;;;yzencovich@bopar.cl;
LOS RÍOS;Ft;;;;14-02;09-09-2008;VIVERO CHOROICO;MAURICIO ROBERTO;DELGADO;ADAMAS;M;ARÁNDANO;FRAMBUESO;;C;PC. 24 CHOROICO;18;678482;5545585;RANCO;LA UNIÓN;R;RÍO BUENO;;063-272327;;viverochoroico@gmail.com;
LOS RÍOS;Ft;;;;14-06;07-05-2009;VIVERO MARINA;MARINA ISABEL;PEÑA;DELGADO;F;ARÁNDANO;GROSELLERO;;C;CHOROICO;18;677250;5547421;RANCO;LA UNIÓN;R;RÍO BUENO;;063-525377;;apimarina@hotmail.com;
LOS RÍOS;;Fo;O; ;14-23;20-12-1988;LAS FANEGAS;CÉSAR BENJAMÍN;OLIVARES;PEMJEAN;M;RAULÍ;AZALEA;;C;SANTA ELVIRA KM 5, EL ARENAL;18;654108;5596081;VALDIVIA;VALDIVIA;R;VALDIVIA;;63-290520;CASILLA 952, VALDIVIA;;
LOS RÍOS;Ft;Fo;O; ;14-25;20-07-1993;IER;INSTITUTO DE EDUCACION RURAL;;;PJ;PINO OREGON;CANELO;EUCALIPTO;C;VICUÑA MACKENA 391, LOS LAGOS;18;687639;5578130;VALDIVIA;LOS LAGOS;R;PAILLACO;;63-1971725;VICUÑA MACKENA 391, LOS LAGOS;liceo.lipingue@ier.cl;
LOS RÍOS;Ft;Fo;O;;14-66;09-07-2010;LOS GUINDOS;BOSQUES Y JARDINES DEL SUR LIMITADA;;;PJ;;;;C;PARCELA LOS GUINDOS;18;662612;5569491;VALDIVIA;VALDIVIA;R;VALDIVIA;;;;;
LOS RÍOS;Ft;Fo;O;;14-68;23-02-2011;VIVERO DIOLON;ALEX GERMAN;DELGADO;AEDO;M;CAMELIA;ROSAL;COIHUE;C;HIJUELA N° 2, DIOLON;18;724192;5555576;RANCO;FUTRONO;R;PAILLACO;;;HIJUELA N° 2, DIOLON;viverodiolon@hotmail.com;
LOS RÍOS;;;O;;14-69;07-04-2011;TRAUMEN;CLARA;OJEDA;PICHICONA;F;AZALEA;CAMELIA;BOLDO;C;MANUEL RODRIGUEZ N° 20, FUTRONO;18;722283;5554658;RANCO;FUTRONO;U;PAILLACO;;;MANUEL RODRIGUEZ N° 20, FUTRONO; ;
LOS RÍOS;;;O;;14-70;07-04-2011;EL ARRAYAN;MIGUEL ANGEL;SEPULVEDA;AVENDAÑO;M;NOTRO;HORTENSIA;AZALEA;C;EDUARDO ZARATE N°37, LOS LAGOS;18;687399;5585363;VALDIVIA;LOS LAGOS;U;PAILLACO;;;EDUARDO ZARATE N°37, LOS LAGOS;miguel.1961@yahoo.com;
LOS RÍOS;;Fo;O;;14-71;10-11-2011;VIVERO SANTA SARA;HARAS SANTA SARA AGRICOLA LIMITADA;;;PJ;ORNAMENTALES;FORESTAL;;C;RUTA T-85 KM 20, SECTOR PINDACO;18;690188;5537438;RANCO;RÍO BUENO;R;RÍO BUENO;;64-2264878;CASILLA 105, RIO BUENO;aboettcher@lacteosdelsur.cl;
LOS RÍOS;;Fo;O;;14-72;08-05-2012;VIVERO LA LAURELA;SOCIEDAD DE INVERSIONES INMOBILIARIA LA LAURELA LIMITADA;;;PJ;RAULÍ;COIHUE;MAÑIO;C;FUNDO CHIHUIO;19;252640;5540137;RANCO;FUTRONO;R;PAILLACO;;;CHIHUIO S/N;oportochihuio@gmail.com;
LOS RÍOS;Ft;;;;14-73;26-10-2012;AGRICOLA ÑANCUL S.A.;AGRICOLA ÑANCUL S.A.;;;PJ;ARÁNDANO;;;A/C;RUTA T 70, KM 5, LA FLOR;18;667881;5535190;RANCO;LA UNIÓN;R;RÍO BUENO;0,50;;CASILLA 163, LA UNIÓN;agrinancul@gmail.com;
LOS RÍOS;Ft;;;;14-74;14-12-2012;NUTRATERRA;JAIME CORTES ALIMENTOS VEGETARIANOS EIRL;;;PJ;FRAMBUESO;;;C;PARCELA 11 CAYUMAPU;18;659101;5600019;VALDIVIA;VALDIVIA;R;VALDIVIA;0,25;;PARCELA 11 CAYUMAPU;;
LOS RÍOS;;Fo;O;;14-75;30-01-2013;VIVERO SAN AGUSTIN;JOSE ALEJANDRO;MORALES;SALAZAR;M;HORTENSIA;CRISANTEMO;LILIUM;C;HIJUELA 2 LOS CHILCOS;18;694666;5542002;RANCO;LA UNIÓN;R;RÍO BUENO;0,13;;HIJUELA 2 LOS CHILCOS;josealejandromorales@hotmail.com;
LOS RÍOS;;;O;;14-76;22-02-2013;CHILE BOLLEN;AGRICOLA CHILE BOLLEN S.A.;;;PJ;LILIUM;;;A;PARCELA 4, CONTRA CORONEL;18;671446;5531772;RANCO;RÍO BUENO;R;RÍO BUENO;10,00;064-210830;CASILLA 20, RÍO BUENO;info@chilebollen.cl;064-210830
LOS RÍOS;;;O;;14-77;17-04-2013;JARDIN MAGALYS;MAGALYS ENRIQUETA;HENRIQUEZ;CARRILLO;F;LILIUM;PEONIAS;;C;HIJUELA N° 1 LA AGUADA;18;678638;5550917;RANCO;LA UNIÓN;R;RÍO BUENO;0,04;;CASILLA 136, PAILLACO;jardinmagalys@gmail.com;
LOS RÍOS;Ft;Fo;;;14-79;25-07-2013;VIVERO ENTRE RIOS;MIRIAM DEL PILAR;SAAVEDRA;MONTTI;F;FRUTAL;NATIVAS;;C;CHIGÜAO OESTE S/N, SECTOR PUFUDI;18;665690;5606501;VALDIVIA;MÁFIL;R;VALDIVIA;0,50;63-2528221;LOS RAULIEAS 450, DPTO 42, EDIFICIO EL AVELLANO, ISLA TEJA, VALDIVIA;misaatti@?yahoo.com;
LOS RÍOS;;Fo;;;14-80;04-09-2013;BOSQUE DE PAIMUN;SOCIEDAD FORESTAL BOSQUES DE PAIMUN LIMITADA;;;PJ;ROBLE;RAULI;PINO OREGON;C;SECTOR ARENAL KM 2, SALIDA NORTE VALDIVIA;18;653457;5595433;VALDIVIA;VALDIVIA;R;VALDIVIA;2,00;63-2200497;ISMAEL VALDES N° 500, 2° PISO, VALDIVIA;bosquesdepaimun@gmail.com;63-2200497
LOS RÍOS;Ft;Fo;O;;14-81;09-10-2013;LICEO TECNICO PROFESIONAL IGNAO;LICEO TECNICO PROFESIONAL IGNAO;;;PJ;ULMO;COIHUE;FRAMBUESO;A/C;CAMINO PRINCIPAL S/N IGNAO LAGO RANCO;18;707909;5532465;RANCO;LAGO RANCO;R;RÍO BUENO;0,10;63-2494163;SECTOR IGNAO;produccion@ltpignao.cl;
LOS RÍOS;Ft;;;;14-82;21-10-2013;VIVERO SAN SEBASTIAN;GERARDO ANTONIO;ORELLANA;RIVAS;M;FRAMBUESO;MORA HIBRIDA;GROSELLA;A/C;FUNDO MILILELFU;18;677481;5549795;RANCO;LA UNIÓN;R;RÍO BUENO;1,70;;;gorellanarives@gmail.com;
LOS RÍOS;Ft;;;;14-83;11-11-2013;FRUTOS LA AGUADA S.A.;FRUTOS LA AGUADA S.A.;;;PJ;ARÁNDANO;;;A/C;FUNDO LA AGUADA;18;695688;5533082;RANCO;RÍO BUENO;R;RÍO BUENO;2,00;64-2236625;CASILLA 1415, OSORNO;jcpa@frutoslaaguada.cl;
LOS RÍOS;;;O;;14-84;11-11-2013;VIVERO FUTRONO;MARIA BERNARDITA;ROSALES;PASCHUAN;F;ORNAMENTALES;;;C;SECTOR DIOLON, FUTRONO;18;724304;5555764;RANCO;FUTRONO;R;PAILLACO;0,20;64-2481685;CASILLA 29, FUTRONO;mbrosalesp@gmail.com;
LOS RÍOS;;;O;;14-85;28-01-2014;VIVERO DE PLANTAS MEDICINALES Y ORNAMENTALES;MARIA ISOLDE;RUDOLPH;GEISSE;F;ORNAMENTALES;;;A/C;PARQUE ILIHUE, KM 53 CAMINO A RIÑINAHUE;18;719703;5532640;RANCO;LAGO RANCO;R;RÍO BUENO;0,008;;CASILLA 146, RIO LAG RANCO;terapias@secretosdelsur.cl;
LOS RÍOS;;Fo;O;;14-86;10-04-2014;VIVERO LA QUILA;FORESTAL TORNAGALEONES S.A.;;;PJ;PINUS RADIATA;EUCALYPTUS GLOBULUS;ROBLE;A;LA QUILA;18;668548;5608156;VALDIVIA;VALDIVIA;R;VALDIVIA;15,81;041-2207301;SECTOR CAYUMAPU S/N;claudio.caro@masisa.com;
LOS RÍOS;;Fo;O;;14-87;29-08-2014;VIVERO HUILLILEMU;CORPORACION NACIONAL FORESTAL;;;PJ;;;;A/C;CAMINO SAN LUIS DE ALBA KM 8, HUILLILEMU;18;665801;5620519;VALDIVIA;MARIQUINA;R;VALDIVIA;1,00;632245201;LOS CASTAÑOS 100, VALDIVIA;;
LOS RÍOS;Ft;Fo;O;;14-88;13-10-2014;VIVERO MYRTA;MYRTA ESTELA;PETERS;ASENJO;F;FLORES;PINO;MANZANO;C;ARTURO PRAT 950, LA UNIÓN;18;663052;5538071;RANCO;LA UNIÓN;U;RÍO BUENO;0,04;;ARTURO PRAT 950, LA UNIÓN;;
LOS RÍOS;;Fo;O;;14-89;14-10-2014;MOGUEN LEMU;ILUSTRE MUNICIPALIDAD DE FUTRONO;;;PJ;ROBLE;COIHUE;AVELLANO;A;HIJUELA 241 SECTOR MAIHUE;19;247261;5542348;RANCO;FUTRONO;R;PAILLACO;1,00;63 2482668;BALMACEDA ESQUINA ALESSANDRINI, FUTRONO;fyanez@munifutrono.cl;
LOS RÍOS;;Fo;O;;14-90;17-11-2014;VIVERO LA COLONIA LIPINGÜE;JUVENAL;CUEVAS;SÁEZ;M;CAMELIA;AZALEA;PINO AZUL;A/C;HUERTO SUR NUMERO 20 COLONIA LIPINGÜE;18;688111;5577270;VALDIVIA;LOS LAGOS;R;PAILLACO;0,23;;CORREO LOS LAGOS;juvanelcuevas.s@gmail.com;
LOS RÍOS;;;O;;14-91;10-12-2014;VIVERO MUNICIPAL;ILUSTRE MUNICIPALIDAD DE RÍO BUENO;;;PJ;HORTENSIA;AZALEA;VERONICA;A;AVENIDA LOS LAURELES;18;674564;5532297;RANCO;RÍO BUENO;U;RÍO BUENO;0,18;64 2340415;COMERCIO 603, RIO BUENO;;64 2340473
METROPOLITANA;Ft;;O;;13-002;31-10-2007;AGRICOLA BOSBES;AGRICOLA BOSBES LTDA.;AGRICOLA BOSBES LTDA.;AGRICOLA BOSBES LTDA.;PJ;ARÁNDANO;;;C;PARCELA 3  COLONIA KENNEDY;19;337991;6253373;MAIPO;PAINE;R;MAIPO;0,250;2229579;PARCELA 8, COLONIA KENNEDY, PAINE;csmpaine@hotmail.com;2229579
METROPOLITANA;;;O;;13-012;25-07-1995;VILLASECA;PEDRO ENRIQUE ;SILVA;AHUMADA;M;ROSAL;PINO;PRUNUS;C;VILLASECA 480 (casa) ;19;338111;6264835;MAIPO;BUIN;U;MAIPO;0,500;8214410;VILLASECA 480, BUIN;psilva1968@hotmail.com;
METROPOLITANA;;;O;;13-012;17-04-2014;VILLASECA;PEDRO ENRIQUE ;SILVA;AHUMADA;M;CRESPON;QUILLAY;CELTIS;C;MANSEL ALTO LOTE 5 8 5 9 Y 5 10 CHAMPA;19;335995;6251615;MAIPO;PAINE;R;MAIPO;1,500;8214410;VILLASECA 480, BUIN;psilva1968@hotmail.com;
METROPOLITANA;;;O;;13-012;17-04-2014;VILLASECA;PEDRO ENRIQUE ;SILVA;AHUMADA;M;ROSAL;PINO;;C;SITIO 5 MANSEL ALTO CHAMPA;19;336065;6251501;MAIPO;PAINE;R;MAIPO;1,000;8214410;VILLASECA 480, BUIN;psilva1968@hotmail.com;
METROPOLITANA;;;O;;13-014;20-06-2006;GRACIELA;MARIA ELENA ;ACEVEDO;MARQUEZ;F;GAZANIA;HIEDRA;CUBRESUELO. VERONICA;C;SITIO 6 EL NARANJAL  LO HERRERA;19;338771;6274313;MAIPO;SAN BERNARDO;R;MAIPO;0,130;9-9505537;CASILLA 168, LO HERRERA, SAN BERNARDO;;
METROPOLITANA;Ft;;O;;13-019;07-07-2006;LOS PRUNOS;RAUL ;ALGUERO;AREVALO;M;NOGAL;PRUNUS;PERAL;C;EX. FDO  LAS ACACIAS HIJUELAS 2 VILUCO;19;334474;6261857;MAIPO;BUIN;R;MAIPO;4,000;8-8858126;CONDOMINIO DOÑA JAVIERA, CASA 4, VILLASECA, BUIN;;
METROPOLITANA;Ft;;;;13-87;01-08-2003;VIVERO ANGOSTURA LTDA.;VIVERO ANGOSTURA LTDA.;VIVERO ANGOSTURA LTDA.;VIVERO ANGOSTURA LTDA.;PJ;NOGAL;;;C;AV. CALERA DE TANGO PARADERO 10 PARCELA SANTA GABRIELA S/N SAN AGUSTIN;19;335856;6278738;MAIPO;CALERA DE TANGO;R;MAIPO;6,000;28243702;;utenorio@angostura.cl;
METROPOLITANA;Ft;;;;13-87;03-05-1996;VIVERO ANGOSTURA LTDA.;VIVERO ANGOSTURA LTDA.;VIVERO ANGOSTURA LTDA.;VIVERO ANGOSTURA LTDA.;PJ;NOGAL;;;C;PARCELA 164 CALLE 6 ORIENTE;19;338624;6259177;MAIPO;PAINE;U;MAIPO;2,000;8241899 / 8-2551692;PARCELA 164, CALLE 6 ORIENTE;pastudillo@angostura.cl;
METROPOLITANA;Ft;;;;13-87;12-05-2014;VIVERO ANGOSTURA LTDA.;VIVERO ANGOSTURA LTDA.;VIVERO ANGOSTURA LTDA.;VIVERO ANGOSTURA LTDA.;PJ;NOGAL;;;C;PARCELA CERVERA;19;336320;6261927;MAIPO;BUIN;R;MAIPO;3,500;8241899 / 8-2551692;PARCELA 164, CALLE 6 ORIENTE;pastudillo@angostura.cl;
METROPOLITANA;;;O;;13-101;08-08-1996;EL TUCAN;GUILLERMO;MOLINA;CAMPOS;M;LIQUIDAMBAR;LIGUSTRINA;CRATEGUS;C;PARCELA 14 CAMINO LONQUEN NORTE PARADERO 7.5;19;334586;6281432;MAIPO;CALERA DE TANGO;R;MAIPO;0,300;77389381;;gmc230265@gmail.com;
METROPOLITANA;;;O;;13-110;18-07-1991;AMANECER;GUSTAVO;PACHECO;BRAVO;M;RUDA;MELISSA;LLANTEN;C;PARADERO 7 AV CALERA DE TANGO S/N;19;334141;6278135;MAIPO;CALERA DE TANGO;R;MAIPO;0,500;28552180;;viveroamanecer2010@hotmail.com;
METROPOLITANA;Ft;;O ;V;13-133;17-08-2010;HERMANOS VILLA;MARIA GRACIA ;VILLA;SILVA;F;NOGAL;VID;;C;PARCELA 20  SAN JORGE  SECTOR SUR ORIENTE LINDEROS;19;342173;6260855;MAIPO;BUIN;R;MAIPO;1,500;8210415;JAVIERA CARRERA 1198, BUIN;maria.grazia.villa@hotmail.com;
METROPOLITANA;Ft;;;;13-134;10-08-2006;DE ASIS;FRANCISCO SOLANO;TRONCOSO;PARRA;M;NOGAL;;;C;SITIO  31  CAMINO PADRE HURTADO;19;346178;6261281;MAIPO;PAINE;R;MAIPO;0,250;8252370;PASAJE CHILE 268, VILLA AMERICA, BUIN;troncosoparra@gmail.com;
METROPOLITANA;Ft;;;;13-134;07-08-2013;DE ASIS;FRANCISCO SOLANO;TRONCOSO;PARRA;M;NOGAL;;;C;SITIO 57 LOTE 8 CAMINO PADRE HURTADO;19;346679;6259556;MAIPO;PAINE;R;MAIPO;0,250;8252370;PASAJE CHILE 268, VILLA AMERICA, BUIN;troncosoparra@gmail.com;
METROPOLITANA;;;O;;13-135;09-08-2006;DON LOLO;RODOLFO ;SOTO;RIVERA;M;NANDINA;DRACENA;PALMERA;C;PARCELA 5 ABRANTES;19;330388;6251381;MAIPO;PAINE;R;MAIPO;5,000;2786244;ANTUPIREN, PARCELA 9, PEÑALOLEN;contacto@viverodonlolo.cl;
METROPOLITANA;;Fo;O;;13-137;14-07-2006;SAN DAVID;PABLO ;MUÑOZ;ROMERO;M;PLUMBAGO;INULA;GINKO BILOBA;C;PARCELA Nº 8  LO INFANTE;19;340679;6274956;MAIPO;SAN BERNARDO;U;MAIPO;0,100;9-4055301;PARCELA Nº 8, LO INFANTE;viverosandavid@gmail.com;
METROPOLITANA;Ft;;;;13-138;01-05-1994;UNIVIVEROS;SOC. AGRIC. UNI AGRO COPIAPO LTDA.;SOC. AGR. UNI AGRO COPIAPO LTDA.;SOC. AGR. UNI AGRO COPIAPO LTDA.;PJ;MANZANO;NARANJO;CIRUELO;C;FDO. DON MIGUEL 18 SEPTIEMBRE 6578;19;345433;6257177;MAIPO;PAINE;U;MAIPO;5,200;8241340;AV. 18 SEPTIEMBRE 6578, PAINE;jsosa@univiveros.cl;8241422
METROPOLITANA;Ft;;;;13-138;01-10-1995;UNIVIVEROS;SOC. AGRIC. UNI AGRO COPIAPO LTDA.;SOC. AGR. UNI AGRO COPIAPO LTDA.;SOC. AGR. UNI AGRO COPIAPO LTDA.;PJ;MANZANO;NARANJO;CIRUELO;C;FUNDO ONGOLMO;19;340565;6264811;MAIPO;BUIN;U;MAIPO;1,100;8241340;AV. 18 SEPTIEMBRE 6578, PAINE;rchalhub@univiveros.cl;8241422
METROPOLITANA;;Fo;O;;13-142;22-04-1986;ANTUMAPU;U. DE CHILE;U. DE CHILE;U. DE CHILE;PJ;QUILLAY;PEUMO ;ARRAYAN;C;STA  ROSA Nº 11315 ;19;348550;6284482;SANTIAGO;LA PINTANA;U;MAIPO;1,000;9785764;CASILLA 9206, SANTIAGO;vivantu@uchile.cl;
METROPOLITANA;;Fo;;;13-146;11-02-1994;PARQUE LOS GUINDOS;CONAF;CONAF;CONAF;PJ;PEUMO;QUILLAY;;C;LOS GUINDOS   PANAM. SUR FDO  LOS TILOS;19;340319;6267993;MAIPO;BUIN;R;MAIPO;2,000;8214837;AV. GENERAL BULNES 285, DEPTO 301, SANTIAGO;fernando.gonzalez@conaf.cl;
METROPOLITANA;;Fo;;;13-147;05-02-2002;RESE.NAC.RIO CLARILLO;CONAF;CONAF;CONAF;PJ;PINO;PATAGUA;QUILLAY;C;FDO  EL PRINCIPAL RIO CLARILLO;19;361769;6267671;CORDILLERA;PIRQUE;R;MAIPO;1,500;2052372 / 2734455;VALENZUELA CASTILLO 1868, PROVIDENCIA;clarillo@gmail.com;
METROPOLITANA;;Fo;;;13-150;16-06-1989;VIVERO FORESTAL;SILVIA ;DIAZ;SALINAS;F;BOLDO;QUILLAY;PELARGONIO;C;EL PARRON Nº 0175  CASAS VIEJAS ;19;358412;6280088;CORDILLERA;PUENTE ALTO;U;MAIPO;0,030;8424105;EL PARRON Nº 0175 ,CASAS VIEJAS ;;
METROPOLITANA;Ft;;;;13-152;23-04-1986;ANTUMAPU;FAC. CS. AGRONOMICAS U.DE CHILE;FAC. CS. AGRONOMICAS U.DE CHILE;FAC. CS. AGRONOMICAS U.DE CHILE;PJ;STAND BYE;;;C;STA  ROSA Nº 11315;19;348525;6284451;SANTIAGO;LA PINTANA;U;MAIPO;0,000;9785818;SANTA ROSA 11315, LA PINTANA;rperalta@uchile.cl;
METROPOLITANA;;;O;;13-153;13-08-1985;AUSTRAL Y AGRICOLA;SALVADOR ;BUSTOS;SILVA;M;CIRUELO;DURAZNERO;VERONICA;C;PANAM  SUR KM. 25  PARC  7 A1;19;340952;6274748;MAIPO;SAN BERNARDO;U;MAIPO;1,000;8574630;;NO TIENE;
METROPOLITANA;Ft;;;;13-154;16-04-2012;EL PATAGUAL;RAFAEL ;PRADO;CASTRO;M;NOGAL;GRANADO;;C;PARCELA 4 SAN LUIS;19;343974;6264991;MAIPO;BUIN;R;MAIPO;0,750;8212408 / 8-2194748;TENIENTE MERINO 3780, BUIN;rpradocastro@yahoo.com.mx;
METROPOLITANA;Ft;;;V;13-156;02-10-2012;CALIFORNIA;JOSE ;GUTIERREZ;BERRIOS;M;DURAZNERO;;;C;PARCELA 65 LOTE A EL RECURSO;19;342085;6272767;MAIPO;BUIN;U;MAIPO;1,250;821 1140;CASILLA 186 CORREO BUIN;viveroscalifornia@hotmail.com, karina.vcalifornia@hotmail.com;
METROPOLITANA;Ft;;;V;13-156;02-10-2012;CALIFORNIA;JOSE ;GUTIERREZ;BERRIOS;M;;;;C;KM. 34 RUTA 5 SUR PARADERO 2 GUINDOS;19;339878;6267184;MAIPO;BUIN;U;MAIPO;;821 1140;CASILLA 186 CORREO BUIN;viveroscalifornia@hotmail.com, karina.vcalifornia@hotmail.com;
METROPOLITANA;Ft;;;V;13-157;24-10-1990;CALIFORNIA DOS;GUTIERREZ CORNEJO HNOS. Y CIA LTDA.;GUTIERREZ CORNEJO HNOS. Y CIA LTDA.;GUTIERREZ CORNEJO HNOS. Y CIA LTDA.;PJ;DURAZNERO;CEREZO;NOGAL;C;PARCELA 67,68,70,81. EL RECURSO;19;342222;6272168;MAIPO;BUIN;R;MAIPO;6,000;821 1140;CASILLA 186 CORREO BUIN;viveroscalifornia@hotmail.com, karina.vcalifornia@hotmail.com;
METROPOLITANA;Ft;;;V;13-157;13-08-1992;CALIFORNIA DOS;GUTIERREZ CORNEJO HNOS. Y CIA LTDA.;GUTIERREZ CORNEJO HNOS. Y CIA LTDA.;GUTIERREZ CORNEJO HNOS. Y CIA LTDA.;PJ;FUTURO PPM;;;C;SERRANO 405  MAIPO  (SOLO PPM, CASA);19;335028;6265712;MAIPO;BUIN;U;MAIPO;0,500;821 1140;CASILLA 186 CORREO BUIN;viveroscalifornia@hotmail.com, karina.vcalifornia@hotmail.com;
METROPOLITANA;Ft;;;V;13-157;13-08-1992;CALIFORNIA DOS;GUTIERREZ CORNEJO HNOS. Y CIA LTDA.;GUTIERREZ CORNEJO HNOS. Y CIA LTDA.;GUTIERREZ CORNEJO HNOS. Y CIA LTDA.;PJ;FUTURO PPM;;;C;PARCELA 65 LOTE A EL RECURSO;19;342085;6272767;MAIPO;BUIN;U;MAIPO;1,250;821 1140;CASILLA 186 CORREO BUIN;viveroscalifornia@hotmail.com, karina.vcalifornia@hotmail.com;
METROPOLITANA;Ft;;;V;13-157;13-08-1992;CALIFORNIA DOS;GUTIERREZ CORNEJO HNOS. Y CIA LTDA.;GUTIERREZ CORNEJO HNOS. Y CIA LTDA.;GUTIERREZ CORNEJO HNOS. Y CIA LTDA.;PJ;;;;C;KM. 34 RUTA 5 SUR PARADERO 2 GUINDOS;19;339878;6267184;MAIPO;BUIN;U;MAIPO;;821 1140;CASILLA 186 CORREO BUIN;viveroscalifornia@hotmail.com, karina.vcalifornia@hotmail.com;
METROPOLITANA;Ft;;;V;13-157;20-03-2014;CALIFORNIA DOS;GUTIERREZ CORNEJO HNOS. Y CIA LTDA.;GUTIERREZ CORNEJO HNOS. Y CIA LTDA.;GUTIERREZ CORNEJO HNOS. Y CIA LTDA.;PJ;NOGAL;DURAZNERO;CIRUELO;C;PARCELA 47 EL RECURSO;19;340672;6270660;MAIPO;BUIN;U;MAIPO;;821 1140;CASILLA 186 CORREO BUIN;viveroscalifornia@hotmail.com, karina.vcalifornia@hotmail.com;
METROPOLITANA;Ft;;;;13-158;01-08-1997;CERVERA;JOSE LUIS ;VALDES;COVARRUBIAS;M;STAND BYE;;;A;FUNDO SAN LUIS CERVERA;19;336556;6262779;MAIPO;BUIN;R;MAIPO;0,000;8212213;CASILLA 120, BUIN;jlvaldesc@gmail.com;
METROPOLITANA;Ft;;O;;13-159;07-02-2003;CITRUS WORLD;MARIANO ;TORRES;GALAZ;M;LIMONERO;NARANJO;;C;GALVARINO 130  VALDIVIA DE PAINE;19;328174;6257808;MAIPO;BUIN;R;MAIPO;0,012;9-5168401;GALVARINO 130, VALDIVIA DE PAINE;NO TIENE;
METROPOLITANA;Ft;;;;13-161;01-09-1993;COMPOSTELA ;JOSE EFRAIN ;BARAHONA;MORALES;M;;;;C;PARCELA 12 - 7 PONIENTE (OFICINA);19;339368;6268166;MAIPO;BUIN;R;MAIPO;0,000;8249340;PASAJE LA NUEZ 10716, LA FLORIDA;viveros_compostela@hotmail.com;
METROPOLITANA;Ft;;;;13-161;05-05-2014;COMPOSTELA ;JOSE EFRAIN ;BARAHONA;MORALES;M;NOGAL;;;C;ELIODORO YAÑEZ S/N;19;337060;6273167;MAIPO;SAN BERNARDO;U;MAIPO;0,500;8249340;PASAJE LA NUEZ 10716, LA FLORIDA;viveros_compostela@hotmail.com;
METROPOLITANA;Ft;;;;13-162;02-09-2002;CRISTOBAL;GONZALO ;CEARDI;GAJARDO;M;NOGAL;CIRUELO;DURAZNERO;C;HIJUELA LA VIÑA DEL MAIPO S/N, CAMINO MAIPO-VILUCO ;19;334082;6263341;MAIPO;BUIN;R;MAIPO;3,500;8212335;CAMINO BUIN-MAIPO N° 2815, PARCELA 3 LORETO, BUIN;viverocristobal@hotmail.com;
METROPOLITANA;Ft;;;;13-162;15-09-2011;CRISTOBAL;GONZALO ;CEARDI;GAJARDO;M;NOGAL;;;C;CAMINO MAIPO VILUCO CORTES 16,17 Y 18 LA SERRANA;19;334390;6263954;MAIPO;BUIN;R;MAIPO;1,500;8212335;CAMINO BUIN-MAIPO N° 2815, PARCELA 3 LORETO, BUIN;viverocristobal@hotmail.com;
METROPOLITANA;Ft;;;;13-162;15-09-2011;CRISTOBAL;GONZALO ;CEARDI;GAJARDO;M;NOGAL;;;C;PARCELACION STA JULIA PARCELA 32 LOTE 10 Y 11;19;334629;6262563;MAIPO;BUIN;R;MAIPO;1,000;8212335;CAMINO BUIN-MAIPO N° 2815, PARCELA 3 LORETO, BUIN;viverocristobal@hotmail.com;
METROPOLITANA;Ft;;;;13-163;11-11-1986;DELIPLANT;SOCIEDAD AGRICOLA Y VIVEROS DELIPLANT LTDA (ALIRO CORNEJO VILCHES Y JULIO CORNEJO M);SOCIEDAD AGRICOLA Y VIVEROS DELIPLANT LTDA (ALIRO CORNEJO VILCHES Y JULIO CORNEJO M);SOCIEDAD AGRICOLA Y VIVEROS DELIPLANT LTDA (ALIRO CORNEJO VILCHES Y JULIO CORNEJO M);PJ;NARANJO;PALTO;LIMONERO;C;PARCELA 10  HIJUELA A4  PINTUE;19;326289;6249385;MAIPO;PAINE;R;MAIPO;3,000;821 3093;PARCELA 10, HIJUELA A4, PINTUE;deliplant@terra.cl;
METROPOLITANA;Ft;;;;13-163;05-05-2010;DELIPLANT;SOCIEDAD AGRICOLA Y VIVEROS DELIPLANT LTDA (ALIRO CORNEJO VILCHES Y JULIO CORNEJO M);SOCIEDAD AGRICOLA Y VIVEROS DELIPLANT LTDA (ALIRO CORNEJO VILCHES Y JULIO CORNEJO M);SOCIEDAD AGRICOLA Y VIVEROS DELIPLANT LTDA (ALIRO CORNEJO VILCHES Y JULIO CORNEJO M);PJ;NARANJO;PALTO;LIMONERO;C;PARC. 3B EX FUNDO LO CHACON;19;327268;6257495;MAIPO;BUIN;R;MAIPO;0,200;821 3093;PARCELA 10, HIJUELA A4, PINTUE;deliplant@terra.cl;
METROPOLITANA;Ft;;;;13-173;01-01-2000;LA SANCHINA;ALBERTO ;CAÑETE;VIERA;M;PALTO;LIMONERO;;C;PARCELA 3 SITIO 1  LAS TAZAS  PERALILLO;19;328927;6255896;MAIPO;PAINE;R;MAIPO;2,000;8213348;JOSE JOAQUIN PEREZ N° 108, BUIN;lasanchina@hotmail.com;
METROPOLITANA;Ft;;;;13-173;01-01-2000;LA SANCHINA;ALBERTO ;CAÑETE;VIERA;M;LIMONERO;NARANJO;MANDARINO. PALTO. NISPERO. CEREZO;C;LONGITUDINAL SUR 0260 KM 33;19;339818;6266976;MAIPO;BUIN;R;MAIPO;0,500;8213348;JOSE JOAQUIN PEREZ N° 108, BUIN;lasanchina@hotmail.com;
METROPOLITANA;Ft;;;;13-176;01-09-1997;LOS ANGELES;JAVIER ;GUTIERREZ;BERRIOS;M;DURAZNERO;CIRUELO;NOGAL;C;PARCELA 59 EL RECURSO;19;341755;6271898;MAIPO;BUIN;R;MAIPO;3,000;8247636;PARCELA 59, CAMINO VECINAL N° 5, EL RECURSO, BUIN;NO TIENE;
METROPOLITANA;Ft;;;;13-176;09-06-2010;LOS ANGELES;JAVIER ;GUTIERREZ;BERRIOS;M;NOGAL;CIRUELO;DAMASCO;C;KM 32 GUINDOS;19;340159;6268606;MAIPO;BUIN;U;MAIPO;0,000;8247636;PARCELA 59, CAMINO VECINAL N° 5, EL RECURSO, BUIN;NO TIENE;
METROPOLITANA;Ft;;;;13-179;15-06-1987;LOS HUIROS;ANA LUISA ;SILVA;FLORES;F;NOGAL;CIRUELO;DURAZNERO;C;JAVIERA CARRERA 1274;19;339363;6265177;MAIPO;BUIN;U;MAIPO;2,000;8213869 / 8212456;JAVIERA CARRERA 1274, BUIN;sanpancracio.vivero@gmail.com;
METROPOLITANA;;;O;;13-181;01-08-1998;LOS MELLIZOS;SUC. JOSE MANUEL VALENZUELA VALENZUELA;SUC. JOSE MANUEL VALENZUELA VALENZUELA;SUC. JOSE MANUEL VALENZUELA VALENZUELA;PJ;VIBURNUM;LAUREL DE COMER;VERONICA;C;PARCELA 18 AGUILA NORTE;19;337268;6249165;MAIPO;PAINE;R;MAIPO;0,004;8250126;CORREO HOSPITAL, SITIO 17, AGUILA NORTE, PAINE;viverolosmellizos@yahoo.cl;
METROPOLITANA;;;O;;13-181;03-05-2013;LOS MELLIZOS;SUC. JOSE MANUEL VALENZUELA VALENZUELA;SUC. JOSE MANUEL VALENZUELA VALENZUELA;SUC. JOSE MANUEL VALENZUELA VALENZUELA;PJ;VIBURNUM MASCANTHA;NANDINA;QUILLAY;C;PARCELA 17 AGUILA NORTE;19;337262;6249259;MAIPO;PAINE;R;MAIPO;2,000;8-6025067;SITIO N° 17-C AGUILA NORTE;viverolosmellizos@yahoo.cl;
METROPOLITANA;Ft;;;;13-183;01-10-1980;LOS TILOS;INIA;INIA;INIA;PJ;NOGAL;PISTACHO;;C;FDO LOS TILOS, GUINDOS;19;342415;6269228;MAIPO;BUIN;R;MAIPO;2,500;8212225;CASILLA 223, CORREO BUIN;lostilos@inia.cl;
METROPOLITANA;Ft;;;;13-185;28-06-1982;PARLIER;AGRICOLA PARLIER LTDA.;AGRIC. PARLIER LTDA.;AGRIC. PARLIER LTDA.;PJ;CIRUELO;DURAZNERO;NOGAL;C;HIJUELA STA. CARMEN, PERALILLO ;19;330343;6253783;MAIPO;PAINE;R;MAIPO;58,000;8243203;CASILLA 163, SAN BERNARDO;ccornejo@parlier.cl;8243235
METROPOLITANA;Ft;;;;13-185;01-05-2005;PARLIER;AGRICOLA PARLIER LTDA.;AGRIC. PARLIER LTDA.;AGRIC. PARLIER LTDA.;PJ;CIRUELO;DURAZNERO;;C;PARCELA LO NAVARRO;19;330616;6253802;MAIPO;PAINE;R;MAIPO;8,000;8243203;CASILLA 163, SAN BERNARDO;ccornejo@parlier.cl;8243235
METROPOLITANA;Ft;;;;13-185;30-12-2009;PARLIER;AGRICOLA PARLIER LTDA.;AGRIC. PARLIER LTDA.;AGRIC. PARLIER LTDA.;PJ;CIRUELO;ALMENDRO ;;C;PARCELA N°2 CHALLACURA, VINCULO (LOPEZ);19;330704;6253806;MAIPO;PAINE;R;MAIPO;4,400;8243203;CASILLA 163, SAN BERNARDO;ccornejo@parlier.cl;8243235
METROPOLITANA;Ft;;;;13-185;23-09-2011;PARLIER;AGRICOLA PARLIER LTDA.;AGRIC. PARLIER LTDA.;AGRIC. PARLIER LTDA.;PJ;NOGAL;DURAZNERO;ALMENDRO;C;PARCELA 7 VINCULO (OLIVOS);19;331624;6253231;MAIPO;PAINE;R;MAIPO;5,000;8243203;CASILLA 163, SAN BERNARDO;ccornejo@parlier.cl;8243235
METROPOLITANA;Ft;;;;13-185;10-05-2013;PARLIER;AGRICOLA PARLIER LTDA.;AGRIC. PARLIER LTDA.;AGRIC. PARLIER LTDA.;PJ;DURAZNERO;;;C;EL NARANJAL DEL VINCULO;19;331376;6254895;MAIPO;PAINE;R;MAIPO;20,000;8243203;CASILLA 163, SAN BERNARDO;ccornejo@parlier.cl;8243235
METROPOLITANA;Ft;;;V;13-186;01-07-1992;PATRICIO DELGADO;PATRICIO ;DELGADO;SLEIMAN;M;STAND BYE;;;C;PANAMERICANA SUR 1288.;19;338936;6264786;MAIPO;BUIN;U;MAIPO;5,000;8211697;PANAMERICANA SUR 1288, BUIN;pdelgado@kescochile.cl;
METROPOLITANA;Ft;;O;V;13-188;04-08-1986;SAN ALBERTO;TOBIAS  ALBERTO;MORALES;PIZARRO;M;PPM;;;C;LA PALOMA N°0291 MAIPO  PARCELA 5 (SOLO PPM y BARBECHO);19;340138;6268310;MAIPO;BUIN;R;MAIPO;0,000;8212248;VILLA CLEMENTE DIAZ PJE. CAUPOLICAN 136 MAIPO BUIN;tobiasmorales18@yahoo.es;
METROPOLITANA;Ft;;O;V;13-188;30-08-2013;SAN ALBERTO;TOBIAS  ALBERTO;MORALES;PIZARRO;M;DURAZNERO;CIRUELO;NOGAL;C;PARC. N°7A EL NARANJAL LO HERRERA;19;338748;6274366;MAIPO;SAN BERNARDO;R;MAIPO;0,000;;;tobiasmorales18@yahoo.es;
METROPOLITANA;Ft;;;;13-190;19-06-2009;SAN FRANCISCO DE ACULEO;ALIRO ;CORNEJO;MUÑOZ;M;LIMONERO;NARANJO;POMELO;C;PARADERO 9 PARCELA 5 LOTE A PINTUE;19;327039;6250658;MAIPO;PAINE;R;MAIPO;0,100;9-7009787;AV. MANUEL RODRIGUEZ 0264, VILLA EL DIAMANTE, BUIN;acornejom1961@hotmail.com;
METROPOLITANA;Ft;;;;13-194;01-06-2001;SANTA CANDIDA;JOSE ;ESCOBAR;CORNEJO;M;LIMONERO;NARANJO;PALTO;C;LOS LIBERALES S/N  VALDIVIA DE PAINE;19;327545;6258001;MAIPO;BUIN;R;MAIPO;0,100;9-7784232;;NO TIENE;
METROPOLITANA;Ft;;;;13-194;01-09-2014;SANTA CANDIDA;JOSE ;ESCOBAR;CORNEJO;M;LIMONERO;NARANJO;PALTO;C;LOS LIBERALES S/N  VALDIVIA DE PAINE;19;327522;6257992;MAIPO;BUIN;R;MAIPO;0,100;9-7784232;;NO TIENE;
METROPOLITANA;Ft;;;;13-198;26-10-1984;SANTA CONSTANZA;SOC. AGRIC. Y VIVEROS SANTA COSNTANZA LTDA. (JOSE DOMINGO GODOY);SOC. AGRI. Y VIVEROS SANTA COSNTANZA LTDA. (JOSE DOMINGO GODOY);SOC. AGRI. Y VIVEROS SANTA COSNTANZA LTDA. (JOSE DOMINGO GODOY);PJ;CIRUELO;DURAZNERO;;C;FUNDO LAS MORERAS  ALTO JAHUEL;19;343877;6266933;MAIPO;BUIN;R;MAIPO;2,500;8213372 / 8221346;SANTA BLANCA 1296, LO BARNECHEA;yjadue@verdtech.cl,yjadue@mi.cl;
METROPOLITANA;Ft;;;;13-199;24-05-1979;SANTA CRISTINA;ALEJO ;LEIVA;ALVAREZ;M;OLIVO;HORTENSIA;CIRUELO;C;P.8 LO CHACON VALDIVIA DE PAINE;19;325354;6258034;MAIPO;BUIN;R;MAIPO;1,500;9-8839090;;;
METROPOLITANA;Ft;;;;13-199;12-09-1995;SANTA CRISTINA;ALEJO ;LEIVA;ALVAREZ;M;OLIVO;ACER;CIRUELO;C;SITIO 13 PANM.5 SUR KM 33 (deposito);19;339911;6267278;MAIPO;BUIN;R;MAIPO;0,400;;;;
METROPOLITANA;Ft;;;;13-201;07-08-1997;SANTA JULIA;AGRICOLA Y COMERCIAL SANTA JULIA LTDA;AGRICOLA Y COMERCIAL SANTA JULIA LTDA;AGRICOLA Y COMERCIAL SANTA JULIA LTDA;PJ;STAND BYE;;;C;FUNDO SANTA JULIA DE VILUCO;19;335271;6260319;MAIPO;BUIN;R;MAIPO;2,000;8241248;;asantajulia@asantajulia.cl;
METROPOLITANA;;;;V;13-204;18-08-1992;SANTA RITA;VIÑA SANTA RITA SA;VIÑA SANTA RITA SA;VIÑA SANTA RITA SA;PJ;VID;;;C;FUNDO SANTA RITA (RDO. RODRIGUEZ);19;344549;6266753;MAIPO;BUIN;R;MAIPO;8,000;3622569;;arodriguez@santarita.cl;
METROPOLITANA;Ft;;;;13-207;13-08-1985;LLAHUEN;AGRICOLA LLAHUEN S.A.;AGRICOLA LLAHUEN S.A.;AGRICOLA LLAHUEN S.A.;PJ;FRUTILLA;;;C;P.26, VICTORIA CAMPESINA DE HUELQUEN;19;345702;6254127;MAIPO;PAINE;R;MAIPO;0,000;4489722 / 2815444;;vivero@llahuen.com;
METROPOLITANA;Ft;;;;13-210;01-09-1986;SANTA ISABEL DE PAINE;EDUARDO ;CONTRERAS;HERRERA;M;LIMONERO;NARANJO;MANDARINO. PALTO;C;PARCELA N°9 PINTUE ACULEO;19;325737;6251741;MAIPO;PAINE;R;MAIPO;0,500;8250737;PARCELA N°11 PINTUÉ, ACULEO;NO TIENE;
METROPOLITANA;;;O;;13-216;29-03-1993;AGROVER;AGROFRUTICOLA Y CRIADERO VERGARA LTDA;AGROFRUTICOLA Y CRIADERO VERGARA LTDA;AGROFRUTICOLA Y CRIADERO VERGARA LTDA;PJ;LIMONERO;PALTO;PALMERA;C;PARCELA Nº 11-B  CHAMPA;19;337518;6252546;MAIPO;PAINE;R;MAIPO;0,200;8250357;;gabrielalucve@gmail.com;
METROPOLITANA;Ft;;O;;13-218;04-03-1998;ANDALUCIA;CLAUDIO ROQUE;MEDINA;SILVA;M;CIRUELO;DURAZNERO;NOGAL;C;HIJUELA 15 LOTE A EXFUNDO SAN RAMON;19;343236;6264878;MAIPO;BUIN;R;MAIPO;2,000;                                                                                                                                                                                                                                                                                                                                                                                                                                                                                                                                                                                                                                                                                                                                                                                                                                                                                                                                                                                                                                                                                                                                                                                                                                                                                                                                                                                                                                                                                                                                                                                                                                                                                                                                                                                                                                                                                                                                                                                                                                                                                                                                                                                                                                                                                                                                                                                                                                                                                                                                                                                                                                                                                                                                                                                                                                                                                                                                                                                                                                                                                                                                                                                                                                                                                                                                                                                                                                                                                                                                                                                                                                                                                                                                                                                                                                                                                                                                                                                                                                                                                                                                                                                                                                                                                                                                                                                                                                                                                                                                                                                                                                                                                                                                                                                                                                                                                                                                                                                                                                                                                                                                                                                                                                                                                                                                                                                                                                                                                                                                                                                                                                                                                                                                                                                                                                                                                                                                                                                                                                                                                                                                                                                                                                                                                                                                                                                                                                                                                                                                                                                                                                                                                                                                                                                                                                                                                                                                                                                                                                                                                                                                                                                                                                                                                                                                                                                                                                                                                                                                                                                                                                                                                                                                                                                                                                                                                                                                                                                                                                                                                                                                                                                                                                                                                                                                                                                                                                                                                                                                                                                                                                                                                                                                                                                                                                                                                                                                                                                                                                                                                                                                                                                                                                                                                                                                                                                                                                                                                                                                                                                                                                                                                                                                                                                                                                                                                                                                                                                                                                                                                                                                                                                                                                                                                                                                                                                                                                                                                                                                                                                                                                                                                                                                                                                                                                                                                                                                                                                                                                                                                                                                                                                                                                                                                                                                                                                                                                                                                                                                                                                                                                                                                                                                                                                                                                                                                                                                                                                                                                                                                                                                                                                                                                                                                                                                                                                                                                                                                                                                                                                                                                                                                                                                                                                                                                                                                                                                                                                                                                                                                                                                                                                                                                                                                                                                                                                                                                                                                                                                                                                                                                                                                                                                                                                                                                                                                                                                                                                                                                                                                                                                                                                                                                                                                                                                                                                                                                                                                                                                                                                                                                                                                                                                                                                                                                                                                                                                                                                                                                                                                                                                                                                                                                                                                                                                                                                                                                                                                                                                                                                                                                                                                                                                                                                                                                                                                                                                                                                                                                                                                                                                                                                                                                                                                                                                                                                                                                                                                                                                                                                                                                                                                                                                                                                                                                                                                                                                                                                                                                                                                                                                                                                                                                                                                                                                                                                                                                                                                                                                                                                                                                                                                                                                                                                                                                                                                                                                                                                                                                                                                                                                                                                                                                                                                                                                                                                                                                                                                                                                                                                                                                                                                                                                                                                                                                                                                                                                                                                                                                                                                                                                                                                                                                                                                                                                                                                                                                                                                                                                                                                                                                                                                                                                                                                                                                                                                                                                                                                                                                                                                                                                                                                                                                                                                                                                                                                                                                                                                                                                                                                                                                                                                                                                                                                                                                                                                                                                                                                                                                                                                                                                                                                                                                                                                                                                                                                                                                                                                                                                                                                                                                                                                                                                                                                                                                                                                                                                                                                                                                                                                                                                                                                                                                                                                                                                                                                                                                                                                                                                                                                                                                                                                                                                                                                                                                                                                                                                                                                                                                                                                                                                                                                                                                                                                                                                                                                                                                                                                                                                                                                                                                                                                                                                                                                                                                                                                                                                                                                                                                                                                                                                                                                                                                                                                                                                                                                                                                                                                                                                                                                                                                                                                                                                                                                                                                                                                                                                                                                                                                                                                                                                                                                                                                                                                                                                                                                                                                                                                                                                                                                                                                                                                                                                                                                                                                                                                                                                                                                                                                                                                                                                                                                                                                                                                                                                                                                                                                                                                                                                                                                                                                                                                           ;JAVIERA CARRERA 1274, LINDEROS, BUIN;viveroandalucia@gmail.com;
METROPOLITANA;;;O;;13-220;01-04-2003;BEATRIZ;MERCEDES ;SILVA;PARDO;F;TULIPERO;DRACENA;;C;PARCELA 3B LA ESTANCILLA DE VILUCO;19;332236;6263225;MAIPO;BUIN;R;MAIPO;0,450;8249876;;edo_1818@hotmail.com;
METROPOLITANA;Ft;;O;;13-222;27-04-2006;SANTA BARBARA;BARBARA  ;ENCINA;BARRERA;F;PPM;;;C;PARCELA 8  LOTE A2 PERALILLO  LADO CASA PRINCIPAL (solo ppm);19;329560;6254376;MAIPO;PAINE;R;MAIPO;0,000;8242130;CASILLA 135, CORREO PAINE;barbara.92@live.com;
METROPOLITANA;Ft;;O;;13-222;07-07-2011;SANTA BARBARA;BARBARA ;ENCINA;BARRERA;F;CIRUELO;CEREZO;;C;FUNDO PINTUE SECTOR HJ LOTE 2 AV. JOSE MIGUEL LETELIER LA RESERVA S/N;19;325564;6250789;MAIPO;PAINE;R;MAIPO;1,250;8242130;PARCELA 8 LOTE A2 PERALILLO;barbara.92@live.com;
METROPOLITANA;Ft;;O;;13-223;01-07-2005;CAROLINA;ARTURO ;INOSTROZA;GOMEZ;M;CIRUELO;NOGAL;ALMENDRO;C;PARC 1  SAN LORENZO, CAM VALDIVIA DE PAINE;19;331679;6262444;MAIPO;BUIN;R;MAIPO;3,000;2591370;DELICIAS 183, MAIPO, BUIN;NO TIENE;
METROPOLITANA;Ft;;O;;13-226;19-02-2010;COPIHUE DEL SUR;EDUARDO ;NAVARRO;ESCOBAR;M;ROSAL;CIRUELO;CAQUI;C;PARCELA 16A LA PARICION;19;346800;6261029;MAIPO;PAINE;R;MAIPO;0,140;2598394;PASAJE NORDICO 261, VILLA REINA JULIANA, BUIN;viverocopihuedelsur@gmail.com;
METROPOLITANA;Ft;;O;;13-227;05-01-2005;COPROFRUT;ELIZABETH;NUÑEZ;SANDOVAL;F;PERAL;NOGAL;ALMENDRO;C;P. 29 PEREZ OSSA LAS ACACIAS;19;338772;6287051;MAIPO;SAN BERNARDO;U;MAIPO;3,000;6862921;DARIO CONTRERAS 03115, SAN BERNARDO;enunezs@vtr.net;
METROPOLITANA;;;O;;13-228;18-06-2000;DANIEL LOBOS;DANIEL ;LOBOS;MENARES;M;ROSAL;AGAPANTO;SEFIRANTE;C;LOS SILOS P 1 SUBDIVISION 14 (DIR. POSTAL CASILLA 314 CORREO PIRQUE);19;350592;6275486;CORDILLERA;PIRQUE;R;MAIPO;0,500;9-2246235;CASILLA 314 CORREO PIRQUE;NO TIENE;
METROPOLITANA;;;O;;13-231;06-07-2004;DON CLEMENTE;AGRICOLA DON CLEMENTE LTDA;AGRICOLA DON CLEMENTE LTDA;AGRICOLA DON CLEMENTE LTDA;PJ;AGAPANTO;MENTA;LAUREL;C;PARC  STA CAROLINA. KM  2.1 EL CERRILLO;19;340921;6262022;MAIPO;BUIN;R;MAIPO;0,250;8210635;;donclemente@mijardinsecreto.cl;
METROPOLITANA;;;O;;13-232;11-11-1999;EL ALAMO DE BUIN;NICANOR ;GARRIDO;URRA;M;STAND BYE;;;C;PARCELA 7  LO INFANTE (SALA DE VENTA);19;340983;6274936;MAIPO;SAN BERNARDO;R;MAIPO;0,100;8573878;casilla 304, buin;;
METROPOLITANA;;;O;;13-232;11-08-1994;EL ALAMO DE BUIN;NICANOR ;GARRIDO;URRA;M;BOJ;TULIPERO;;C;SITIO Nº 59 EL RECURSO (CASA);19;341588;6269855;MAIPO;BUIN;R;MAIPO;1,000;8573878;casilla 304, buin;;
METROPOLITANA;Ft;;O;;13-233;24-08-1992;EL ALAMO DE V. DE PAINE;DIAZ Y CIA LTDA;DIAZ Y CIA LTDA;DIAZ Y CIA LTDA;PJ;LIMONERO;PALTO;;C;P.2 EL ALAMO DE V. DE PAINE;19;326458;6256848;MAIPO;PAINE;R;MAIPO;0,500;8240013;PARCELA 2, EL ALAMO DE VALDIVIA DE PAINE, BUIN;NO TIENE;
METROPOLITANA;Ft;;O;;13-236;22-09-1997;EL CALLEJON  ;JOSE ANTONIO ;GUAJARDO;GUAJARDO;M;TULIPERO;PPM;;C;LA PALOMA Nº 090, MAIPO;19;335271;6266727;MAIPO;BUIN;U;MAIPO;3,000;8246019;LA PALOMA 090, MAIPO, BUIN;viveroelcallejon@hotmail.com;
METROPOLITANA;;;O;;13-238;29-04-2003;EL LEO;MARIO;VILLASECA;VALDES;M;LIQUIDAMBAR;TULIPERO;;C;PARCELA N°39 FUNDO LAS CANOAS( LOS MORROS A PIRQUE);19;346942;6275148;MAIPO;BUIN;R;MAIPO;0,500;9-0784963;MARIANO LATORRE 0215, PUENTE ALTO;jardinelleo@gmail.com;
METROPOLITANA;Ft;;O;;13-240;11-10-2006;EL MANZANO ;PEDRO;NAVARRO;AVENDAÑO;M;CIRUELO;DURAZNERO;NOGAL;C;PARC MARIA DE LOS ANGELES;19;332680;6262827;MAIPO;BUIN;R;MAIPO;3,000;2590231;MIRAFLORES 65, MAIPO, BUIN;NO TIENE;
METROPOLITANA;Ft;;O;;13-242;12-12-1991;EL PARRONAL;RAUL RICARDO;PARENTINI;BLANCO;M;CIRUELO;NOGAL;CEREZO;C;PARCELA 6  LA ESPERANZA;19;334190;6262706;MAIPO;BUIN;R;MAIPO;1,000;8212882;;raulparentini@hotmail.com;
METROPOLITANA;Ft;;O;;13-243;19-03-1987;EL PILAR;ROBERTO ;PARENTINI;BLANCO;M;;;;C;PANAMERICANA SUR KM 34  PARAD 2  GUINDOS (DEPOSITO DE PLANTAS);19;339863;6267233;MAIPO;BUIN;R;MAIPO;0,000;8213669;;rparentini@gmail.com;
METROPOLITANA;Ft;;O;;13-243;22-05-2014;EL PILAR;ROBERTO ;PARENTINI;BLANCO;M;LIQUIDAMBAR;PITTOSPORUM;;C;PARCELA 1 DE LA ESPERANZA;19;334318;6262905;MAIPO;BUIN;R;MAIPO;0,500;8213669;;rparentini@gmail.com;
METROPOLITANA;;;O;;13-247;10-05-2004;GUACOLDA;VICTOR ;OSORIO;ZARATE;M;LIGUSTRINA;BOJ;CONIFERAS;C;CAMINO EL RECURSO 1070 ;19;341085;6269186;MAIPO;BUIN;R;MAIPO;6,000;5365991;;viveroguacolda@gmail.com;
METROPOLITANA;;;O;;13-247;10-05-2004;GUACOLDA;VICTOR ;OSORIO;ZARATE;M;LIGUSTRINA;BOJ;CONIFERAS;C;GUACOLDA Nº 2075 (depòsito);19;347035;6281600;SANTIAGO;LA PINTANA;U;MAIPO;1,000;5365991;;viveroguacolda@gmail.com;
METROPOLITANA;;;O;;13-247;18-02-2005;GUACOLDA;VICTOR ;OSORIO;ZARATE;M;LIGUSTRINA;BOJ;CONIFERAS;C;GUACOLDA N° 2080;19;346844;6281972;SANTIAGO;LA PINTANA;U;MAIPO;1,000;5365991;;viveroguacolda@gmail.com;
METROPOLITANA;Ft;;O;;13-248;15-07-1985;GUINDOS II;COMERCIAL Y AGRICOLA GONZALEZ LEYTON EIRL;COMERCIAL Y AGRICOLA GONZALEZ LEYTON EIRL;COMERCIAL Y AGRICOLA GONZALEZ LEYTON EIRL;PJ;HIBISCO;BOUGAINVILLEA;SCHEFFLERA;C;PARCELA 3  EL RECURSO;19;340438;6264858;MAIPO;BUIN;R;MAIPO;4,000;8212248;LOS TILOS 615, GUINDOS, BUIN;joseantonio@guindos.cl;
METROPOLITANA;Ft;;O;;13-248;11-10-2013;GUINDOS II;COMERCIAL Y AGRICOLA GONZALEZ LEYTON EIRL;COMERCIAL Y AGRICOLA GONZALEZ LEYTON EIRL;COMERCIAL Y AGRICOLA GONZALEZ LEYTON EIRL;PJ;NOGAL;;;C;PARCELA 61 EL RECURSO;19;342026;6271392;MAIPO;BUIN;R;MAIPO;4,000;8212248;LOS TILOS 615, GUINDOS, BUIN;joseantonio@guindos.cl;
METROPOLITANA;Ft;;O;;13-248;11-10-2013;GUINDOS II;COMERCIAL Y AGRICOLA GONZALEZ LEYTON EIRL;COMERCIAL Y AGRICOLA GONZALEZ LEYTON EIRL;COMERCIAL Y AGRICOLA GONZALEZ LEYTON EIRL;PJ;NOGAL;;;C;PARCELA 66  EL RECURSO;19;341898;6271186;MAIPO;BUIN;R;MAIPO;4,000;8212248;LOS TILOS 615, GUINDOS, BUIN;joseantonio@guindos.cl;
METROPOLITANA;Ft;;O;;13-250;06-06-2007;INOSTROZA;JUAN ;INOSTROZA;GOMEZ;M;NOGAL;GUINDO;ALMENDRO;C;PARC 1  SAN LORENZO, CAM VALDIVIA DE PAINE;19;331679;6262444;MAIPO;BUIN;R;MAIPO;3,000;8-8479667;CALLE LAS DELICIAS 185, MAIPO;NO TIENE;
METROPOLITANA;;;O;;13-251;20-07-2005;JARDIN CHILENO;ELENA ;ACEVEDO;MIRANDA;F;CANELO;CACTACEAS;;C;LAS PERDICES 6775;19;356365;6290094;SANTIAGO;LA FLORIDA;U;MAIPO;0,500;2865654;LAS PERDICES 6775;imprentavasquez@vtr.net;
METROPOLITANA;;;O;;13-253;25-08-2000;KACTHUS;MARIO FRANCISCO ;SACCO;DUPRAT;M;CACTÁCEAS;;;C;P.17  2B FDO. LA APARICION;19;346448;6260670;MAIPO;PAINE;R;MAIPO;0,400;8215453;;leonardosacco@gmail.com;
METROPOLITANA;Ft;;O;;13-259;22-08-2003;LAS ANIMAS ;JUAN  PABLO ;MUJICA;VISCAYA;M;PPM;;;C;PARC. 7 LA NOGALADA;19;355438;6271180;CORDILLERA;PIRQUE;R;MAIPO;2,000;8547166;P.7 LA NOGALADA;agricolaaries@tie.cl;
METROPOLITANA;Ft;;O;;13-259;18-02-2013;LAS ANIMAS ;JUAN  PABLO ;MUJICA;VISCAYA;M;CIRUELO;NOGAL;;C;PARCELA EL DEPOSITO;19;357570;6274931;CORDILLERA;PIRQUE;R;MAIPO;1,300;8547166;P.7 LA NOGALADA;agricolaaries@tie.cl;
METROPOLITANA;Ft;;O;;13-260;16-08-2005;LAS BRUJAS;INVERSIONES MIRAVALLES LTDA.;INVERSIONES MIRAVALLES LTDA.;INVERSIONES MIRAVALLES LTDA.;PJ;PERAL;;;C;PARCELA 24  FDO  LA VICTORIA  HUELQUEN;19;345410;6254156;MAIPO;PAINE;R;MAIPO;1,000;8214470;MALAGA279 DPTO 21,LAS CONDES;miravalles@terra.cl;
METROPOLITANA;;;O;;13-263;05-12-2012;SAN ANDRES;TULIO ;AGUILAR;JELDRES;M;ROSAL;;;C;CAMINO BUIN MAIPO LOTE 10;19;335838;6266118;MAIPO;BUIN;R;MAIPO;0,700;8213893;MANUEL RODRIGUEZ 485;NO TIENE;
METROPOLITANA;;;O;;13-263;05-12-2012;SAN ANDRES;TULIO ;AGUILAR;JELDRES;M;ROSAL;;;C;CAMINO BUIN MAIPO LOTE 11;19;335827;6266095;MAIPO;BUIN;R;MAIPO;0,700;8213893;MANUEL RODRIGUEZ 485;NO TIENE;
METROPOLITANA;;;O;;13-263;05-05-2009;SAN ANDRES;TULIO ;AGUILAR;JELDRES;M;ROSAL;;;C;PARCELA 54 EL RECURSO;19;341643;6270940;MAIPO;BUIN;R;MAIPO;0,700;8213893;MANUEL RODRIGUEZ 485;NO TIENE;
METROPOLITANA;Ft;;O;;13-265;29-10-1987;MAJADAS DE PIRQUE;JUAN PAULO ;VALDES;NIETO;M;CIRUELO;NOGAL;;C;PARC.STA.ISABEL  CAMINO STA RITA;19;356592;6275153;CORDILLERA;PIRQUE;R;MAIPO;1,470;8546159;CERRO LAS MAJADAS C-7, PIRQUE;jpvaldesn@gmail.com;
METROPOLITANA;Ft;;O;;13-265;29-10-1987;MAJADAS DE PIRQUE;JUAN PAULO ;VALDES;NIETO;M;STAND BYE;;;C;EL PEUMO LAS BANDURRIAS;19;352379;6268482;CORDILLERA;PIRQUE;R;MAIPO;0,000;8546159;CERRO LAS MAJADAS C-7, PIRQUE;jpvaldesn@gmail.com;
METROPOLITANA;Ft;;O;;13-266;16-06-2000;MONTECARMELO;SEBASTIAN ;CORTES;BUSTOS;M;NOGAL;;;C;P 7  SITIO 16  CAM PADRE HURTADO  LOS MORROS;19;345189;6272496;MAIPO;BUIN;R;MAIPO;0,300;8216060;CASILLA 223, CORREO BUIN;cortesebastian@gmail.com;
METROPOLITANA;Ft;;O;;13-266;06-12-2012;MONTECARMELO;SEBASTIAN ;CORTES;BUSTOS;M;NOGAL;;;C;P 7  SITIO 17  CAM PADRE HURTADO  LOS MORROS;19;345187;6272531;MAIPO;BUIN;R;MAIPO;0,300;8216060;CASILLA 223, CORREO BUIN;cortesebastian@gmail.com;
METROPOLITANA;Ft;;O;;13-266;23-12-2013;MONTECARMELO;SEBASTIAN ;CORTES;BUSTOS;M;NOGAL;;;C;PARCELA 28 CASA 8080 AMANECER CAMPESINO CAMINO PADRE HURTADO;19;345850;6273785;MAIPO;BUIN;R;MAIPO;0,250;8216060;CASILLA 223, CORREO BUIN;cortesebastian@gmail.com;
METROPOLITANA;Ft;;O;;13-268;01-07-1992;NEVADA    ;DOMINGO;BUSTOS;SILVA;M;PINO;SALVIA;CRISANTEMO;C;PANM SUR KM 25  PARCELA 7  NOS;19;340940;6274737;MAIPO;SAN BERNARDO;R;MAIPO;1,000;8572970;CASILLA 59, NOS, SAN BERNARDO;NO TIENE;
METROPOLITANA;Ft;;O;;13-273;20-06-2001;SACRAMENTO;MARIO;BERRIOS;HAMED;PJ;DAMASCO;ALMENDRO ;;C;QUINTA MAIPO SUR;19;334261;6264893;MAIPO;BUIN;R;MAIPO;8,000; 8211416;CASILLA 56, BUIN;"marioberrioshamed@hotmail.com; info@viverosacramento.cl";
METROPOLITANA;Ft;;O;;13-273;20-06-2001;SACRAMENTO;MARIO;BERRIOS;HAMED;PJ;DAMASCO;ALMENDRO ;;C;RUTA 5 SUR LOTE A1 N°2430 LINDEROS;19;338915;6264290;MAIPO;BUIN;R;MAIPO;8,000; 8211416;CASILLA 56, BUIN;"marioberrioshamed@hotmail.com; info@viverosacramento.cl";
METROPOLITANA;Ft;;O;;13-274;01-02-2010;SAN EDUARDO;EDUARDO ;ORTEGA;CAMPOS;M;CIRUELO;;;C;CHACRA EL MOLINO, VILLASECA 853  PARCELA 14;19;337759;6265427;MAIPO;BUIN;U;MAIPO;1,000;84153161;CAMINO BUIN MAIPO 2724 LOTE 2-B;NO TIENE;
METROPOLITANA;Ft;;O;;13-274;17-10-2011;SAN EDUARDO;EDUARDO ;ORTEGA;CAMPOS;M;NOGAL;;;C;PARCELA 51 Y 53  LINDEROS;19;338362;6261781;MAIPO;BUIN;U;MAIPO;1,000;84153161;CAMINO BUIN MAIPO 2724 LOTE 2-B;NO TIENE;
METROPOLITANA;Ft;;O;;13-274;03-10-2012;SAN EDUARDO;EDUARDO ;ORTEGA;CAMPOS;M;NOGAL;;;C;PARCELA 5 EL TRANSITO;19;345040;6261850;MAIPO;PAINE;U;MAIPO;2,000;84153161;CAMINO BUIN MAIPO 2724 LOTE 2-B;NO TIENE;
METROPOLITANA;Ft;;O;;13-276;16-06-1997;SAN FERNANDO;SOCIEDAD AGRICOLA VIVEROS SAN FERNANDO LIMITADA (JOSE LUIS Y FERNANDO SALGADO);SOCIEDAD AGRICOLA VIVEROS SAN FERNANDO LIMITADA (JOSE LUIS Y FERNANDO SALGADO);SOCIEDAD AGRICOLA VIVEROS SAN FERNANDO LIMITADA (JOSE LUIS Y FERNANDO SALGADO);PJ;CIRUELO;VID;NOGAL;C;CAMINO MAIPO-VILUCO 2505  MAIPO;19;334141;6262802;MAIPO;BUIN;R;MAIPO;0,500;8246064;LA PALOMA 41, MAIPO, BUIN;NO TIENE;
METROPOLITANA;Ft;;O;;13-276;14-02-2014;SAN FERNANDO;SOCIEDAD AGRICOLA VIVEROS SAN FERNANDO LIMITADA (JOSE LUIS Y FERNANDO SALGADO);SOCIEDAD AGRICOLA VIVEROS SAN FERNANDO LIMITADA (JOSE LUIS Y FERNANDO SALGADO);SOCIEDAD AGRICOLA VIVEROS SAN FERNANDO LIMITADA (JOSE LUIS Y FERNANDO SALGADO);PJ;NOGAL;DURAZNERO;VID;C;PANAMERICANA SUR KM. 26;19;340555;6275860;MAIPO;SAN BERNARDO;R;MAIPO;5,000;8246064;ARTURO PRAT 429;NO TIENE;
METROPOLITANA;Ft;Fo;O;;13-277;10-10-2007;SAN GUILLERMO;GUILLERMO;MADRID;VALERO;M;CIRUELO;ALMENDRO ;MEMBRILLERO;C;PARCELA 9 CAMINO LINDEROS  ALTO JAHUEL;19;343335;6265414;MAIPO;BUIN;R;MAIPO;2,300;9-8766641;PEDRO PRADO 244 VILLA GABRIELA, BUIN;;
METROPOLITANA;Ft;Fo;O;;13-277;18-06-2014;SAN GUILLERMO;GUILLERMO;MADRID;VALERO;M;CIRUELO;NOGAL;DURAZNERO;C;SUB LOTE PARCELA 3 B;19;336158;6275650;MAIPO;CALERA DE TANGO;R;MAIPO;2,500;9-8766641;CAMINO PAINE LONQUEN SITIO 31 BUIN;guillermo.madrid.valero@hotmail.cl;
METROPOLITANA;Ft;;O;;13-278;27-10-2004;SAN IGNACIO;TOMAS ;DURAN;CORRALES;M;CIRUELO;PERAL;ROSAL;C;ARTURO PRAT Nº 450  MAIPO;19;334854;6265997;MAIPO;BUIN;U;MAIPO;0,100;9-2449793;ARTURO PRAT Nº 450,  MAIPO;NO TIENE;
METROPOLITANA;;;O;;13-279;29-12-1982;SAN JORGE;JORGE ;KAM;CORTES;M;CRESPON;GINKO;TULIPERO;C;PARCELA 9, NUEVO HORIZONTE;19;338783;6254924;MAIPO;PAINE;R;MAIPO;2,000;8213286;PARCELA 9, NUEVO HORIZONTE;jorgekam01@gmail.com;
METROPOLITANA;;;O;;13-281;20-03-2009;SAN LUIS DEL ALTO;MANUEL ;FARIAS;INOSTROZA;M;ROSAL;LIQUIDAMBAR;QUILLAY;C;LOS TILOS PARCELA 37 LOTE 2;19;343896;6268634;MAIPO;BUIN;R;MAIPO;1,500;8246729;LOS CEIBOS 0370 MAIPO;manuelfariasi@hotmail.com;
METROPOLITANA;Ft;;O;;13-283;07-12-2012;SAN NICOLAS;ENRIQUE;CACERES;MORALES;M;NOGAL;CIRUELO;PERAL;C;LONGITUDINAL SUR KM 32;19;339392;6268217;MAIPO;BUIN;R;MAIPO;2,000;;MIRAFLORES 549, MAIPO, BUIN;NO TIENE;
METROPOLITANA;Ft;;O;;13-285;28-03-2013;SAN PATRICIO;LUIS PATRICIO ;SILVA;AHUMADA;M;NOGAL;;;C;PARCELA N°5 VILUCO;19;333858;6261584;MAIPO;BUIN;U;MAIPO;4,000;;ENRIQUETA FUENTES 2832, BUIN;NO TIENE;
METROPOLITANA;Ft;;O;;13-285;16-06-2014;SAN PATRICIO;LUIS PATRICIO ;SILVA;AHUMADA;M;NOGAL;;;C;BUIN MAIPO 1105 PARADERO 1;19;337711;6266368;MAIPO;BUIN;U;MAIPO;5,000;;ENRIQUETA FUENTES 2832, BUIN;NO TIENE;
METROPOLITANA;Ft;;O;;13-286;04-08-2009;SAN PEDRO;GUILLERMO ;NAVARRO;RUBIO;M;CIRUELO;NOGAL;DURAZNERO;C;PARCELA N°16-A LA APARICION DE PAINE;19;346800;6261029;MAIPO;PAINE;R;MAIPO;1,000;9-2604205;PASAJE NORDICO 261, VILLA JULIANA, BUIN;viverosanpedro2011@gmail.com;
METROPOLITANA;Ft;;O;;13-289;16-07-1992;SANTA CRISTINA II;MARCELO ;LEIVA;PEREZ;M;LIMONERO;NARANJO;OLIVO;C;P.64   EL RECURSO , BUIN;19;341780;6271931;MAIPO;BUIN;R;MAIPO;2,500;2216046;;NO TIENE;
METROPOLITANA;Ft;;O;;13-289;01-04-1996;SANTA CRISTINA II;MARCELO ;LEIVA;PEREZ;M;LIMONERO;NARANJO;OLIVO;C;CASAS VIEJAS LO JELVEZ  PARCELA N°4 B;19;330181;6259996;MAIPO;BUIN;R;MAIPO;1,000;2216046;;NO TIENE;
METROPOLITANA;Ft;;O;;13-289;16-05-2012;SANTA CRISTINA II;MARCELO ;LEIVA;PEREZ;M;LIMONERO;NARANJO;MANDARINO;C;CAMINO LOS LIBERALES S/N;19;327394;6257773;MAIPO;BUIN;R;MAIPO;0,500;2216046;;NO TIENE;
METROPOLITANA;Ft;;O;;13-289;16-05-2012;SANTA CRISTINA II;MARCELO ;LEIVA;PEREZ;M;LIMONERO;NARANJO;MANDARINO;C;PANAMERICANA SUR KM. 33;19;339924;6267283;MAIPO;BUIN;R;MAIPO;0,500;2216046;;NO TIENE;
METROPOLITANA;Ft;;O;;13-290;07-10-2003;BLUE BERRIES;JUAN ;GAJARDO;ESPARZA;M;ARÁNDANO;;;C;PARCELA 18 COLONIA KENNEDY;19;338171;6253360;MAIPO;PAINE;R;MAIPO;0,400;8214489;CASILLA 30 HOSPITAL.PAINE;jjgajardo@yahoo.com;
METROPOLITANA;Ft;;O;;13-291;30-03-2007;SANTA ISABEL ;MARIA  (FERNANDO ROMERO);PIZARRO;FARIAS;F;NOGAL;CIRUELO;DURAZNERO;C;CALLE 18 SEPTIEMBRE (FRENTE AL nº 2071);19;341388;6258105;MAIPO;PAINE;U;MAIPO;0,020;8247170 (noche);CALLE LOS NARANJOS 291, POBLACION ARTURO PRAT;m.pizarrofarias@hotmail.com;
METROPOLITANA;Ft;;O;;13-291;30-09-2010;SANTA ISABEL ;MARIA  (FERNANDO ROMERO);PIZARRO;FARIAS;F;NOGAL;CIRUELO;DURAZNERO;C;PARCELA 1  SANTA ROSA;19;342017;6254053;MAIPO;PAINE;R;MAIPO;1,000;9-5753241;CALLE LOS NARANJOS 291, POBLACION ARTURO PRAT;m.pizarrofarias@hotmail.com;
METROPOLITANA;Ft;;O;;13-291;29-12-2014;SANTA ISABEL ;MARIA  (FERNANDO ROMERO);PIZARRO;FARIAS;F;NOGAL;CIRUELO;MEMBRILLERO;C;PARCELA 1 SAN LORENZO;19;331739;6262587;MAIPO;BUIN;R;MAIPO;2,500;9-4661191;CALLE LOS NARANJOS 291, POBLACION ARTURO PRAT;m.pizarrofarias@hotmail.com;
METROPOLITANA;Ft;;O;;13-293;14-08-1986;VALDIVIA;HERMINIO;GONZALEZ;FERNANDEZ;M;LIQUIDAMBAR;HIGUERA;;C;PARCELA Nº 8  LO CHACON, VALDIVIA DE PAINE ;19;325423;6258015;MAIPO;BUIN;R;MAIPO;1,000;8241410;MANUEL RODRIGUEZ 737, VALDIVIA DE PAINE;limoneros66@yahoo.com;
METROPOLITANA;Ft;;O;;13-293;04-04-2006;VALDIVIA;HERMINIO ;GONZALEZ;FERNANDEZ;M;PINO;NARANJO;;C;MANUEL RODRIGUEZ 737  VALDIVIA DE PAINE;19;327200;6257404;MAIPO;BUIN;U;MAIPO;0,500;8241410;MANUEL RODRIGUEZ 737, VALDIVIA DE PAINE;limoneros66@yahoo.com;
METROPOLITANA;;;O;;13-294;29-12-1982;VIVEROS TERRANOVA CIA LTDA;VIVEROS TERRANOVA CIA LTDA (CONSTANZA DURAN MORALES);VIVEROS TERRANOVA CIA LTDA (CONSTANZA DURAN MORALES);VIVEROS TERRANOVA CIA LTDA (CONSTANZA DURAN MORALES);PJ;LIRIO;DOCA;ABETO. ROSA;C;P.7 Y 8  PANAM  SUR  KM.35 GUINDOS;19;339825;6267142;MAIPO;BUIN;R;MAIPO;2,400;8215137;CASILLA 126, CORREO BUIN;paisajismoterranova@terra.cl;
METROPOLITANA;;;O;;13-295;16-06-2004;AGRICOLA LAS JARDINERAS;AGRICOLA LAS JARDINERAS LTDA (MARIA ANTONIA CORREA);AGRICOLA LAS JARDINERAS LTDA (MARIA ANTONIA CORREA);AGRICOLA LAS JARDINERAS LTDA (MARIA ANTONIA CORREA);PJ;LIGUSTRINA;AGAPANTO;;C;PARCELA N° 2  DE LA PARCELA N° 5 DE PARCELACION LOS TILOS;19;343572;6271303;MAIPO;BUIN;R;MAIPO;0,250;9-4347709;PADRE LETELIER 0203, PROVIDENCIA;NO TIENE;
METROPOLITANA;;;O;;13-297;01-08-2009;PUELO;JOSE ANTONIO ;RECART;GIORDANO;M;BOJ;VERONICA;;C;PARCELA 27-B  PANAM.SUR;19;339422;6267225;MAIPO;BUIN;R;MAIPO;1,500;8219040;CASILLA 17, CORREO BUIN;;
METROPOLITANA;;;O;;13-302;26-05-2014;BETTANIA;JUAN ;MILLAR;MILLAR;M;LAVANDA;VERONICA;AROMO;C;PARCELA 6 CAMINO VECINAL SITIO 7 LA ESTANCILLA;19;340232;6272568;MAIPO;SAN BERNARDO;R;MAIPO;0,000;8592157;CAMINO VECINAL PARADERO 6 SITIO 7 ,SAN BERNARDO;NO TIENE;
METROPOLITANA;;;O;;13-305;05-03-2002;CACTARIO VALENCIA;RAUL ;SEPULVEDA;VALDERRAMA;M;CACTÁCEAS;;;C;PARCELA Nº 43  LOTE 6  LAS COLONIAS;19;337839;6254559;MAIPO;PAINE;R;MAIPO;0,500;8250516;;cactariovalencia@gmail.com;
METROPOLITANA;;;O;;13-306;27-04-2004;CAMINATI;MIGUEL ANGEL ;MADARIAGA;QUINTANILLA;M;ROSAL;;;C;FCO.JAVIER KRUGGER 870-LINDEROS;19;339500;6263840;MAIPO;BUIN;U;MAIPO;1,000;8-6204533;FRANCISCO JAVIER KRUGGER 113, BUIN;NO TIENE;
METROPOLITANA;;;O;;13-308;18-04-1983;CINCO PINOS;VIVERO CINCO PINOS LTDA.;VIVERO CINCO PINOS LTDA.;VIVERO CINCO PINOS LTDA.;PJ;LIRIO;LAVANDA;AGAPANTO;C;LO HERRERA PARCELA 1 Y 2;19;340177;6273580;MAIPO;SAN BERNARDO;R;MAIPO;7,000;8571088;CASILLA  13 CORREO NOS,SAN BERNARDO;viveros@cincopinos.cl;
METROPOLITANA;;;O;;13-309;12-03-2008;CRISOSTOMO;MAURICIO ;GUTIERREZ;GARCIA;M;ESPIREA;LAUREL DE FLOR;;C;HUERTO 34 HOSPITAL;19;338683;6250101;MAIPO;PAINE;R;MAIPO;0,500;8250304;HUERTO 34, HOSPITAL;NO TIENE;
METROPOLITANA;;;O;;13-310;22-10-2002;DELVIMAQ;GERMAN ;DEL VILLAR;MEDINA;M;PALMERA;;;C;J. ALESSANDRI 4439;19;341221;6276706;MAIPO;SAN BERNARDO;R;MAIPO;0,150;8573437;;german_delvillar@yahoo.com;
METROPOLITANA;;;O;;13-314;12-10-2000;EL MAITENCITO;RAMON ;AYALA;PINTO;M;CRATEGUS;HORTENSIA;AROMO;C;CASA 7 CAMINO MAIPO VILUCO;19;334301;6263236;MAIPO;BUIN;U;MAIPO;0,500;2592083;CAMINO MAIPO VILUCO CASA 7,BUIN;NO TIENE;
METROPOLITANA;;;O;;13-529;28-01-2011;CAMPO VERDE;GONZALO ;FLORES;GUERRA;M;LIQUIDAMBAR;BOJ;PITTOSPORUM;C;SANTA ROSA 11315 CAMPUS ANTUMAPU U. DE CHILE;19;348690;6284366;SANTIAGO;LA PINTANA;U;MAIPO;0,650;2782583;QUINTALÍ N° 9711 PEÑALOLEN;;
METROPOLITANA;;;O;;13-316;19-02-1987;EL PARQUE;AGRICOLA STA. AMALIA (ENCARGADO: MIGUEL SILVA);AGRICOLA STA. AMALIA (ENCARGADO: MIGUEL SILVA);AGRICOLA STA. AMALIA (ENCARGADO: MIGUEL SILVA);PJ;LIQUIDAMBAR;PITTOSPORUM;LAUREL DE FLOR;C;P  7  KM.35,5 PAN.SUR;19;339626;6266523;MAIPO;BUIN;R;MAIPO;1,000;8214247;CASILLA 205,BUIN;jardinelparque@manquehue.net;8214247
METROPOLITANA;;;O;;13-316;18-10-2007;EL PARQUE;AGRICOLA STA. AMALIA (ENCARGADO: MIGUEL SILVA);AGRICOLA STA. AMALIA (ENCARGADO: MIGUEL SILVA);AGRICOLA STA. AMALIA (ENCARGADO: MIGUEL SILVA);PJ;LIQUIDAMBAR;PITTOSPORUM;LAUREL DE FLOR;C;HIJUELA SEXTA FUNDO EL DIAMANTE;19;342021;6267637;MAIPO;BUIN;R;MAIPO;0,500;8214247;CASILLA 205,BUIN;jardinelparque@manquehue.net;8214247
METROPOLITANA;;;O;;13-317;20-03-2001;PLANTS AND PARROTS;BASULTO Y TRUCCO;BASULTO Y TRUCCO;BASULTO Y TRUCCO;PJ;LITRE;LAUREL DE FLOR;QUILLAY;C;FDO EL ESCORIAL PARCELA 16-A LOTE 2;19;348951;6252642;MAIPO;PAINE;R;MAIPO;0,500;8242907;;sergiotrucco@baaultoytrucco.cl;
METROPOLITANA;;;O;;13-320;09-02-2004;EL RECUERDO;SEGUNDO;RETAMAL;RIVAS;M;ROSAL;;;C;CASA N°5 EL RECUERDO DE VILUCO;19;336776;6257427;MAIPO;BUIN;R;MAIPO;0,500;8-6078933;CASA N°5 EL RECUERDO DE VILUCO;NO TIENE;
METROPOLITANA;;;O;;13-320;28-05-2007;EL RECUERDO;SEGUNDO ;RETAMAL;RIVAS;M;ROSAL;;;C;SITIO 1500  STA VICTORIA  CAM A LONQUEN;19;336776;6257427;MAIPO;BUIN;R;MAIPO;0,500;8-6078933;CASA N°5 EL RECUERDO DE VILUCO;NO TIENE;
METROPOLITANA;;;O;;13-320;22-08-2012;EL RECUERDO;SEGUNDO ;RETAMAL;RIVAS;M;ROSAL;;;C;SITIO 1540  STA VICTORIA  CAM A LONQUEN;19;336838;6257296;MAIPO;BUIN;R;MAIPO;0,020;8-6078933;CASA N°5 EL RECUERDO DE VILUCO;NO TIENE;
METROPOLITANA;;;O;;13-322;18-10-2005;EL RECURSO;JOSE ;BUSTOS;SILVA;M;CIRUELO;ROSAL;;C;PARCELA 48 EL RECURSO;19;341262;6271152;MAIPO;BUIN;R;MAIPO;0,500;8246181;;;
METROPOLITANA;;;O;;13-325;22-07-2003;EL TREBOL;FRANCISCO ;SANDOVAL;QUINUL;M;YINCA;HIEDRA;;C;TUCAPEL 2615;19;348523;6282130;SANTIAGO;LA PINTANA;U;MAIPO;0,500;5425904;;NO TIENE;
METROPOLITANA;;;O;;13-326;01-07-2003;EL VINCULO;VIVIAN ;CASTRO;CARRASCO;F;HIEDRA;AJUGA;CUBRESUELO;C;PARC. 20 LOTE 2, VINCULO;19;332726;6253725;MAIPO;PAINE;R;MAIPO;0,500;8-8284216;;NO TIENE;8241859
METROPOLITANA;;;O;;13-327;14-12-1999;ELI;MANUEL;ARAVENA;MATURANA;M;VIBURNUM;LAURENTINA;;C;C° LIZCAYA 225-226 LO HERRERA;19;335052;6273327;MAIPO;SAN BERNARDO;U;MAIPO;0,100;8576716;CERRO LLISCAYA 226 LO HERRERA SAN BERNARDO;;
METROPOLITANA;;;O;;13-328;19-08-2005;FRAY JORGE;XIMENA;AVALOS;DEL PEDREGAL;F;VERONICA;HIEDRA;LAVANDA;C;PADRE HURTADO 4635;19;346035;6262075;MAIPO;PAINE;U;MAIPO;4,000;9-2798321;;viverofrayjorge@yahoo.es;
METROPOLITANA;;;O;;13-333;26-05-1987;GLORIA;GLORIA ;CORNEJO;CORNEJO;F;NANDINA;ABUTILON;CUBRESUELO;C;SITIO 7 LO HERRERA  EL NARANJAL;19;338612;6274304;MAIPO;CALERA DE TANGO;U;MAIPO;0,300;9-4644489;SITIO 7 LO HERRERA, EL NARANJAL;NO TIENE;
METROPOLITANA;Ft;;O;;13-334;17-07-1985;GUINDOS;JOSE ;GONZALEZ;GUERRERO;M;HIBISCO;BOUGAINVILLEA;ROSAL;C;P. 3 GUINDOS  ;19;340630;6268310;MAIPO;BUIN;R;MAIPO;0,400;8212248;CASILLA 230, BUIN;joseantonio@guindos.cl;
METROPOLITANA;Ft;;O;;13-334;27-05-1987;GUINDOS;JOSE ;GONZALEZ;GUERRERO;M;NOGAL;PERAL ;ROSAL;C;P. 62 EL RECURSO;19;342063;6271590;MAIPO;BUIN;R;MAIPO;3,000;8212248;CASILLA 230, BUIN;joseantonio@guindos.cl;
METROPOLITANA;Ft;;O;;13-334;30-08-2011;GUINDOS;JOSE ;GONZALEZ;GUERRERO;M;NOGAL;PERAL ;ROSAL;C;P.61 EL RECURSO;19;341986;6271686;MAIPO;BUIN;R;MAIPO;4,000;8212248;CASILLA 230, BUIN;joseantonio@guindos.cl;
METROPOLITANA;Ft;;O;;13-334;30-08-2011;GUINDOS;JOSE ;GONZALEZ;GUERRERO;M;ROSAL;;;C;PC. 85 EL RECURSO;19;342064;6271642;MAIPO;BUIN;R;MAIPO;1,000;2-8212248;PARCELA 3 GUINDOS; ;
METROPOLITANA;;;O;;13-337;24-05-1988;JARDIN BORA BORA;ELCIRA;DUQUE;GONZALEZ;F;VIBURNUM;HORTENSIA;LAUREL DE FLOR;C;CAMILO HENRIQUEZ N° 3527;19;355744;6284648;CORDILLERA;PUENTE ALTO;U;MAIPO;1,500;4191686;CAMILO HENRIQUEZ N° 3527;elciraborabora@vtr.net;
METROPOLITANA;;;O;;13-338;23-11-2009;JARDIN DEL SOL;CRISTINA ;ASTUDILLO;MARCHANT;F;ROSAL;GOMERO;DRACENA;C;PANAMERICANA SUR PARC  51 Y 53 LINDEROS;19;338578;6261768;MAIPO;BUIN;R;MAIPO;1,000;9-2179961;;c.astudillomarchant@gmail.com;
METROPOLITANA;;;O;;13-342;21-07-1992;JARDIN ESPAÑOL;FRESIA DEL CARMEN ;PALMA;LOPEZ;F;LIQUIDAMBAR;ROSAL;LIGUSTRINA;C;PARCELA Nª3 LOTE Nº1 LO INFANTE NOS;19;340435;6275055;MAIPO;SAN BERNARDO;R;MAIPO;1,000;8575924;AV.SUECIA 3089, NUÑOA;NO TIENE;
METROPOLITANA;;;O;;13-344;21-08-1979;JARDIN ITALIANO;HUMBERTO ;GIAMELLI;ZUÑIGA;M;CLAVELINA;RUDA;PETUNIA;C;PARCELA Nº 55  LA ESTANCILLA, NOS;19;341201;6276253;MAIPO;SAN BERNARDO;U;MAIPO;0,200;8577313;;NO TIENE;
METROPOLITANA;;;O;;13-350;14-12-2001;JARDIN NENA;MARIA INES ;VIDAL;GUTIERREZ;F;MIRTO;ALCANFOR;ABELIA;C;PARCELA 32 LOTE A-1  C KENNEDY;19;338161;6253151;MAIPO;PAINE;R;MAIPO;0,500;8242182;PARCELA 32 LOTE A-1 C KENNEDY;NO TIENE;
METROPOLITANA;;;O;;13-350;27-11-2009;JARDIN NENA;MARIA INES ;VIDAL;GUTIERREZ;F;MIRTO;ALCANFOR;ABELIA;C;SITIO 49 AGUILA SUR;19;338335;6246854;MAIPO;PAINE;R;MAIPO;0,750;8242182;PARCELA 32 LOTE A-1 C KENNEDY;NO TIENE;
METROPOLITANA;;;O;;13-353;27-07-2005;JARDIN PAULINA;PAULINA ;SILVA ;MENDOZA;F;AGAPANTO;NANDINA;ESPIREA;C;TUCAPEL Nº2395;19;348095;6282138;SANTIAGO;LA PINTANA;U;MAIPO;1,000;5426065;TUCAPEL Nº2395;paulina-silva@live.cl;
METROPOLITANA;;;O;;13-358;01-08-2011;JARDIN STA. ANGELICA;JOSE MARTIN ;ESCOBAR;SAEZ;M;ROSAL;LIQUIDAMBAR;;C;CAMINO LOS ACACIOS 591  LA TRI LLA;19;339603;6259177;MAIPO;PAINE;U;MAIPO;0,220;7-6986629;PASAJE EL TREBOL 427;NO TIENE;
METROPOLITANA;;;O;;13-358;13-11-2012;JARDIN STA. ANGELICA;JOSE MARTIN ;ESCOBAR;SAEZ;M;ROSAL;LIQUIDAMBAR;;C;11 DE SEPTIEMBRE 01285 PARCELA 62-61B LINDEROS;19;340702;6262406;MAIPO;BUIN;U;MAIPO;0,220;7-6986629;PASAJE EL TREBOL 427;NO TIENE;
METROPOLITANA;;;O;;13-358;28-03-2014;JARDIN STA. ANGELICA;JOSE MARTIN ;ESCOBAR;SAEZ;M;ROSAL;LIQUIDAMBAR;;C;CAMINO EL CERRILLO S/N;19;341565;6262000;MAIPO;BUIN;R;MAIPO;0,220;7-6986629;PASAJE EL TREBOL 427;NO TIENE;
METROPOLITANA;;;O;;13-361;02-02-1999;JARDIN VICTORIA DE PAINE;FRANCISCO ;GONZALEZ;PEÑA;M;MIRTO;PINO;LAURENTINA;C;PARCELA Nº 33  COLONIA KENNEDY;19;338865;6253478;MAIPO;PAINE;R;MAIPO;0,500;8-6721637;;NO TIENE;
METROPOLITANA;;;O;;13-362;24-01-2008;JARDINES Y PAISAJISMO FRAY JORGE;INGENIERIA INTEGRAL FRAY JORGE;INGENIERIA INTEGRAL FRAY JORGE;INGENIERIA INTEGRAL FRAY JORGE;PJ;HIEDRA;CUBRESUELOS;LUPINO;C;SANTA ROSA Nº14810;19;349063;6280650;SANTIAGO;LA PINTANA;U;MAIPO;1,500;2237313;;;
METROPOLITANA;;;O;;13-363;28-07-2008;JAVIERA;JUAN CARLOS ;QUIROGA;CANALES;M;PINO;CRATEGUS;LIQUIDAMBAR. TULIPERO;C;PARCELA 32 LOTE 4, LA ESPERANZA CERVERA,.;19;334798;6262684;MAIPO;BUIN;R;MAIPO;0,500;9-6121632;AV. EL BOSQUE 067 VILLA EL SOLAR DE BUIN;NO TIENE;
METROPOLITANA;;;O;;13-365;04-05-2000;JJK;JUAN FERNANDO;SANCHEZ;ARRIAGADA;M;LAVANDA;TULIPERO;LIQUIDAMBAR. TULIPERO;C;LA ARMONIA PARC.51 COLONIA KENNEDY;19;338004;6252461;MAIPO;PAINE;R;MAIPO;0,500;8250419;CAMINO LAS ACACIAS 122-B HOSPITAL, BUIN.;NO TIENE;
METROPOLITANA;;;O;;13-365;04-05-2000;JJK;JUAN FERNANDO;SANCHEZ;ARRIAGADA;M;BOJ;TULIPERO;PITTOSPORUM;C;HUERTO 122 B C.KENNEDY;19;338008;6252461;MAIPO;PAINE;R;MAIPO;0,500;8250419;CAMINO LAS ACACIAS 122-B HOSPITAL, BUIN.;NO TIENE;
METROPOLITANA;;;O;;13-368;16-05-2008;C.SHERT;URSULA ;SOTO ;CAMPOS;F;ROSAL;;;C;PARCELA D-2 GUINDOS;19;339644;6268325;MAIPO;BUIN;U;MAIPO;0,500;8215070;LAS VIOLETAS 2445, LINDEROS, BUIN;jardinursula@gmail.com;
METROPOLITANA;;;O;;13-374;02-12-2005;LA ESTRELLA;FLORENCIO GUILLERMO ;PIZARRO;GUERRA;M;PALMERA;BOJ;EVONIMO;C;PARC  22 C  AGUILA SUR. ( BUEN CAMINO 9780 PEÑALOLEN);19;336775;6248599;MAIPO;PAINE;R;MAIPO;1,050;2924918 ;CASA DEL ALBA PARCELA 46 CHICUREO,COLINA;NO TIENE;
METROPOLITANA;;;O;;13-374;21-01-2011;LA ESTRELLA;FLORENCIO GUILLERMO ;PIZARRO;GUERRA;M;PALMERA;BOJ;EVONIMO;C;AGUILA NORTE 22 J HOSPITAL;19;336877;6248210;MAIPO;PAINE;R;MAIPO;0,700;2924918 ;CASA DEL ALBA PARCELA 46 CHICUREO,COLINA;NO TIENE;
METROPOLITANA;;;O;;13-375;26-04-1996;LA ESTRELLA;LUIS ;TORO;CORNEJO;M;LAVANDA;LIQUIDAMBAR;TULIPERO;C;CALLE LAS ACACIAS HUERTO 88 HOSPITAL;19;338056;6252027;MAIPO;PAINE;R;MAIPO;1,000;9-5809226;HUERTO 88, LAS ACACIAS, HOSPITAL, PAINE;NO TIENE;
METROPOLITANA;;;O;;13-375;12-10-2007;LA ESTRELLA;LUIS ;TORO;CORNEJO;M;LAVANDA;BOJ;LIQUIDAMBAR. TULIPERO;C;HUERTO 3  HOSPITAL;19;339177;6250317;MAIPO;PAINE;R;MAIPO;0,500;9-5809226;HUERTO 88, LAS ACACIAS, HOSPITAL, PAINE;NO TIENE;
METROPOLITANA;;;O;;13-375;10-08-1999;LA ESTRELLA;LUIS ;TORO;CORNEJO;M;LAVANDA;PINO;;C;PARCELA N°171  COLONIA KENNEDY  HOSPITAL;19;340869;6249660;MAIPO;PAINE;R;MAIPO;0,500;9-5809226;HUERTO 88, LAS ACACIAS, HOSPITAL, PAINE;NO TIENE;
METROPOLITANA;;;O;;13-376;25-10-2004;LA FERNANDITA;MARIA ;CAVIERES;PEREZ;F;MASCANTA;ESPIREA;LAVANDA;C;PARCELA 5  LOTE A1  COLONIA KENNEDY;19;337070;6247559;MAIPO;PAINE;R;MAIPO;1,000;9-4649495;CORREO HOSPITAL;NO TIENE;
METROPOLITANA;;;O;;13-376;30-11-2011;LA FERNANDITA;MARIA ;CAVIERES;PEREZ;F;JACARANDA;ESPIREA;LAVANDA;C;PARCELA 222 LOTE 19 COLONIA KENNEDY ;19;339070;6249559;MAIPO;PAINE;R;MAIPO;0,500;9-4649495;CORREO HOSPITAL;NO TIENE;
METROPOLITANA;;;O;;13-376;25-09-2008;LA FERNANDITA;MARIA;CAVIERES;PEREZ;F;VIBURNUM;ESPIREA;LAVANDA;C;HUERTO Nº 40   HOSPITAL;19;338164;6252882;MAIPO;PAINE;R;MAIPO;0,750;9-4649495;CORREO HOSPITAL;NO TIENE;
METROPOLITANA;;;O;;13-376;24-01-2013;LA FERNANDITA;MARIA;CAVIERES;PEREZ;F;LAURENTINA;ESPIREA;VIBURNUM;C;DIEGO PORTALES SUR HUERTO 1B;19;339144;6250057;MAIPO;PAINE;R;MAIPO;0,300;9-4649495;CORREO HOSPITAL;NO TIENE;
METROPOLITANA;;;O;;13-376;30-09-2013;LA FERNANDITA;MARIA;CAVIERES;PEREZ;F;VIBURNUM MASCANTHA;NANDINA;PITTOSPORUM NIGRICANS;C;HUERTO 41 EL PORVENIR HOSPITAL;19;338677;6250393;MAIPO;PAINE;R;MAIPO;0,250;9-4649495;CORREO HOSPITAL;NO TIENE;
METROPOLITANA;;;O;;13-382;05-11-2002;LAS ACACIAS;VERONICA ;BERRIOS;LABARCA;F;LIQUIDAMBAR;LAUREL DE FLOR;LAVANDA;C;EL RECURSO SITIO 10;19;341900;6270478;MAIPO;BUIN;R;MAIPO;0,130;9-8553626;PASAJE LAS ACACIAS SITIO 10 CASA 20 BUIN.;NO TIENE;
METROPOLITANA;;;O;;13-382;05-11-2002;LAS ACACIAS;VERONICA ;BERRIOS;LABARCA;F;LIQUIDAMBAR;LAUREL DE FLOR;LAVANDA;C;EL RECURSO PARCELA 71;19;342100;6267278;MAIPO;BUIN;R;MAIPO;0,500;9-8553626;PASAJE LAS ACACIAS SITIO 10 CASA 20 BUIN.;NO TIENE;
METROPOLITANA;;;O;;13-383;14-02-1996;LAS ACHIRAS;LUIS ALFREDO ;GONZALEZ;JEREZ;M;HORTENSIA;BOJ;LAVANDA;C;P 12 AV  GABRIELA 03160;19;349908;6282858;SANTIAGO;LA PINTANA;U;MAIPO;0,500;5421290;AV. GABRIELA 03160 LA PINTANA;;
METROPOLITANA;;;O;;13-384;16-08-2001;LAS BANDURRIAS;VIVERO LAS BANDURRIAS S.A.;VIVERO LAS BANDURRIAS S.A.;VIVERO LAS BANDURRIAS S.A.;PJ;AZALEA;BOUGAINVILLEA;CRISANTEMO;C;SANTA RITA 653;19;356802;6277668;CORDILLERA;PIRQUE;U;MAIPO;1,000;2319916 / 3331441 (Santiago) (8546661 Pirque);SANTA RITA 653, PIRQUE;mcerda@lasbandurrias.com;
METROPOLITANA;;;O;;13-387;20-11-2003;LAS CARMELITAS;HECTOR ;GONZALEZ;JEREZ;M;TUJA;CAMELIA;VERONICA;C;AV. GABRIELA PONIENTE 03170;19;349964;6282858;SANTIAGO;LA PINTANA;U;MAIPO;0,500;5421311;AV.GABRIELA PONIENTE 03170;;
METROPOLITANA;;;O;;13-388;14-10-1999;LAS ESPIREAS;JOSE ;REYES;SANCHEZ;M;TULIPERO;VIBURNUM MASCANTHA;LIQUIDAMBAR. TULIPERO;C;PARCELA 29, LOTE 3A  COLONIA KENNEDY;19;338901;6252656;MAIPO;PAINE;R;MAIPO;1,000;9-9425207;UNION NORTE PARCELA 29 LOTE 3-A C. KENNEDY,PAINE;viverolasespireas@hotmail.com};
METROPOLITANA;;;O;;13-388;16-10-2008;LAS ESPIREAS;JOSE ;REYES;SANCHEZ;M;TULIPERO;VIBURNUM MASCANTHA;LIQUIDAMBAR. TULIPERO;C;PARCELA 38 LAS ROSAS COLONIA KENNEDY;19;339465;6253405;MAIPO;PAINE;R;MAIPO;1,900;9-9425207;UNION NORTE PARCELA 29 LOTE 3-A C. KENNEDY,PAINE;viverolasespireas@hotmail.com};
METROPOLITANA;;;O;;13-388;17-12-2012;LAS ESPIREAS;JOSE;REYES;SANCHEZ;M;LAUREL DE COMER;LAURENTINA;VIBURNUM. LAURENTINA. PITTOSPORUM. LIQUIDAMBAR;C;CALLE 1 PARCELA 33 COLONIA KENNEDY;19;339169;6253281;MAIPO;PAINE;R;MAIPO;1,500;9-9425207;UNION NORTE PARCELA 29 LOTE 3-A C. KENNEDY,PAINE;viverolasespireas@hotmail.com};
METROPOLITANA;;;O;;13-390;25-04-2011;LAS GEMELAS LTDA.;JUSTO ;REYES;SANCHEZ;M;VIBURNUM;TULIPERO;MADROÑO;C;PARC  30B (DEPOSITO Y CASA);19;338936;6252849;MAIPO;PAINE;U;MAIPO;1,200;8-8567427;LAS ACACIAS, PARCELA 121, COLONIA KENNEDY;lasgemelas_ltda@hotmail.com;
METROPOLITANA;;;O;;13-390;25-04-2011;LAS GEMELAS LTDA.;JUSTO ;REYES;SANCHEZ;M;VIBURNUM;TULIPERO;MADROÑO;C;PARCELA 201 B  COLONIA KENNEDY;19;340057;6249346;MAIPO;PAINE;R;MAIPO;0,750;8250556;LAS ACACIAS, PARCELA 121, COLONIA KENNEDY;lasgemelas_ltda@hotmail.com;
METROPOLITANA;;;O;;13-390;01-06-2011;LAS GEMELAS LTDA.;JUSTO;REYES;SANCHEZ;M;VIBURNUM;TULIPERO;MADROÑO;C;PARCELA 201 C  COLONIA KENNEDY;19;340057;6249346;MAIPO;PAINE;R;MAIPO;0,760;8250556;LAS ACACIAS, PARCELA 121, COLONIA KENNEDY;lasgemelas_ltda@hotmail.com;
METROPOLITANA;;;O;;13-390;10-10-2013;LAS GEMELAS LTDA.;JUSTO;REYES;SANCHEZ;M;LIQUIDAMBAR;LAURENTINA;COTONEASTER;C;UNO NORTE PARCELA 33 HOSPITAL;19;338883;6253085;MAIPO;PAINE;R;MAIPO;0,760;8250556;LAS ACACIAS, PARCELA 121, COLONIA KENNEDY;lasgemelas_ltda@hotmail.com;
METROPOLITANA;;;O;;13-390;10-07-2014;LAS GEMELAS LTDA.;JUSTO;REYES;SANCHEZ;M;LIQUIDAMBAR;LAURENTINA;COTONEASTER;C;PARCELA 32 B2 AGUILA SUR;19;338276;6246892;MAIPO;PAINE;R;MAIPO;0,760;8250556;LAS ACACIAS, PARCELA 121, COLONIA KENNEDY;lasgemelas_ltda@hotmail.com;
METROPOLITANA;;;O;;13-391;22-06-1999;LAS LILAS;ERASMO ;ESCALA ;ARANCIBIA;M;PINO;AGAPANTO;;C;CALLE MARISCAL N° 1470;19;345741;6280046;SANTIAGO;SAN BERNARDO;U;MAIPO;1,000;6516820;CASILLA 583, SAN BERNARDO;erasmo.e.a@gmail.com;
METROPOLITANA;;;O;;13-392;03-07-1987;LAS ORQUIDEAS DE LINDEROS;LUZ MARIA ;VALDERRAMA;PORTER;F;MIOSPORO;ARRAYAN;RUSCUS;C;PARCELA Nº 42  PANAM SUR LINDEROS.;19;338616;6261920;MAIPO;BUIN;R;MAIPO;0,460;8211348;;evaval3009@gmail.com;
METROPOLITANA;;;O;;13-394;08-04-2004;LAS VERTIENTES 4;JULIETA ;PALMA;JARA;F;JACARANDA;CARDENAL;LIGUSTRINA;C;LAS VERTIENTES SITIO N° 4 COLONIA  KENNEDY;19;341073;6248837;MAIPO;PAINE;R;MAIPO;0,005;9-5479899;correo hospital;agromujeres@yahoo.es;
METROPOLITANA;;;O;;13-397;23-04-1985;IITOMI;JOSE ;IITOMI;NAWANO;M;ACER ;VERONICA;LAVANDA;C;PARCELA 4 LAS AMERICAS;19;341969;6281689;MAIPO;SAN BERNARDO;U;MAIPO;0,260;5280041;CALLE OCHAGAVIA 12877, EX PARCELA 4;torocruzado@yahoo.com;
METROPOLITANA;;;O;;13-399;16-08-2006;LO HERMIDA ;GUERRA JOFRE LTDA.;GUERRA JOFRE LTDA.;GUERRA JOFRE LTDA.;PJ;LAURENTINA;SCHEFFLERA;LIGUSTRINA. ACER JAPONICO;C;CAMINO VECINAL 520  PARC 6  LOTE B  STA ELIANA;19;339177;6273275;MAIPO;SAN BERNARDO;U;MAIPO;2,000;9-8774619;VIOLETA COUSIÑO 7396 PEÑALOLEN;;
METROPOLITANA;;;O;;13-401;11-05-1981;LOS ABEDULES;SOC. JARDIN LOS ABEDULES LTDA;SOC. JARDIN LOS ABEDULES LTDA;SOC. JARDIN LOS ABEDULES LTDA;PJ;ESPIREA;BOJ;TULIPERO;C;CALLE ERRAZURIZ N° 725;19;338675;6265456;MAIPO;BUIN;U;MAIPO;0,400;8212415;SAN FELIX 725,BUIN;losabedulesdebuin@gmail.com;
METROPOLITANA;;;O;;13-402;05-02-2003;LOS AZULILLOS;GABRIELA A.;FRUGONE;DONOSO;F;CAREX;HORTENSIA;LIRIO;C;LAS HIGUERAS N°38151 EL INGENIO;19;382105;6262176;CORDILLERA;SAN JOSE DE MAIPO;U;MAIPO;0,250;8611674;LAS HIGUERAS 38151 EL INGENIO SANJOSE DE MAIPO;losazulillos@hotmail.com;2194201
METROPOLITANA;;;O;;13-404;09-08-2000;MADRE TIERRA;PAISAJISMO MADRE TIERRA LTDA.;PAISAJISMO MADRE TIERRA LTDA.;PAISAJISMO MADRE TIERRA LTDA.;PJ;PINO;BOJ;JAZMIN;C;BAJOS DE GUINDOS PARCELA 9 PARADERO 6 PANM SUR;19;339397;6268851;MAIPO;BUIN;U;MAIPO;3,000;8215090;ROSA RODRIGUEZ 1375 OFICINA 401,SANTIAGO CENTRO;madretierra@vtr.net;
METROPOLITANA;;;O;;13-406;10-08-2011;LOS JAVIERES;JAVIER A. ;BRISO;HERNANDEZ;M;DRACENA;LAVANDA;ARBUSTOS;C;PADRE HURTADO SITIO 23 ALTO JAHUEL;19;345157;6272243;MAIPO;BUIN;U;MAIPO;0,030;9351168;EL RECURSO SITIO 23 ALTO JAHUEL,BUIN;jardinlosjavieres@hotmail.com;
METROPOLITANA;;;O;;13-407;31-03-1989;LOS LAURELES;SUSANA ;BRAVO;CONTRERAS;F;ROSAL;LAUREL DE FLOR;TULIPERO;C;PARCELA N°52 FCO  JAVIER KRUGER LINDEROS;19;339086;6261652;MAIPO;BUIN;U;MAIPO;0,400;9-3716619;PARCELA 3 LINDEROS,BUIN;NO TIENE;
METROPOLITANA;;;O;;13-408;21-06-1989;LOS OLMOS;GERARDO ;VILLABLANCA;MONDACA;M;VERONICA;BEGONIA;ROSAL;C;LOS OLMOS 2568 VILLA LA PINTANA;19;347981;6278543;SANTIAGO;LA PINTANA;U;MAIPO;0,400;8521249;LOS OLMOS 2568 VILLA LA PINTANA;NO TIENE;
METROPOLITANA;;;O;;13-409;22-05-1991;LOS QUELTEHUES;TROC AREAS VERDES LTDA.;TROC AREAS VERDES LTDA.;TROC AREAS VERDES LTDA.;PJ;LAUREL DE COMER;EVONIMO;LIQUIDAMBAR. TULIPERO;C;PARCELA Nº 5  EX FUNDO SAN LEON  NOS;19;344990;6276455;MAIPO;SAN BERNARDO;U;MAIPO;0,500;8573481;PORTUGAL 373 OFIC.201,SANTIAGO;troc@riegos.cl;
METROPOLITANA;;;O;;13-410;17-10-2001;LOS ROSALES DEL RULO;JOSE MANUEL ;GARATE;MANZOR;M;ROSAL;LIQUIDAMBAR;AGAPANTO;C;SITIO N°8 CAMINO PADRE HURTADO;19;345161;6272106;MAIPO;BUIN;U;MAIPO;0,600;9-7319367;SITIO N°8 CAMINO PADRE HURTADO;NO TIENE;
METROPOLITANA;;;O;;13-410;17-10-2001;LOS ROSALES DEL RULO;JOSE MANUEL;GARATE;MANZOR;M;ROSAL;LIQUIDAMBAR;AGAPANTO;C;CAMINO PADRE HURTADO 5219 SITIO 7;19;344786;6271046;MAIPO;BUIN;U;MAIPO;0,600;9-7319367;SITIO N°8 CAMINO PADRE HURTADO;NO TIENE;
METROPOLITANA;;;O;;13-411;22-11-1984;LUDWIG SEHRT;LUDWIG;SEHRT;CANDIA;M;ROSAL;CACTUS;COLIGUE;C;PARCELA Nº 30 KM  40 P  SUR- LINDEROS;19;338622;6261921;MAIPO;BUIN;U;MAIPO;0,150;8219420;PARCELA 30 LINDEROS,BUIN;NO TIENE;
METROPOLITANA;;;O;;13-412;14-07-2003;MADRE FLOR;RAQUEL ;PINO;MARTINEZ;F;CLAVELINA;DALIA;PETUNIA;C;PARC  153  HOSPITAL;19;340169;6249901;MAIPO;PAINE;U;MAIPO;0,100;8250240;PARCELA 153 HOSPITAL (AZUFRADERO) PAINE;NO TIENE;
METROPOLITANA;;;O;;13-414;21-02-2002;MARISOL;TULIO ;POBLETE;MILLAN;M;VIBURNUM;CORONA DEL POETA;LAUREL DE FLOR;C;PARCELA 7 AGUILA NORTE;19;327617;6250431;MAIPO;PAINE;R;MAIPO;1,000;2593182;PARCELA 29, COLONIA KENNEDY;NO TIENE;
METROPOLITANA;;;O;;13-414;02-12-1999;MARISOL;TULIO;POBLETE;MILLAN;M;VIBURNUM;CORONA DEL POETA;LAUREL DE FLOR;C;PARC 29   COLONIA KENNEDY;19;338862;6252524;MAIPO;PAINE;R;MAIPO;1,000;2593182;PARCELA 29, COLONIA KENNEDY;NO TIENE;
METROPOLITANA;;;O;;13-414;12-03-2007;MARISOL;TULIO ;POBLETE;MILLAN;M;VIBURNUM;CORONA DEL POETA;LAUREL DE FLOR;C;PARC 139  COLONIA KENNEDY;19;339352;6250378;MAIPO;PAINE;R;MAIPO;1,000;2593182;PARCELA 29, COLONIA KENNEDY;NO TIENE;
METROPOLITANA;;;O;;13-417;01-06-1994;MONICA ;JUAN ;TOLEDO;DIAZ;M;CARDENAL;HEBE;BOJ;C;GARCIA N° 540  MAIPO (PRODUCCION);19;336410;6267247;MAIPO;BUIN;R;MAIPO;9,000;8212875;CASILLA105 BUIN;;
METROPOLITANA;;;O;;13-417;16-05-1995;MONICA ;JUAN ;TOLEDO;DIAZ;M;CARDENAL;HEBE;BOJ;C;PANAMERICANA SUR KM 32  GUINDOS (SALA DE VENTA);19;340159;6268288;MAIPO;BUIN;R;MAIPO;0,200;8212875;CASILLA105 BUIN;;
METROPOLITANA;;;O;;13-420;08-10-1996;OTOÑAL;CRISTIAN ;GUERRA;PIMSTEIN;M;EVONIMO;CORONA DEL POETA;BOJ;C;PARCELA 8 PINTUE;19;326901;6250697;MAIPO;PAINE;R;MAIPO;1,000;2151854 / 2203126;LOS MOLINOS 8948;NO TIENE;
METROPOLITANA;;;O;;13-422;09-10-2013;PASO NEVADO;ANGELICA ;HERNANDEZ;BARRA;F;SCHEFFLERA;AGAPANTO;LIGUSTRINA;C;PARCELA 40 LOTE 4 LAS CANOAS;19;346487;6274903;MAIPO;BUIN;R;MAIPO;0,500;7-8187185;PARCELA 40 LAS CANOAS CAMINO A PIRQUE BUIN;NO TIENE;
METROPOLITANA;;;O;;13-424;19-06-1985;PLANTAS MEYER;PEDRO ;GARCIA;ASENJO;M;TULIPERO;LIQUIDAMBAR;CIPRES;C;PANAM. SUR KM  33 PARCELA 9 GUINDOS;19;339962;6267690;MAIPO;BUIN;R;MAIPO;2,500;8243485;;contacto@plantasmeyer.cl;
METROPOLITANA;;;O;;13-427;19-03-1993;RAUL E HIJO;RAUL ;ARCE;MENESES;M;BOJ;ROBLE;QUILLAY;C;CERRO PUQUINTICA 56 LO HERRERA;19;337866;6272975;MAIPO;SAN BERNARDO;U;MAIPO;0,050;82738145;;NO TIENE;
METROPOLITANA;;;O;;13-429;05-02-1985;RODOLFO;BERTA ;REICHART;ZAHLHAAS;F;SCHEFFLERA;LIQUIDAMBAR;BOJ;C;P 13-A LAS PERDICES;19;356138;6290014;SANTIAGO;LA FLORIDA;U;MAIPO;0,300;2854574;MARIA CRISTINA 6955 LAS PERDICES , LA FLORIDA;NO TIENE;
METROPOLITANA;Ft;;O;;13-432;01-05-1997;LO JELVEZ  ;SILVIA ;CACERES;ACEVEDO;F;CIRUELO;DURAZNERO;NOGAL;C;PARC 123 KM 40 ;19;337846;6260557;MAIPO;PAINE;R;MAIPO;4,000;9-5491459;CALLE GARCIA 278, MAIPO;vivero.lojelvez@live.com;
METROPOLITANA;Ft;;O;;13-432;23-09-2014;LO JELVEZ  ;SILVIA ;CACERES;ACEVEDO;F;CIRUELO;MEMBRILLERO;NOGAL;C;PARCELA 4 LOTE B-2 SECTOR LAS VERTIENTES VILUCO;19;331917;6256565;MAIPO;BUIN;R;MAIPO;0,350;9-3707396;CALLE GARCIA 278, MAIPO;vivero.lojelvez@live.com;
METROPOLITANA;;;O;;13-435;24-09-1984;SAN FELIPE;ELADIO;ROA;MUÑOZ;M;LAUREL DE COMER;PRUNUS;VERONICA;C;PANAM  SUR KM 32 GUINDOS;19;340178;6268659;MAIPO;BUIN;R;MAIPO;1,500;8212632;LA PALOMA N° 15 MAIPO;jardinsanfelipe@live.cl;
METROPOLITANA;;;O;;13-436;19-03-1999;SAN FELIPE DE LINDEROS;LUIS ;ALBORNOZ;REVECO;M;LIQUIDAMBAR;ROSAL;PITTOSPORUM;C;PARC 89  CERRILLOS DE BUIN  LINDEROS;19;339500;6262646;MAIPO;BUIN;U;MAIPO;1,000;8214130;PARCELA 89 CAMINO CERRILLOS BUIN;;
METROPOLITANA;;;O;;13-436;30-07-2007;SAN FELIPE DE LINDEROS;LUIS;ALBORNOZ;REVECO;M;LIQUIDAMBAR;ROSAL;PITTOSPORUM;C;PARC  85-86-87 LOTE 16  LOS JARDINES  LINDEROS;19;340772;6262423;MAIPO;BUIN;U;MAIPO;3,000;8214130;PARCELA 89 CAMINO CERRILLOS BUIN;;
METROPOLITANA;;;O;;13-437;21-11-1984;SAN FRANCISCO;JARDIN SAN FRANCISCO LTDA.;JARDIN SAN FRANCISCO LTDA.;JARDIN SAN FRANCISCO LTDA.;PJ;BERBERIS;PITTOSPORUM TOBIRA;ALCORNOQUE;C;P. 12 GUINDOS  PANAM. SUR KM  30;19;334266;6263243;MAIPO;BUIN;R;MAIPO;0,500;8211565;P. 12 GUINDOS, PANAM. SUR KM. 30;jardinsanfrancisco@viveroschile.cl;
METROPOLITANA;;;O;;13-440;01-04-1987;SAN JOSE   ;JOSE ARNOLDO ;DURAN;DURAN;M;ABETO;AGAPANTO;LIGUSTRINA;C;RIO MAIPO PARCELA 1 (SALA DE VENTA)  PANAMERICANA SUR KM 28;19;339991;6272033;MAIPO;SAN BERNARDO;U;MAIPO;0,000;2-8575015;PARCELA 3 LOTE 5;luismartinezgalvez@gmail.com;
METROPOLITANA;;;O;;13-440;13-04-1987;SAN JOSE  ;JOSE ARNOLDO ;DURAN;DURAN;M;ABETO;AGAPANTO;LIGUSTRINA;C;PARCELA N°3  LOTE Nº 5   LO INFANTE;19;340431;6275032;MAIPO;SAN BERNARDO;U;MAIPO;1,500;2-8575015;PARCELA 3 LOTE 5;luismartinezgalvez@gmail.com;
METROPOLITANA;;;O;;13-440;07-07-2014;SAN JOSE  ;JOSE ARNOLDO ;DURAN;DURAN;M;PALMERA;LIQUIDAMBAR;ACER JAPONICO;C;CHACRA SANTA FLORA CAMINO EL BARRANCON 6001;19;339919;6275010;MAIPO;SAN BERNARDO;R;MAIPO;2,000;2-8575015;PARCELA 3 LOTE 5;luismartinezgalvez@gmail.com;
METROPOLITANA;;;O;;13-441;05-05-2006;SAN LUIS;LUIS ;GONZALEZ;MUÑOZ;M;DRACENA;ROSAL;LIQUIDAMBAR. TULIPERO;C;AV  EL CERRILLO Nº 671  PARC.7;19;339578;6262339;MAIPO;BUIN;U;MAIPO;0,500;8-2516462;;;
METROPOLITANA;;;O;;13-442;12-01-1999;SAN LUIS DE LA PINTANA;JOSE;AROCA;SALINAS;M;SEFIRANTO;ASTER;CUBRESUELO;C;TUCAPEL N° 2400;19;348212;6282154;SANTIAGO;LA PINTANA;U;MAIPO;0,500;5421508;TUCAPEL 2400, LA PINTANA;jardin_san_luis@hotmail.com;
METROPOLITANA;;;O;;13-443;01-07-2000;SAN NICOLAS;MARIA ;REYES;SANCHEZ;F;ROSAL;LAURENTINA;;C;PARCELA 32 E COLONIA KENNEDY;19;338911;6253290;MAIPO;PAINE;R;MAIPO;0,100;;;;
METROPOLITANA;;;O;;13-444;28-01-2011;SAN SEBASTIAN;CLEMENTINA ;FLORES;GUERRA;F;LIQUIDAMBAR;LAURENTINA;BOJ;C;SANTA ROSA 11315 CAMPUS ANTUMAPU U  DE CHILE;19;348235;6284762;SANTIAGO;LA PINTANA;U;MAIPO;0,060;3192263;CONSISTORIAL 6100, PEÑALOLEN;;
METROPOLITANA;;;O;;13-445;02-05-2003;SAN SEBASTIAN;VIVERO SAN SEBASTIAN LTDA.;VIVERO SAN SEBASTIAN LTDA.;VIVERO SAN SEBASTIAN LTDA.;PJ;CAMELIA;HORTENSIA;FEIJOA;C;SANTA FILOMENA DE VILUCO;19;333624;6259545;MAIPO;BUIN;R;MAIPO;8,000;8211632;LAS CASAS SANTA FILOMENA S/N DE VILUCO, BUIN;;8211632
METROPOLITANA;;;O;;13-447;05-09-2005;SANTA CAROLINA;JUAN ;GONZALEZ;CORDERO;M;ROSAL;;;C;PARC 2  LA ESPERANZA - MONASTERIO  (CASA);19;339449;6262534;MAIPO;BUIN;U;MAIPO;2,000;2590498;PARC 2, LA ESPERANZA - MONASTERIO, BUIN;;
METROPOLITANA;;;O;;13-448;28-06-1985;SANTA SUSANA;RAUL MARIO ;VILCHES;HERRERA;M;ROSAL;LAUREL DE FLOR;DRACENA;C;TTE. MERINO 208 LINDEROS;19;339543;6262913;MAIPO;BUIN;R;MAIPO;1,000;8214130;TENIENTE MERINO 208 BUIN;vilches17@gmail.com;
METROPOLITANA;;;O;;13-448;15-09-2014;SANTA SUSANA;RAUL MARIO ;VILCHES;HERRERA;M;ROSAL;;;C;PARCELA 42 PANAMERICANA SUR LINDEROSD;19;338617;6261980;MAIPO;BUIN;R;MAIPO;1,600;2-8214130;TENIENTE MERINO 208 BUIN;vilches17@gmail.com;
METROPOLITANA;;;O;;13-453;18-08-2003;SOL NACIENTE;PALOMA ;RAMIREZ;ESTRADA;F;CARDENAL;LAUREL DE FLOR;LAVANDA;C;PARCELA 39  LAS CANOAS;19;346813;6275255;MAIPO;BUIN;R;MAIPO;0,500;8211934;PARCELA 40 BUIN;;
METROPOLITANA;;;O;;13-457;24-10-2005;VICAM;VICTOR ;CANDIA;MENESES;M;LIQUIDAMBAR;DRACENA;MADROÑO;C;PARCELA 13 LINDEROS;19;339970;6262748;MAIPO;BUIN;R;MAIPO;0,200;8210500;PARCELA 13 LINDEROS,BUIN;vicam_chile@hotmail.com;
METROPOLITANA;;;O;;13-459;01-09-2000;LA ESPERANZA;ROSA DEL CARMEN ;MENDEZ;BRIONES;F;CRESPON;DRACENA;TULIPERO;C;CALLE LAS ROSAS, PARCELA 41, COLONIA KENNEDY;19;339511;6252874;MAIPO;PAINE;R;MAIPO;0,300;9-3680179;CALLE LAS ROSAS, PARCELA 41, COLONIA KENNEDY;NO TIENE;
METROPOLITANA;;Fo;O;;13-460;26-01-1995;MUNICIPALIDAD DE LA PINTANA;MUNIC. LA PINTANA;MUNIC. LA PINTANA;MUNIC. LA PINTANA;PJ;FUCSIA;QUILLAY;;C;SANTA ROSA N° 12975;19;348658;6282698;SANTIAGO;LA PINTANA;U;MAIPO;0,500;23896683;SANTA ROSA N° 12975;pbravo.vivero@gmail.com;
METROPOLITANA;Ft;;O;;13-461;01-02-2010;XIMENA;EDUARDO ;SILVA;ZUÑIGA;M;ROSAL;VERONICA;;C;LOS GUINDOS 3624 LOS TILOS;19;343276;6268420;MAIPO;BUIN;R;MAIPO;0,500;9-7535455;LOS GUINDOS 3624, LOS TILOS BUIN;NO TIENE;
METROPOLITANA;Ft;;O;;13-461;03-06-2014;XIMENA;EDUARDO ;SILVA;ZUÑIGA;M;ROSAL;VERONICA;;C;PARADERO 6 KM 32 RUTA 5 SUR LOS GUINDOS;19;339291;6268184;MAIPO;BUIN;R;MAIPO;1,000;9-7535455;LOS GUINDOS 3624, LOS TILOS BUIN;NO TIENE;
METROPOLITANA;Ft;;O;;13-464;26-11-1996;DURACOR GARDEN;JORGE ;CORRALES;PEZOA;M;VERONICA;LAVANDA;HIEDRA;C;CLEMENTE DIAZ 114 MAIPO;19;334246;6263396;MAIPO;BUIN;U;MAIPO;0,800;8246212;CLEMENTE DIAZ 114 BUIN;jduracor@hotmail.com;
METROPOLITANA;Ft;;O;;13-464;18-01-2010;DURACOR GARDEN;JORGE ;CORRALES;PEZOA;M;NOGAL;;;C;PARC.EL QUILLAY CAM.MAIPO VILUCO Nº 2117;19;334265;6263371;MAIPO;BUIN;U;MAIPO;0,150;8246212;CLEMENTE DIAZ 114 BUIN;jduracor@hotmail.com;
METROPOLITANA;;Fo;O;;13-468;24-11-2005;ZETA ZETA;CARLOS ;ZUÑIGA;ZAMORANO;M;EUCALYPTUS;PINO;LIGUSTRINA;C;PRAT 335  MAIPO;19;334933;6266118;MAIPO;BUIN;U;MAIPO;0,025;8211405;PRAT 335, MAIPO;;
METROPOLITANA;Ft;;O;;13-469;17-08-2006;EL PASTOR;EDUARDO;SHEPHERD;CORTES;M;PPM;;;C;BELLAVISTA 207 (PPM);19;334594;6265876;MAIPO;BUIN;R;MAIPO;0,100;9-7004088 / 6773468;;eduardoshepherd@estacioncentral.cl;
METROPOLITANA;Ft;;;;13-470;01-06-2007;EL NOGAL;AGRICOLA EL NOGAL S.A;AGRICOLA EL NOGAL S.A;AGRICOLA EL NOGAL S.A;PJ;NOGAL;;;C;PARC 11  CRUZ DEL SUR;19;344173;6264331;MAIPO;BUIN;R;MAIPO;1,200;8212408;TENIENTE MERINO 3780, BUIN;tlichile@yahoo.com;
METROPOLITANA;;;O;;13-471;03-11-2011;VIVERO DE LOS ANGELES;SEGUNDO ;CONTRERAS;GUAJARDO;M;CRATEGUS;ACER;;C;LO MORALES 70  MAIPO;19;335014;6267505;MAIPO;BUIN;U;MAIPO;0,060;5177055;PASAJE LAUTARO 177, MAIPO;scontreras2011@gmail.com;
METROPOLITANA;;;O;;13-471;12-11-2012;VIVERO DE LOS ANGELES;SEGUNDO ;CONTRERAS;GUAJARDO;M;CRATEGUS;ACER;;C;LO MORALES S/N  MAIPO;19;335011;6266512;MAIPO;BUIN;U;MAIPO;0,035;5177055;PASAJE LAUTARO 177, MAIPO;scontreras2011@gmail.com;
METROPOLITANA;Ft;;O;;13-475;05-06-1986;SACRAMENTO 2;AGRICOLA  SACRAMENTO LTDA;AGRICOLA  SACRAMENTO LTDA;AGRICOLA  SACRAMENTO LTDA;PJ;DURAZNERO;NOGAL;CIRUELO;C;QUINTA MAIPO SUR;19;333688;6263610;MAIPO;BUIN;R;MAIPO;0,000;2-8211416;CASILLA 56 BUIN;gberriosh@gmail.com;
METROPOLITANA;Ft;;O;;13-475;04-09-2014;SACRAMENTO 2;AGRICOLA  SACRAMENTO LTDA;AGRICOLA  SACRAMENTO LTDA;AGRICOLA  SACRAMENTO LTDA;PJ;DURAZNERO;NOGAL;CIRUELO;C;LOTE 1 2 3 Y 4 HIJUELA B FUNDO LAS MERCEDES CAMINO EL ARPA;19;342742;6266112;MAIPO;BUIN;R;MAIPO;0,000;2-8211416;CASILLA 56 BUIN;gberriosh@gmail.com;
METROPOLITANA;;;O;;13-477;25-11-1996;SAN SEBASTIAN DE BUIN;PATRICIA ;LUENGO;BARRIGA;F;LIQUIDAMBAR;VERONICA;ROSAL;C;VILLASECA 283;19;333618;6264096;MAIPO;BUIN;U;MAIPO;1,000;8214049 / 8220652;VILLASECA 283;patricia_luengob@hotmail.com;
METROPOLITANA;Ft;;O;;13-484;31-08-2011;SAN PANCRACIO;RUBY ;MEDINA;SILVA;F;CIRUELO;NOGAL;PERAL;C;JAVIERA CARRERA 1274;19;335847;6267042;MAIPO;BUIN;U;MAIPO;0,500;8212010;LA PALOMA 5 MAIPO;viverosanpancracio@gmail.com;
METROPOLITANA;Ft;;O;;13-485;11-10-2006;CRIAFRUT;JOSE GUILLERMO ;NAVARRO;CRUZ;M;CIRUELO;DRACENA;;C;PARCELA MARIA DE LOS ANGELES s/n;19;332564;6262754;MAIPO;BUIN;R;MAIPO;1,500;8214205;CAMINO BUIN-MAIPO Nº258 PARADERO 10;jnc1973@hotmail.com;
METROPOLITANA;Ft;;O;;13-532;28-08-2007;MACHUCA;VICTOR ;MACHUCA;LOPEZ;M;CIRUELO;NOGAL;PERAL;C;SALVATIERRA S/N  MAIPO;19;336073;6267146;MAIPO;BUIN;R;MAIPO;0,500;7-7240342;LOS CEIBOS 0388, BUIN;victormaquinas@hotmail.com;
METROPOLITANA;Ft;;;;13-544;26-02-2007;GESEX S.A.;EXPORTADORA GESEX S.A.;EXPORTADORA GESEX S.A.;EXPORTADORA GESEX S.A.;PJ;;;;A;LA HORNILLA DE CULLIPEUMO (SOLO PPM);19;333652;6254936;MAIPO;PAINE;R;MAIPO;0,000;3557355;RUTA 5 SUR N°5018, KM 38, BUIN;cullipeumo@lahornilla.cl;
METROPOLITANA;;;O;;13-545;31-03-2008;ESPACIO VERDE;JAIME ;POBLETE;VASQUEZ;M;CRATEGUS;TULIPERO;ACER ;C;PARACELA 7  AGUILA NORTE;19;327617;6250431;MAIPO;PAINE;R;MAIPO;0,650;8242182;PARCELA 32, LOTE A 1-2, HOSPITAL, PAINE;;
METROPOLITANA;;;O;;13-545;03-03-2014;ESPACIO VERDE;JAIME ;POBLETE;VASQUEZ;M;PITTOSPORUM;LAUREL;VERONICA;C;PARACELA 9  AGUILA NORTE;19;337650;6249034;MAIPO;PAINE;R;MAIPO;1,000;8242182;PARCELA 32, LOTE A 1-2, HOSPITAL, PAINE;;
METROPOLITANA;Ft;;;;13-547;21-03-2007;LOS TRONCOS;FERNANDO ;PEÑA;PEREZ;M;NOGAL;;;C;PARCELA SAN LORENZO N°2;19;331830;6262967;MAIPO;BUIN;R;MAIPO;0,100;8240021;PARCELA SAN LORENZO N°2, BUIN;lostroncos.1@gmail.com, carlos.pena@conaf.cl;
METROPOLITANA;;Fo;O;;13-559;12-06-2012;JARDIN VIOMICH;GUILLERMO;ZUMELZU;IBARRA;M;LIQUIDAMBAR;LIGUSTRINA;;C;GILDA DIAZ PARCELA 285-A;19;338261;6255733;MAIPO;PAINE;R;MAIPO;0,500;8-4531209;PSJE JORGE PAVEZ 600 POBLACIÓN JOSÉ CALDERON 2, PAINE;jardinviomich@gmail.com;
METROPOLITANA;Ft;;;;13-560;06-07-2011;LA UNION;MIGUEL ;SALAZAR;SERRANO;M;NOGAL;;;C;PARCELA N° 8 PIRQUE (RUCAMAPU);19;351236;6273780;CORDILLERA;PIRQUE;R;MAIPO;0,500;9-3332026;PATRICIO GANA LYON 0117 PIRQUE;vivero@ruca.tie.cl;
METROPOLITANA;;Fo;O;;13-563;26-07-2007;ANDREITA;ROBERTO ;GUAJARDO;MARIN;M;EUCALYPTUS;LIQUIDAMBAR;;C;SAN IGNACIO 210  LOTE 1;19;335266;6265742;MAIPO;BUIN;U;MAIPO;0,500;8211603;SAN IGNACIO 312;NO TIENE;
METROPOLITANA;Ft;;;;13-564;30-07-2007;AGRICOLA VIDAL;AGRICOLA VIDAL LTDA.;AGRICOLA VIDAL LTDA.;AGRICOLA VIDAL LTDA.;PJ;CEREZO;NOGAL;ALMENDRO;C;FUNDO CASAS DE CATEMITO S/N;19;339558;6279689;MAIPO;SAN BERNARDO;U;MAIPO;6,000;9-8410843;BARROS ARANA 981 CASA 90, SAN BERNARDO;svidal526@hotmail.com;
METROPOLITANA;;;O;;13-565;06-08-2007;JARDIN Y VIVERO TATITA;ADRIANES;MOLINA;RUIZ;F;BOJ;LAURENTINA;CUBRESUELO. AGAPANTO;C;TUCAPEL 2265 PARADERO 39 STA  ROSA;19;347755;6282178;SANTIAGO;LA PINTANA;U;MAIPO;0,900;9-4254854;TUCAPEL 2265 PARADERO 39 STA. ROSA, LA PINTANA;NO TIENE;
METROPOLITANA;;Fo;O;;13-566;17-08-2007;SANTA CATALINA;PATRICIO ;CONTRERAS;GUAJARDO;M;CRATEGUS;PINO;LIGUSTRINA;C;FELIPE DE NERY 391  MAIPO;19;335156;6265845;MAIPO;BUIN;R;MAIPO;0,180;2590540;FELIPE DE NERY 391, MAIPO;maga_navarro@hotmail.com;
METROPOLITANA;Ft;;;;13-577;03-09-2007;SANTA GLORIA;PEDRO PABLO ;VIAL;GARRIDO;M;NOGAL;;;C;HIJUELA ORIENTE A FUNDO LOS TILOS;19;343081;6268858;MAIPO;BUIN;R;MAIPO;0,500;8212122;CAMINO LOS TILOS 450, BUIN;pedropablo.vial@gmail.com;
METROPOLITANA;;Fo;O;;13-579;02-10-2007;JARDIN LAGUNA;SARA;PAREDES;GONZALEZ;F;PEUMO;BRACHICHITO;PINO. PAQUERETTE. PIMIENTO;C;AV  MIGUEL LETELIER PARC 15  PINTUE;19;326644;6250542;MAIPO;PAINE;R;MAIPO;0,100;9-3769612;AV. MIGUEL LETELIER PARC 15, PINTUE;NO TIENE;
METROPOLITANA;;Fo;O;;13-585;12-10-2007;SAN BENJAMIN;RIGOBERTO ;TORO;LOPEZ;M;MAGNOLIO;DRACENA;PINO;C;CALLE LOS PINOS 65  HOSPITAL;19;340492;6252097;MAIPO;PAINE;R;MAIPO;1,500;9-1953613;LOS PINOS 65 C.KENNEDY. PAINE;;
METROPOLITANA;;Fo;O;;13-585;12-10-2007;SAN BENJAMIN;RIGOBERTO ;TORO;LOPEZ;M;MAGNOLIO;DRACENA;PINO;C;CALLE LA ARMONIA  PARCELA 51 HOSPITAL;19;338004;6252461;MAIPO;PAINE;R;MAIPO;0,700;;LOS PINOS 65 C.KENNEDY. PAINE;;
METROPOLITANA;;Fo;O;;13-586;05-01-2010;LAS VERTIENTES UNO;CHRISTIAN ;GARATE;INOSTROZA;M;ROSAL;AGAPANTO;;C;PANAM. SUR  KM 32  PARADERO 6;19;339617;6268416;MAIPO;BUIN;R;MAIPO;1,000;9-8277007;CAMINO LA OBRA 902,BUIN;cgarate@viverogarate.cl;
METROPOLITANA;;;;V;13-588;18-10-2007;VIVERO AGRO UC;FUNDACION AGRO UC;FUNDACION AGRO UC;FUNDACION AGRO UC;PJ;VID;;;C;AV ALCALDE HERNAN PRIETO 3285;19;351307;6272937;CORDILLERA;PIRQUE;U;MAIPO;0,210;6864168;AVENIDA ALCALDE HERNAN PRIETO 3285, PIRQUE;antoniocerda78@hotmail.com;
METROPOLITANA;;Fo;;;13-589;19-10-2007;EL ESPINO;FERNANDO ;MACHUCA;ABARCA;M;ROSAL;LIQUIDAMBAR;TULIPERO;C;SANTA FILOMENA 4881 ESQ  SAN ANDRES;19;340032;6272093;MAIPO;SAN BERNARDO;U;MAIPO;0,500;8576123;SANTA FILOMENA SITIO 63-A NOS;NO TIENE;
METROPOLITANA;;Fo;O;;13-590;01-10-2007;SANTA BERTA;PATRICIA ;FIGUEROA;LEON;F;TULIPERO;LIQUIDAMBAR;LAURENTINA;C;PARCELA A-2 HIJ  SEXTA SANTA ELIANA DE LA ESTANCILLA;19;340418;6272688;MAIPO;SAN BERNARDO;R;MAIPO;1,500;8-5771441;AV. LO MORENO 468 EL BOSQUE;NO TIENE;
METROPOLITANA;Ft;;O;;13-596;26-12-2007;EL PORVENIR;JORGE ;GONZALEZ;FERNANDEZ;M;VID ;CAQUI;;C;LOS LIBERALES 615  VALDIVIA DE PAINE;19;327353;6257667;MAIPO;BUIN;U;MAIPO;0,500;8240951;LOS LIBERALES 620, VALDIVIA DE PAINE, BUIN;NO TIENE;
METROPOLITANA;Ft;;O;;13-596;11-09-2013;EL PORVENIR;JORGE ;GONZALEZ;FERNANDEZ;M;VID;;;C;BENJAMIN MOLINA RAMOS;19;328104;6257144;MAIPO;BUIN;R;MAIPO;0,500;;LOS LIBERALES 620, VALDIVIA DE PAINE, BUIN;NO TIENE;
METROPOLITANA;;;O;;13-597;09-11-2007;EL ESFUERZO;SAUL ;GONZALEZ;GALARCE;M;LAVANDA;VERONICA;LAUREL;C;JUAN PABLO II PARCELA 107 LOTE 2 E;19;340841;6251149;MAIPO;PAINE;R;MAIPO;0,700;28242756;CONCEPCION 635, PAINE;NO TIENE;
METROPOLITANA;;;O;;13-597;05-09-2013;EL ESFUERZO;SAUL ;GONZALEZ;GALARCE;M;LAVANDA;VERONICA;PINO NIGRICANS;C;PARCELA 145 CHADA HOSPITAL;19;340847;6251156;MAIPO;PAINE;R;MAIPO;1,000;8242756;CONCEPCION 635, PAINE;NO TIENE;
METROPOLITANA;Ft;;;;13-604;01-03-2008;D'ANAGRI;AGRICOLA Y COMERCIAL D'ANAGRI E.I.R.L.;AGRICOLA Y COMERCIAL D'ANAGRI E.I.R.L.;AGRICOLA Y COMERCIAL D'ANAGRI E.I.R.L.;PJ;OLIVO;NOGAL;MANZANO. PERAL. PALTO;C;PARCELA DUQUE CALLE LA 27;19;348587;6259272;MAIPO;PAINE;R;MAIPO;4,000;9-74506308;CAMINO LA OBRA PARCELA 24 A 2, BUIN;danagri@danagri.cl;
METROPOLITANA;;;O;;13-605;23-01-2014;VIVERO FABIOLA (EX MONTSERRAT);ROSA INES ;AREVALO;GONZALEZ;F;HIEDRA;AGAPANTO;VERONICA. NANDINA. TULIPERO;C;FRANCISCO JAVIER KRUGGER 46;19;339263;6263058;MAIPO;BUIN;U;MAIPO;0,500;9-9369178;AV. KENNEDY 925;NO TIENE;
METROPOLITANA;;;O;;13-606;17-03-2008;SANTA ELBA;EFRAIN GUILLERMO ;MUÑOZ;SANCHEZ;M;PHOENIX;TRACHICARPUS;;C;ERRAZURIZ 797;19;338674;6265377;MAIPO;BUIN;U;MAIPO;0,200;8-8448736;ERRAZURIZ 797 BUIN;efrain.guillermo@hotmail.com;
METROPOLITANA;Ft;;;;13-610;21-04-2008;EL CARMELO;AGRICOLA SANTA AMELIA;AGRICOLA SANTA AMELIA;AGRICOLA SANTA AMELIA;PJ;CEREZO;PERAL;VID;C;VILLASECA 2115;19;336147;6265810;MAIPO;BUIN;U;MAIPO;1,000;8213255;VILLASECA 2115, BUIN;cguajardo@greentree.cl;8215818
METROPOLITANA;;Fo;O;;13-611;02-05-2008;BOSQUE NATIVO;MARIANELA;BELMAR;MONTERO;F;CANELO;QUILLAY;PATAGUA.BOLDO.PEUMO;C;PARCELA 10B ENSENADA, AGUILA SUR;19;337248;6246102;MAIPO;PAINE;R;MAIPO;0,050;8-9219132;PARCELA 10B ENSENADA, AGUILA SUR;NO TIENE;
METROPOLITANA;;;O;;13-613;07-05-2008;MADERO VIVEROS;PAULINA ;GUTIERREZ;QUINTUL;F;AGAPANTO;VERONICA;CUBRESUELO;C;TUCAPEL 2615;19;348523;6282130;SANTIAGO;LA PINTANA;U;MAIPO;0,500;8-4645904;TUCAPEL 2615, LA PINTANA;maderoviveros@hotmail.com;
METROPOLITANA;Ft;;O;;13-615;13-11-2009;NUEVA ESPERANZA;MARIO ;CASTRO;ESCOBAR;M;NOGAL;;;C;EL CERRILLO N°6  HIJUELA TERCERA O PARCELA 13 SAN JORGE LINDEROS;19;342167;6262406;MAIPO;BUIN;R;MAIPO;1,000;9-5643008;VILLA CLOTARIO BLEST 25;mariocastroescobar008@hotmail.com;
METROPOLITANA;Ft;;O;;13-615;20-08-2013;NUEVA ESPERANZA;MARIO ;CASTRO;ESCOBAR;M;NOGAL;;;C;PARCELA 13 LOTE B EL CERRILLO;19;342273;6262555;MAIPO;BUIN;R;MAIPO;1,000;9-5643008;VILLA CLOTARIO BLEST 25;mariocastroescobar008@hotmail.com;
METROPOLITANA;;;O;;13-619;01-08-2008;LENFUN RAYEN;FRANCISCO GABRIEL ;VILLASECA;SOZA;M;LAUREL DE FLOR;HORTENSIA;PINO. LIQUIDAMBAR. OLIVO;C;LAS TORCAZAS PARCELA 5 ABRANTES;19;330198;6252305;MAIPO;PAINE;U;MAIPO;0,500;9-9696669;EL RECURSO, CASA 6 B, BUIN;;
METROPOLITANA;;;O;;13-622;27-09-2011;JARDIN PAUCHARD;JAIME ;COFRE;TURRA;M;HIEDRA;VINCA;BACOPA. CUBRESUELO;C;PARCELA 30 HIJUELA LARGA S/N KM 42  RUTA 5 SUR;19;338393;6259872;MAIPO;PAINE;U;MAIPO;0,500;9-2672038;PARCELA 30 HIJUELA LARGA S/N KM 42  RUTA 5 SUR;jardin-pauchard@hotmail.com;
METROPOLITANA;;;O;;13-623;26-08-2008;RENACER;DESIDERIO ;ARAVENA;GARRIDO;M;LAURENTINA;VIBURNUM;VERONICA. LIQUIDAMBAR;C;CALLE 1 NORTE  P 32 COLONIA KENNEDY;19;338952;6253233;MAIPO;PAINE;R;MAIPO;0,300;7-4921608;CALLE 1 NORTE, PARCELA 32, COLONIA KENNEDY, PAINE;;
METROPOLITANA;;;O;;13-624;27-08-2008;JULIETA;MARITZA;ZUÑIGA;ZAMORANO;M;LIQUIDAMBAR;LAUREL DE FLOR;PINO. ACER;C;CONDOMINIO LA CAPILLA  PARCELA 2  CAMPUSANO;19;331831;6260404;MAIPO;BUIN;R;MAIPO;1,000;28246702;CONDOMINIO LA CAPILLA, PARCELA 2 CAMPUSANO,BUIN;viverosjulieta@gmail.com;
METROPOLITANA;;;O;;13-624;27-08-2008;JULIETA;MARITZA;ZUÑIGA;ZAMORANO;M;LIQUIDAMBAR;;;C;CONDOMINIO LA CAPILLA  PARCELA 1  CAMPUSANO;19;331840;6260344;MAIPO;BUIN;R;MAIPO;0,500;28246702;CONDOMINIO LA CAPILLA, PARCELA 2 CAMPUSANO,BUIN;viverosjulieta@gmail.com;
METROPOLITANA;;;O;;13-627;02-10-2008;SANTA VICTORIA;NANCY ;MORENO;HERVAS;F;VERONICA;BEGONIA;PEPERONIA;C;CAMINO PADRE HURTADO 5210;19;344821;6271232;MAIPO;BUIN;U;MAIPO;0,050;9-2396937;CASILLA 254, CORREO BUIN;;
METROPOLITANA;;Fo;O;;13-632;25-11-2008;SAN ENRIQUE;HECTOR ;PARRAGUEZ;GUERRERO;M;ROSAL;LIQUIDAMBAR;LAUREL DE FLOR;C;PARCELA 85 EL RECURSO;19;342520;6273313;MAIPO;BUIN;R;MAIPO;0,750;9-0907361;KENNEDY 695 BUIN;;
METROPOLITANA;;Fo;O;;13-633;04-12-2008;LAS MORERAS;GABRIEL ;CONTRERAS;FUENTES;M;AGAPANTO;TULIPERO;;C;SERRANO 386;19;335012;6265751;MAIPO;BUIN;U;MAIPO;0,600;8-9150843;ARTURO PRAT 571-A;;
METROPOLITANA;;Fo;O;;13-633;26-11-2008;LAS MORERAS;GABRIEL ;CONTRERAS;FUENTES;M;AGAPANTO;TULIPERO;;C;CAMINO LA MEDIALUNA PARC. 175;19;340516;6246363;MAIPO;PAINE;R;MAIPO;2,000;8-9150843;ARTURO PRAT 571-A;;
METROPOLITANA;;Fo;O;;13-634;13-01-2009;EL CARMEN;JUAN SEGUNDO ;SANCHEZ;ESCOBAR;M;LIQUIDAMBAR;ROSAL;LAUREL DE FLOR. PRUNUS;C;EL SAUCE PARCELA 161;19;340973;6250297;MAIPO;PAINE;R;MAIPO;1,000;8-8545583;EL SAUCE PARCELA 161;;
METROPOLITANA;;;O;;13-635;18-12-2008;VIVERO JAZMIN;RENE ;GOMEZ;BECERRA;M;VIBURNUM ;NANDINA;JACARANDA;C;HUERTO 88 A HOSPITAL;19;338311;6252118;MAIPO;PAINE;R;MAIPO;0,500;8-9628628;HUERTO 88 A, HOSPITAL, PAINE;;
METROPOLITANA;;;O;;13-637;08-01-2009;SANTA JULIA;JUAN LUIS ;ALLENDE;REBOLLEDO;M;LIQUIDAMBAR;ACER PLATANOIDE;FRESNO. LAUREL DE FLOR;C;PARCELA 32 LOTE 2 SANTA JULIA;19;334781;6262745;MAIPO;BUIN;R;MAIPO;0,500;8-9301261;ARTURO PRATT 390, MAIPO;juanluis56@gmail.com;
METROPOLITANA;;;O;;13-637;16-02-2012;SANTA JULIA;JUAN LUIS ;ALLENDE;REBOLLEDO;M;LIQUIDAMBAR;ACER PLATANOIDE;FRESNO. LAUREL DE FLOR;C;PARCELA 32  LOTE 1 SANTA JULIA;19;334839;6262746;MAIPO;BUIN;R;MAIPO;0,250;8-9301261;ARTURO PRATT 390, MAIPO;juanluis56@gmail.com;
METROPOLITANA;;Fo;O;;13-639;20-03-2009;LOS ARRAYANES;HILDA ;GONZALEZ;PINTO;F;TULIPERO;PITTOSPORUM;LAUREL DE FLOR;C;LAS HIGUERAS 2799 ;19;348848;6279736;SANTIAGO;LA PINTANA;U;MAIPO;0,300;8520061;LAS HIGUERAS 2799 LA PINTANA;;
METROPOLITANA;;Fo;O;;13-639;27-04-2011;LOS ARRAYANES;HILDA ;GONZALEZ;PINTO;F;TULIPERO;PITTOSPORUM;LAUREL DE FLOR;C;PARCELA 51 LA ARMONIA;19;338004;6252461;MAIPO;PAINE;R;MAIPO;0,500;8520061;LAS HIGUERAS 2799 LA PINTANA;;
METROPOLITANA;Ft;;;;13-640;01-04-2009;SAN AUGUSTO;VICTOR ;FLORES;MIRANDA;M;DAMASCO;CIRUELO;DURAZNERO;C;PARCELA 1 SAN LORENZO;19;331679;6262444;MAIPO;BUIN;R;MAIPO;1,000;2-8218285;VILLA CAMPANARIO PJE. EL PASTOR 254, BUIN;vafloresm@gmail.com;
METROPOLITANA;Ft;;;;13-640;23-09-2014;SAN AUGUSTO;VICTOR ;FLORES;MIRANDA;M;CIRUELO;PERAL;MEMBRILLERO;C;PARCELA 4 LOTE B2 SECTOR LAS VERTIENTES DE VILUCO;19;331889;6256593;MAIPO;BUIN;R;MAIPO;0,350;2-8218285;SECTOR LAS DELICIAS Nº151 MAIPO;vafloresm@gmail.com;
METROPOLITANA;;Fo;O;;13-643;27-05-2009;SANTA CATALINA;ATANASIO ;TORRES;LIZAMA;M;PIMIENTO;MELIA;QUILLAY. PEUMO. JACARANDA;C;ARTURO PRAT 453;19;334800;6266058;MAIPO;BUIN;U;MAIPO;0,100;9-7998717;WALDO ROMERO 310, BUIN;;
METROPOLITANA;;;O;;13-648;29-07-2009;SAN PEDRO;PEDRO ;VALDES;MORALES;M;ROSAL;;;C;PARCELA N°224-A GILDA DÍAZ;19;338467;6257518;MAIPO;PAINE;R;MAIPO;0,600;9-5159569;VILLA QUIJOTE ROCINANTE 763 BUIN;;
METROPOLITANA;;;;V;13-654;29-09-2009;VIÑA ALMAVIVA;VIÑA ALMAVIVA S.A.;VIÑA ALMAVIVA S.A.;VIÑA ALMAVIVA S.A.;PJ;VID;;;C;SANTA ROSA 0821;19;349608;6280864;SANTIAGO;LA PINTANA;U;MAIPO;0,030;2704200;SANTA ROSA 0821;agricola@almaviva.cl;
METROPOLITANA;Ft;;O;;13-655;07-10-2009;SAN ALEJANDRO;ROLANDO ;SILVA;AHUMADA;M;CIRUELO;NOGAL;MANZANO;C;PARCELA MARIA DE LOS ANGELES CAMINO PAINE LONQUEN S/N LA ESTANCILLA;19;332564;6262754;MAIPO;BUIN;R;MAIPO;2,000;9-4943556;FREIRE 075 POBLACION MANUEL PLAZA;NO TIENE;
METROPOLITANA;Ft;;O;;13-655;14-12-2012;SAN ALEJANDRO;ROLANDO ;SILVA;AHUMADA;M;NOGAL;;;C;PARCELA 9 CAMPUSANO;19;332251;6260989;MAIPO;BUIN;R;MAIPO;2,000;;FREIRE 075 POBLACION MANUEL PLAZA;NO TIENE;
METROPOLITANA;Ft;Fo;O;;13-657;20-09-2011;FEVIVERO;SOC. AGRIC. FERNANDEZ LTDA.;SOC. AGR. FERNANDEZ LTDA.;SOC. AGR. FERNANDEZ LTDA.;PJ;NOGAL;;;C;CHACRA EL PILAR VILUCO;19;332713;6262527;MAIPO;BUIN;R;MAIPO;5,000;8213647;AV. ESTADIO 195 BUIN;pamezapata@gmail.com;
METROPOLITANA;;;O;;13-660;21-01-2010;VIVERO LO HERMIDA;IVAN ;GUERRA;JOFRE;M;BOJ;NANDINA;ACER ;C;PSJE SAN JOSE  PARC 17  SITIO 3  LO HERRERA;19;339189;6273289;MAIPO;SAN BERNARDO;U;MAIPO;0,200;9-8774619;PSJE SAN JOSE, PARC 17, SITIO 3, LO HERRERA;ivanfelixguerra@gmail.com;
METROPOLITANA;;;O;;13-660;29-12-2009;VIVERO LO HERMIDA;IVAN ;GUERRA;JOFRE;M;BOJ;NANDINA;ACER ;C;PSJE SAN JOSE  PARC 17  SITIO XXXXXXXX  LO HERRERA;19;339238;6273106;MAIPO;SAN BERNARDO;U;MAIPO;0,072;9-8774619;PSJE SAN JOSE, PARC 17, SITIO 3, LO HERRERA;ivanfelixguerra@gmail.com;
METROPOLITANA;;;O;;13-660;21-01-2010;VIVERO LO HERMIDA;IVAN ;GUERRA;JOFRE;M;BOJ;NANDINA;ACER ;C;PSJE SAN JOSE  PARC 17  SITIO 9  LO HERRERA;19;339251;6273303;MAIPO;SAN BERNARDO;U;MAIPO;0,072;9-8774619;PSJE SAN JOSE, PARC 17, SITIO 3, LO HERRERA;ivanfelixguerra@gmail.com;
METROPOLITANA;Ft;;;;13-662;26-01-2010;DON RAFA;HECTOR FERNANDO ;GAETE;JORQUERA;M;NOGAL;;;C;PARCELA 6 LAS ACACIAS VILUCO;19;333107;6260303;MAIPO;BUIN;R;MAIPO;0,100;8251042;PARCELA 6 LAS ACACIAS VILUCO, BUIN;NO TIENE;
METROPOLITANA;;;O;;13-664;02-02-2010;VIVEROS MONTECINOS;DELFIN ;MONTECINOS;URRUTIA;M;LAURENTINA;VIBURNUM;PITTOSPORUM;C;HUERTO 3A DIEGO PORTALES HOSPITAL;19;338996;6250293;MAIPO;PAINE;R;MAIPO;0,010;9-4621856;PARCELA 222 HOSPITAL;delfin.montecinos@gmail.com;
METROPOLITANA;;;O;;13-664;21-03-2011;VIVEROS MONTECINOS;DELFIN ;MONTECINOS;URRUTIA;M;LAURENTINA;VIBURNUM;PITTOSPORUM;C;CAMINO LOS FRESNOS HUERTO 25C  HOSPITAL;19;338797;6250515;MAIPO;PAINE;R;MAIPO;0,200;9-4621856;PARCELA 222 HOSPITAL;delfin.montecinos@gmail.com;
METROPOLITANA;;;O;;13-664;24-08-2012;VIVEROS MONTECINOS;DELFIN ;MONTECINOS;URRUTIA;M;LAURENTINA;VIBURNUM;PITTOSPORUM;C;EL SAUCE PARCELA 161 LOTE 4-3;19;340762;6250354;MAIPO;PAINE;R;MAIPO;0,500;9-4621856;PARCELA 222 HOSPITAL;delfin.montecinos@gmail.com;
METROPOLITANA;;;O;;13-664;29-08-2013;VIVEROS MONTECINOS;DELFIN ;MONTECINOS;URRUTIA;M;LAURENTINA;VIBURNUM;PITTOSPORUM;C;SITIO 36-B DIEGO PORTALES SUR;19;340762;6250354;MAIPO;PAINE;R;MAIPO;0,200;9-4621856;PARCELA 222 HOSPITAL;delfin.montecinos@gmail.com;
METROPOLITANA;;;O;;13-664;12-05-2014;VIVEROS MONTECINOS;DELFIN ;MONTECINOS;URRUTIA;M;LAURENTINA;VIBURNUM;PITTOSPORUM;C;PARCELA 23 A AGUILA NORTE;19;336954;6248104;MAIPO;PAINE;R;MAIPO;1,000;9-4621856;PARCELA 222 HOSPITAL;delfin.montecinos@gmail.com;
METROPOLITANA;;;O;;13-666;17-02-2010;LA FORESTA;JARDIN INTEGRAL LA FORESTA LTDA;JARDIN INTEGRAL LA FORESTA LTDA;JARDIN INTEGRAL LA FORESTA LTDA;PJ;TULIPERO;DRACENA;;C;STA TERESA DE TANGO  PARCELA 6A;19;338793;6277373;MAIPO;SAN BERNARDO;R;MAIPO;1,000;8573864;SANTA TERESA DE TANGO PARCELA 6 A;NO TIENE;
METROPOLITANA;Ft;;;;13-667;04-03-2010;SAN JORGE;JORGE ;ACEVEDO;RETAMAL;M;NOGAL;;;C;CALLEJON SANTA JULIA SITIO 4;19;335278;6259718;MAIPO;BUIN;R;MAIPO;0,400;8-9445072;CALLEJON SANTA JULIA SITIO 4, VILUCO BUIN;NOTIENE;
METROPOLITANA;;;O;;13-668;17-03-2010;PAISAJISMO CON TIERRA LTDA;PAISAJISMO CON TIERRA LTDA;PAISAJISMO CON TIERRA LTDA;PAISAJISMO CON TIERRA LTDA;PJ;ESPIREA;VERONICA;AJUGA;C;PARCELACION MANUEL RODRIGUEZ  LOTE 14  PARCELA 15;19;332729;6253802;MAIPO;PAINE;R;MAIPO;0,350;9-8713807;PARCELACION MANUEL RODRIGUEZ, LOTE 14, PARCELA 15;vcc@vtr.net;
METROPOLITANA;Ft;;O;;13-669;28-06-2013;SANTA ANGELICA;VIVEROS, FRUTOS Y JARDIN KATERINE WILENMANN E.I.R.L.;VIVEROS, FRUTOS Y JARDIN KATERINE WILENMANN E.I.R.L.;VIVEROS, FRUTOS Y JARDIN KATERINE WILENMANN E.I.R.L.;PJ;NOGAL;;;C;EL BARRANCON 6001, CHACRA SANTA FLORA;19;338938;6274943;MAIPO;SAN BERNARDO;R;MAIPO;2,000;9-3054059;MACARIO OSSA 946, SAN BERNARDO;casella_marcelo@hotmail.com;
METROPOLITANA;Ft;;O;;13-669;12-03-2014;SANTA ANGELICA;VIVEROS, FRUTOS Y JARDIN KATERINE WILENMANN E.I.R.L.;VIVEROS, FRUTOS Y JARDIN KATERINE WILENMANN E.I.R.L.;VIVEROS, FRUTOS Y JARDIN KATERINE WILENMANN E.I.R.L.;PJ;NOGAL;;;C;PARCELA 2E CAMINO LOS NARANJOS;19;339896;6272334;MAIPO;SAN BERNARDO;R;MAIPO;2,000;9-3054059;MACARIO OSSA 946, SAN BERNARDO;casella_marcelo@hotmail.com;
METROPOLITANA;;;O;;13-670;16-04-2013;SANTA ROSA;MAURICIO ;TOLMO;INOSTROZA;M;DOCA;LAURENTINA;HIEDRA;C;PARCELA 3 LOTE 2 LOS SILOS;19;352079;6274825;CORDILLERA;PIRQUE;R;MAIPO;0,750;74525995;PARCELA 3 LOTE 2 LOS SILOS;NO TIENE;
METROPOLITANA;;;O;;13-672;24-05-2010;SAVIOFLOR;GONZALEZ M. NORA Y OTRO;GONZALEZ M. NORA Y OTRO;GONZALEZ M. NORA Y OTRO;PJ;VIBURNUM;LAURENTINA;PITTOSPORUM;C;PARCELA 63 EL RECURSO;19;342124;6271331;MAIPO;BUIN;R;MAIPO;0,930;8213026;PARCELA 63 EL RECURSO, BUIN;savioflor@gmail.com;
METROPOLITANA;Ft;;O;;13-673;27-05-2010;SOC. AGR. VIVERO CRISTOBAL;SOC. AGRIC. VIVERO CRISTOBAL LTDA.;SOC. AGR. VIVERO CRISTOBAL LTDA.;SOC. AGR. VIVERO CRISTOBAL LTDA.;PJ;DURAZNERO;DAMASCO;CIRUELO;C;LOTE 35,36, 46, 47 QUINTA DE MAIPO;19;334186;6263222;MAIPO;BUIN;R;MAIPO;2,000;8212335;CAMINO BUIN-MAIPO N° 2815, PARCELA 3 LORETO, BUIN;viverocristobal@hotmail.com;
METROPOLITANA;Ft;;O;;13-673;24-09-2012;SOC. AGR. VIVERO CRISTOBAL;SOC. AGRIC. VIVERO CRISTOBAL LTDA.;SOC. AGR. VIVERO CRISTOBAL LTDA.;SOC. AGR. VIVERO CRISTOBAL LTDA.;PJ;NOGAL;DURAZNERO;CIRUELO;C;SANTA JULIA PARCELA 1 ESPERANZA LOS ENCINOS LOS CAROLINOS;19;334658;6262549;MAIPO;BUIN;R;MAIPO;6,800;8212335;CAMINO BUIN-MAIPO N° 2815, PARCELA 3 LORETO, BUIN;viverocristobal@hotmail.com;
METROPOLITANA;Ft;;O;;13-673;27-05-2014;SOC. AGR. VIVERO CRISTOBAL;SOC. AGRIC. VIVERO CRISTOBAL LTDA.;SOC. AGR. VIVERO CRISTOBAL LTDA.;SOC. AGR. VIVERO CRISTOBAL LTDA.;PJ;NOGAL;DURAZNERO;CIRUELO;C;PARCELA LAS LILAS CALLE GARCIA 4 MAIPO;19;336599;6267328;MAIPO;BUIN;R;MAIPO;10,000;8212335;CAMINO BUIN-MAIPO N° 2815, PARCELA 3 LORETO, BUIN;viverocristobal@hotmail.com;
METROPOLITANA;;;O;;13-674;31-05-2010;ARAUCARIA PAISAJISMO;ARAUCARIA PAISAJISMO LTDA.;ARAUCARIA PAISAJISMO LTDA.;ARAUCARIA PAISAJISMO LTDA.;PJ;VIBURNUM;TULIPERO;LIQUIDAMBAR. CRESPON;C;PARCELA 24 FLORIDA DE GUINDOS 680;19;339686;6269129;MAIPO;BUIN;R;MAIPO;1,500;2048583 / 2097780;GENERAL CORDOVA 1283 PROVIDENCIA;araucaria@araucariapaisajismo.cl;
METROPOLITANA;;;O;;13-677;;TIEMPO VERDE;PAOLA ANDREA ;MAULEN;TUDELA;F;LAVANDA;HORTENSIA;ACER JAPONICO;C;AV. DARIO PAVEZ PARCELA 9;19;337751;6252527;MAIPO;PAINE;R;MAIPO;0,500;8-4139220;AV. DARIO PAVEZ PARCELA 9;tiempoverde@yahoo.es;
METROPOLITANA;;;O;;13-678;09-08-2013;PARAISO DE BUIN;BARBARA ;VERGARA;ROJAS;F;VERONICA;AGERATUM;PAQUERETTE, LIGUSTRINA;C;EL CERRILLO PARC. 92 HUERTOS DE LINDEROS;19;339525;6262574;MAIPO;BUIN;R;MAIPO;0,200;8-2052147;FRANCISCO JAVIER KRUGGER 374 BUIN;NO TIENE;
METROPOLITANA;Ft;;;V;13-683;02-09-2010;VIVERO SANTA ISABEL;DUILIO ;PRUZZO;NUÑEZ;M;CEREZO;NOGAL;VID;C;PARCELA SANTA JUANA S/N MAIPO;19;335649;6264202;MAIPO;BUIN;R;MAIPO;1,000;8213165;CASILLA 104 BUIN;pruzzoduilio@gmail.com;
METROPOLITANA;Ft;;;;13-684;02-09-2010;RUBEN MARCHANT;RUBEN ;MARCHANT;PEREIRA;M;NOGAL;;;C;SECTOR A SUBDIVISION DE LA HIJUELA LAS CASAS DEL MOLINO LAS VERTIENTES DE VILUCO;19;331121;6256056;MAIPO;BUIN;R;MAIPO;0,500;8-3188501;CALLE STA. FILOMENA SITIO N°23 VILUCO;NO TIENE;
METROPOLITANA;;;O;;13-686;10-09-2010;EL PINO;NORMA DEL CARMEN ;ARIAS;MORENO;F;PITTOSPORUM;ARCE;QUILLAY;C;DIEGO PORTALES SUR HUERTO 23 HOSPITAL;19;338564;6250677;MAIPO;PAINE;R;MAIPO;0,500;9-0986210;DIEGO PORTALES SUR HUERTO 23 HOSPITAL PAINE;;
METROPOLITANA;;;O;;13-687;14-09-2010;DON PEPE;VIVEROS Y SERVICIOS AGRICOLAS DON PEPE LTDA.;VIVEROS Y SERVICIOS AGRICOLAS DON PEPE LTDA.;VIVEROS Y SERVICIOS AGRICOLAS DON PEPE LTDA.;PJ;CRATEGUS;LIQUIDAMBAR;ROSA. LIGUSTRINA;C;PARCELA 14 LOE CAMPO LAS CANOAS;19;346799;6275074;MAIPO;BUIN;R;MAIPO;0,670;8531182;CAMINO EL LLANO PARCELA 5 LOTE 18 PIRQUE;VIVERO_SAN_VALENTIN@HOTMAIL.COM;
METROPOLITANA;Ft;;;;13-688;28-09-2010;SANTA ISABEL;CARLOS ;LOBOS;GALAZ;M;NOGAL;;;C;SITIO 30 FUNDO CERVERA LINDEROS;19;335789;6262482;MAIPO;BUIN;R;MAIPO;0,400;8215193;AV. MANUEL RODRIGUEZ 431 BUIN;NO TIENE;
METROPOLITANA;Ft;;;;13-688;24-04-2013;SANTA ISABEL;CARLOS ;LOBOS;GALAZ;M;NOGAL;;;C;SITIO 31 FUNDO CERVERA LINDEROS;19;337794;6262528;MAIPO;BUIN;R;MAIPO;0,400;8215193;AV. MANUEL RODRIGUEZ 431 BUIN;NO TIENE;
METROPOLITANA;Ft;;;;13-690;04-11-2013;EL PINO;ALFREDO ;RIQUELME;REYES;M;NOGAL;;;C;LOTE A HIJUELA 3 LAS ACACIAS;19;333245;6260452;MAIPO;BUIN;R;MAIPO;1,000;2598327;LOS ROBLES 168;NO TIENE;
METROPOLITANA;;;O;;13-691;21-12-2010;LOS LAURELES;RENE ;TORRES;DINAMARCA;M;CLIVIA;HELECHO;COPIHUE;C;AV. ALCALDE HERNAN PRIETO 3285;19;352803;6273204;CORDILLERA;PIRQUE;U;MAIPO;0,040;8531010;MAR DEL PLATA 1954 DPTO. 204 PROVIDENCIA;rtorresd@uc.cl;
METROPOLITANA;;;O;;13-694;21-02-2011;JARDIN BELLA;IRIS BELLA ;ESPINOZA;MOLINA;F;AGAPANTO;VERONICA;DRACENA;C;PARCELA 40 LAS CANOAS;19;347504;6275462;MAIPO;BUIN;R;MAIPO;0,500;7-6556043;PARCELA 40 LAS CANOAS CAMINO A PIRQUE BUIN;NO TIENE;
METROPOLITANA;Ft;;;;13-695;21-02-2011;AGROPLANTAS CHILE;DOMINGO ;LEMAITRE;MORENO;M;NOGAL;;;C;PARCELA 24 EX ASENTAMIENTO PEREZ OSSA;19;339816;6285956;MAIPO;SAN BERNARDO;U;MAIPO;1,500;4570196;ALBERTO EDWARDS 4351 QUINTA NORMAL;roberto.lemaitrem@gmail.com;
METROPOLITANA;;Fo;O;;13-701;19-04-2011;SAN FELIPE;HUGO ;GONZALEZ;BUSTAMANTE;M;LIQUIDAMBAR;PINO;BRACHICHITO;C;AV  WALKER MARTINEZ 815;19;352505;6289632;SANTIAGO;LA FLORIDA;U;MAIPO;0,025;8-8971163;AV. VICENTE VALDES 812;;
METROPOLITANA;Ft;Fo;O;;13-705;17-05-2011;EL CORDOVES;JUAN ;CORTES;CORTES;M;LIQUIDAMBAR;NEMAGUARD;PINO;C;PARCELA 071 CALLEJON MORALES  MAIPO;19;335012;6266511;MAIPO;BUIN;U;MAIPO;0,100;7-5895589;LOS CEIBOS N°82, VILLA LOS PALTOS, MAIPO. BUIN;NO TIENE;
METROPOLITANA;;Fo;O;;13-706;14-06-2011;D' PLANTS;YENY ;VILLAGRAN;CRUZAT;F;LIQUIDAMBAR;DRACENA;ACER JAPONICO. PALMERA. LAURENTINA;C;GUACOLDA 2100;19;347083;6281705;SANTIAGO;LA PINTANA;U;MAIPO;0,080;5454033;GUACOLDA 2100 LA PINTANA;yvillagranc@gmail.com;
METROPOLITANA;Ft;;;;13-707;14-10-2011;SANTA NATALIA E HIJOS /AS;FRANK ;ENGLANDER;PLAZA;M;NOGAL;;;C;PARCELA 5 HIJUELA 14 FUNDO CASAS LO HERRERA;19;335350;6273195;MAIPO;SAN BERNARDO;U;MAIPO;0,500;8572871;FUNDO CASAS LO HERRERA H1 Y P5.;frank@nutexport.cl;
METROPOLITANA;;Fo;O;;13-710;04-07-2011;SANTA MARIA;MARIA JESUS;GONZALEZ;SILVA;F;TULIPERO;HIEDRA;VERBENA. CUBRESUELO;C;PARCELA 32 COLONIA KENNEDY;19;338862;6253151;SANTIAGO;PAINE;R;MAIPO;0,200;9-8540004;MIGUEL ANGEL 02890 LAS ROSAS LA PINTANA;construccionypaisajismo@gmail.com;
METROPOLITANA;Ft;;O;;13-712;21-07-2011;VIVEROS GONZALEZ;JUAN CARLOS ;GONZALEZ;GAJARDO;M;NOGAL;;;C;CAMINO INTERIOR SANTA FILOMENA  N° 41;19;333598;6258637;MAIPO;BUIN;R;MAIPO;0,500;8-8673132;PASAJE E.RNESTO QUILODRAN 39 VILLA MIGUEL DE CERVANTES. BUIN;jcgonzalez1958@yahoo.com;
METROPOLITANA;Ft;;;;13-717;09-05-2014;LOS AMIGOS;MAURICIO IVAN ;SAM;FUENTES;M;NOGAL;GUINDO;;C;SANTA JULIA DE VILUCO 346;19;334679;6259889;MAIPO;BUIN;R;MAIPO;0,450;8247152;CALLE GARCIA 167 VILLA TERRAVERDE BUIN;sammauricio@hotmail.com;
METROPOLITANA;Ft;Fo;O;;13-718;11-08-2011;V Y M  VIVERO MAIPO;JUAN MARCELO ;VALENZUELA;ALMARZA;M;NOGAL;ALMENDRO ;ROSAL;C;EL TRANSITO  CASA 42;19;346406;6260562;MAIPO;PAINE;R;MAIPO;0,500;7-8901634;GARCIA 270, MAIPO;juanvalenzuelaalmarza@gmail.com;
METROPOLITANA;Ft;Fo;O;;13-726;30-09-2011;SANTA CLAUDIA;CLAUDIO ;GONZALEZ;MADRID;M;NOGAL;;;C;STAND BY;19;334412;6263975;MAIPO;BUIN;R;MAIPO;0,400;7-712803;QUINTA MAIPO 1625, BUIN;NO TIENE;
METROPOLITANA;Ft;;O;;13-729;05-10-2011;VIVERO COTITA;MARIA JOSE ;VILLA;SUAREZ;F;NOGAL;VID;ROSAL;C;SANTA VICTORIA DE VILUCO 6 PARCELA 6A;19;337500;6258737;MAIPO;BUIN;R;MAIPO;2,000;8-8275296;JAVIERA CARRERA 1178,BUIN;maria_vs_cot@hotmail.com;
METROPOLITANA;Ft;;O;;13-729;21-08-2014;VIVERO COTITA;MARIA JOSE ;VILLA;SUAREZ;F;NOGAL;;;C;PARCELA 10 SANTA TERESA DE TANGO;19;339489;6278309;MAIPO;CALERA DE TANGO;R;MAIPO;0,500;8-8275296;JAVIERA CARRERA 1178,BUIN;cotita.villa.s@gamil.com;
METROPOLITANA;Ft;;;;13-730;02-10-2012;EL MAÑIO;KURTZ ;SANTANA;GALLARDO;M;NOGAL;;;C;PARCELA 5 LA LAGUNA LO ARCAYA;19;352864;6271549;CORDILLERA;PIRQUE;R;MAIPO;2,000;9-9695630;DIAGONAL CERVANTES 683 OF.501;"kurtzs@tie.cl; poncecarlo0@gmail.com";
METROPOLITANA;;Fo;O;;13-732;20-08-2014;LOS ALERCES DE LONQUEN;JOSE HERNAN;CONTRERAS;FUENTES;M;BAMBU;AGAPANTO;CRATEGUS;C;CAMINO LONQUEN PARCELA 2B PARADERO 7;19;334852;6281653;MAIPO;CALERA DE TANGO;R;MAIPO;0,500;90513804;CAMINO LONQUEN PARCELA 2B PARADERO 7 CALERA DE TANGO;vivero@losalercesdelonquen.cl;
METROPOLITANA;Ft;Fo;O;;13-736;08-11-2011;VIVERO LA OBRA;SOCIEDAD LA OBRA LTDA;SOCIEDAD LA OBRA LTDA;SOCIEDAD LA OBRA LTDA;PJ;FRAMBUESO;LAVANDIN;;C;CAMINO EL COPIHUE KM 2 FUNDO LA HIGUERA;19;332778;6281906;MAIPO;CALERA DE TANGO;R;MAIPO;0,200;28553598;CAMINO EL COPIHUE KM 2 FUNDO LA HIGUERA CALERA DE TANGO;ramiros@tie.cl;
METROPOLITANA;;;O;;13-737;15-11-2011;ARBOLINDO;SERGIO ;SALGADO;ARAYA;M;LIGUSTRINA;SCHEFFLERA;;C;AV. TRINIDAD ORIENTE 1001;19;353770;6286905;SANTIAGO;LA FLORIDA;U;MAIPO;0,020;9-3203745;ECUADOR 8857 DPTO. 63 LA FLORIDA;ssalgado20@hotmail.com;
METROPOLITANA;;Fo;O;;13-740;02-12-2011;JARDINES SILVESTRES;CRISTINA ANGELICA ;CASTRO;DIAZ;F;ESTIPA;AGAPANTO;CUBRESUELO;C;AV. ROSA ESTER 02980;19;349666;6282996;SANTIAGO;LA PINTANA;U;MAIPO;0,300;6-3129306;AV. ROSA ESTER 02980C;jardincristina@gmail.com;
METROPOLITANA;Ft;;;;13-742;04-01-2012;JAVIERA;SOCIEDAD AGRICOLA F Y F FERNANDEZ ltda;SOCIEDAD AGRICOLA F Y F FERNANDEZ LTDA.;SOCIEDAD AGRICOLA F Y F FERNANDEZ ltda;PJ;NOGAL;;;C;8 PONIENTE 984 PARCELAS 11 Y 16.;19;336918;6257891;MAIPO;BUIN;R;MAIPO;1,500;7-1362526;LAS ANTILLAS 1394,PAINE;NO TIENE;
METROPOLITANA;Ft;;;;13-742;26-12-2012;JAVIERA;SOCIEDAD AGRICOLA F Y F FERNANDEZ ltda;SOCIEDAD AGRICOLA F Y F FERNANDEZ LTDA.;SOCIEDAD AGRICOLA F Y F FERNANDEZ ltda;PJ;NOGAL;;;C;PARCELA 5 SANTA ELENA DE VILUCO;19;336920;6258048;MAIPO;BUIN;R;MAIPO;1,000;8-5412713;LAS ANTILLAS 1394,PAINE;NO TIENE;
METROPOLITANA;;Fo;O;;13-743;10-01-2012;PIEDRA VERDE;SOCIEDAD DE INVERSIONES OLMUE;SOCIEDAD DE INVERSIONES OLMUE;SOCIEDAD DE INVERSIONES OLMUE;PJ;STAND BYE;;;C;LOTE B PARCELA 26 COLONIA KENNEDY;19;338743;6253137;MAIPO;PAINE;R;MAIPO;0,500;9-5469740;HUERFANOS 779,SANTIAGO;edmundohermosillavaras@gmail.com;
METROPOLITANA;;;O;;13-744;17-01-2012;SANTA CAROLINA;JOSE BENITO ;CEA;CASTILLO;M;PALMERA;LIQUIDAMBAR;AGAPANTO;C;PANAMERICANA 5 SUR KM 32,5 LOTE 3 LOS GUINDOS;19;340238;6268429;MAIPO;BUIN;R;MAIPO;0,500;9-6209228;PANAMERICANA 5 SUR KM 32,5 LOTE 3 LOS GUINDOS;NO TIENE;
METROPOLITANA;Ft;;;;13-746;27-01-2012;VIVEROS OYARCE;ENRIQUE ;OYARCE;MARAMBIO;M;NOGAL;;;C;PARCELA 19 HIJUELA 2 SANTA VICTORIA  VILUCO;19;337137;6257732;MAIPO;BUIN;R;MAIPO;0,900;9-8139490;PARCELA 5 SANTA ELENADE VILUCO 780, BUIN;yecaoyarce1819@hotmail.com;
METROPOLITANA;Ft;;O;;13-747;20-02-2012;VIVERO QUEULAT;JUAN OCTAVIO;CORNEJO;DEL SOLAR;M;;;;C;MANTIENE REGISTRO SIN PARCELA;19;339271;6275031;MAIPO;SAN BERNARDO;R;MAIPO;0,000;9-2345252;CASILLA 71 PAINE;queulat65@hotmail.com;
METROPOLITANA;;;O;;13-748;08-03-2012;VIVERO 061;JOSE OCTAVIO;PEÑAILILLO;SAN MARTIN;M;PITTOSPORUM;VIBURNUM;LIQUIDAMBAR ;C;PARCELA 61 EL RECURSO;19;341985;6271686;MAIPO;BUIN;R;MAIPO;2,000;9-7118959;LAS ACACIAS 061 EL RECURSO,BUIN;NO TIENE;
METROPOLITANA;;;O;;13-757;16-04-2012;JARDIN LOS CACTUS;LUIS ROLANDO;ANTEQUERRA;AGUIRRE;M;CACTÁCEAS;;;C;ALFREDO VALENZUELA PALMA 4871;19;341395;6276212;MAIPO;SAN BERNARDO;U;MAIPO;0,008;9-8009468;ALFREDO VALENZUELA PALMA 4871;NO TIENE;
METROPOLITANA;Ft;;;;13-758;20-04-2012;RICARDO CABELLO;RICARDO RENAN;CABELLO ;FARIAS;M;NOGAL;;;C;PARCELA 3-A LO JELVES VALDIVIA DE PAINE;19;329981;6260024;MAIPO;BUIN;R;MAIPO;0,300;8-8157033;PARCELA 3-A LO JELVES,VALDIVIA DE PAINE;NO TIENE;
METROPOLITANA;;Fo;O;;13-759;25-04-2012;LA VIOLETA;PATRICIA ;VERA;JARAMILLO;F;ROSAL;HORTENSIA;PAPIRO;C;SERGIO FUENTES 231;19;342730;6281902;MAIPO;SAN BERNARDO;U;MAIPO;0,003;9201007;SERGIO FUENTES 231, SAN BERNARDO;patriciavera@tie.cl;
METROPOLITANA;Ft;;;;13-760;04-05-2012;FRUTICOLA VICONTO;FRUTICOLA VICONTO S.A;FRUTICOLA VICONTO S.A;FRUTICOLA VICONTO S.A;PJ;KIWI;;;C;QUINTA DE MAIPO NORTE S/N;19;334472;6264624;MAIPO;BUIN;R;MAIPO;1,000;7076512;AV.APOQUINDO 4775 OFICINA 1601, LAS CONDES;jrodriguez@viconto.cl;
METROPOLITANA;;;O;;13-765;14-06-2012;VIVEROS PLANTAS MEYER LTDA.;VIVEROS PLANTAS MEYER LTDA.;VIVEROS PLANTAS MEYER LTDA.;VIVEROS PLANTAS MEYER LTDA.;PJ;LIQUIDAMBAR;TULIPERO;LAURENTINA;C;PANAM. SUR KM  33 PARCELA 09 LOS GUINDOS;19;339962;6267690;MAIPO;BUIN;U;MAIPO;2,500;9-7451979;CASILLA 257,BUIN;contacto@plantasmeyer.cl;
METROPOLITANA;Ft;;;;13-766;14-06-2012;VIVERO CASCANUECES;GABRIELA ;DONOSO;ACEVEDO;F;NOGAL;;;C;CALLE SAN LUIS 785 PARCELA 4 SANTIAGO BUERAS,ALTO JAHUEL;19;343945;6265336;MAIPO;BUIN;R;MAIPO;0,300;8-2980368;LOS ESPINOS 184 VILLA SANTA RITA,ALTO JAHUEL,BUIN;gabydonoso7@gmail.com;
METROPOLITANA;Ft;;;;13-766;02-10-2014;VIVERO CASCANUECES;GABRIELA ;DONOSO;ACEVEDO;F;NOGAL;;;C;CALLE SAN LUIS 785 PARCELA 6 SANTIAGO BUERAS,ALTO JAHUEL;19;344029;6264578;MAIPO;BUIN;R;MAIPO;0,500;8-2980368;LOS ESPINOS 184 VILLA SANTA RITA,ALTO JAHUEL,BUIN;gabydonoso7@gmail.com;
METROPOLITANA;;Fo;O;;13-767;15-06-2012;NATIVO DIEGO;PATRICIA ;ROJAS;DONOSO;F;ESPINO;QUILLAY;LIQUIDAMBAR;C;PARCELA 31 LAS PATAGUAS;19;328172;6257004;MAIPO;BUIN;R;MAIPO;0,250;8-2407224;PARCELA 31 LAS PATAGUAS;NO TIENE;
METROPOLITANA;Ft;Fo;O;;13-769;11-07-2012;SANTA ISABEL;AUGUSTO;BRUNA;VARGAS;M;NOGAL;PITTOSPORUM;LIQUIDAMBAR;C;CAMINO LOS TILOS PARCELA 26 N° 1625;19;341285;6268756;MAIPO;BUIN;R;MAIPO;0,500;8211451;CAMINO LOS TILOS 650 LOS GUINDOS;abruna@cchc.cl;
METROPOLITANA;;;O;;13-770;30-07-2012;ALHUE-LAHUEN;ROJAS Y HARNISCH LTDA.;ROJAS Y HARNISCH LTDA.;ROJAS Y HARNISCH LTDA.;PJ;ARAUCARIA;QUILLAY;PEUMO;C;PARCELA 55 LOTE 7 CAMINO EL RECURSO;19;341738;6270543;MAIPO;BUIN;R;MAIPO;1,000;8214934;CASILLA 90 BUIN;violeta@alhuelahuen.cl;
METROPOLITANA;;;O;;13-771;27-07-2012;VIVERO LAS ROSAS;RAUL ELIAS;MESA;RAMIREZ;M;LAVANDA;VERONICA;TULIPERO;C;PARCELA 57 AV. ROMERO COLONIA KENNEDY;19;339928;6252289;MAIPO;PAINE;R;MAIPO;0,400;8253382;CALLE LAS ROSAS PARCELA 39 COLONIA KENNEDY;;
METROPOLITANA;;;O;;13-771;27-07-2012;VIVERO LAS ROSAS;RAUL ELIAS;MESA;RAMIREZ;M;LAVANDA;VERONICA;TULIPERO;C;PARCELA 39 CALLE LAS ROSAS COLONIA KENNEDY;19;339539;6253148;MAIPO;PAINE;R;MAIPO;0,500;8253382;CALLE LAS ROSAS PARCELA 39 COLONIA KENNEDY;;
METROPOLITANA;;;O;;13-774;09-08-2012;EL YUGO;HECTOR;CORTEZ;TORRES;M;HIEDRA;DOCA;DOQUILIA;C;EL RECURSO 3205 SITIO 63 LOTE 02;19;342486;6271048;MAIPO;BUIN;R;MAIPO;0,200;8-7868102;EL RECURSO SITIO 63, BUIN;NO TIENE;
METROPOLITANA;Ft;;;;13-776;22-08-2012;GRAND ;CIA DE COMERCIO EXTERIOR GRAND EXPORT S.A;CIA DE COMERCIO EXTERIOR GRAND EXPORT S.A;CIA DE COMERCIO EXTERIOR GRAND EXPORT S.A;PJ;NOGAL;;;A;PARCELA 146 LOTE B CHADA COLONIA KENNEDY;19;339948;6250931;MAIPO;PAINE;R;MAIPO;0,500;2-2593128;AGUSTINAS Nº681 OFICINA Nº809, SANTIAGO;gmetz@mondialexport.cl;2- 6335967 (fono) / 2-6399876 (fono-fax)
METROPOLITANA;;;O;;13-778;03-09-2012;JARDIN HERNANDEZ;JOSE;HERNANDEZ;MONSALVES;M;LIQUIDAMBAR;TULIPERO;PITTOSPORUM;C;PARCELA 9 AGUILA NORTE HOSPITAL;19;337650;6249034;MAIPO;PAINE;R;MAIPO;1,000;9-0186319;PASAJE LOS CLAVELES 730 PADRE HURTADO;NO TIENE;
METROPOLITANA;Ft;;;;13-779;03-09-2012;VIVERO SANTA MAGDALENA;MAGDALENA;MELOSSI;JIMENEZ;F;NOGAL;VID;;C;CAMINO LONQUEN PARCELA 15 CHACRA MAREFF;19;333876;6278339;MAIPO;CALERA DE TANGO;R;MAIPO;1,500;9-8711664;CASILLA 1 CALERA DE TANGO;produccion@agricolaeguiguren.cl;
METROPOLITANA;Ft;;O;;13-781;27-09-2012;VIVEROS IZQUIERDO;MARCO ANTONIO;IZQUIERDO;ASTETE;M;NOGAL;ORNAMENTAL;;C;HIJUELA N°2 RESERVA EX FUNDO LAS ACACIAS;19;333145;6260468;MAIPO;BUIN;R;MAIPO;1,000;8241279;HIJUELA N°2 RESERVA EX FUNDO LAS ACACIAS;marco_izquierdo.03@hotmail.com;
METROPOLITANA;Ft;;O;;13-783;04-10-2012;ARCANGEL;SERVICIOS AGRICOLAS ARCANGEL LTDA;SERVICIOS AGRICOLAS ARCANGEL LTDA;SERVICIOS AGRICOLAS ARCANGEL LTDA;PJ;NOGAL;CEREZO;ORNAMENTAL;C;LAS VERTIENTES PARCELA 8 LOTE D VILUCO;19;332852;6257343;MAIPO;BUIN;R;MAIPO;0,500;9-5344329;LAS VERTIENTES PARCELA 8 LOTE D VILUCO;serviciosagricolasarcangel@gmail.com;
METROPOLITANA;;Fo;O;;13-784;09-10-2012;REHUE;CARLOS;SANCHEZ;PINTO;M;BELLOTO;BOLDO;ARAUCARIA;C;SANTA MARIA 291;19;339049;6266095;MAIPO;BUIN;R;MAIPO;0,070;8216628;SANTA MARIA 291;info@jardinrehue.cl;
METROPOLITANA;;Fo;O;;13-785;09-10-2012;SAN ENRIQUE;SOCIEDAD TOLEDO LEIVA LTDA;SOCIEDAD TOLEDO LEIVA LTDA;SOCIEDAD TOLEDO LEIVA LTDA;PJ;CAREX;DAFNE;TULIPERO;C;VICENTE VALDES 383;19;352162;6289115;SANTIAGO;LA FLORIDA;U;MAIPO;2,000;2854475;VICENTE VALDES 383 LA FLORIDA;jardinsanenrique@entelchile.net;
METROPOLITANA;;Fo;O;;13-789;25-10-2012;SEHRT;HEINER;SEHRT;CANDIA;M;ROSAL;LIQUIDAMBAR;NATIVA;C;PANAMERICANA 5 SUR KM 32 ;19;340175;6268577;MAIPO;BUIN;R;MAIPO;0,500;9-2329197;PANAMERICANA 5 SUR KM 32 ;NO TIENE;
METROPOLITANA;;Fo;;;13-790;22-10-2012;VIVERO ALTO MAIPO;AES GENER S.A;AES GENER S.A;AES GENER S.A;PJ;GUAYACAN;FRANGEL;QUILLAY;A;RUTA G-345 KM 14 LOS MAITENES;19;382554;6288804;CORDILLERA;SAN JOSE DE MAIPO;R;MAIPO;1175,000;6804863;AV JORGEHIRMAS 2960;raul.caceres@aes.com;
METROPOLITANA;Ft;;O;;13-795;17-07-2014;JARDIN DONKKA;HECTOR;PINO;CRUZ;M;PINO;LIGUSTRINA;CRATEGUS;C;CAMINO EL RECURSO 5500;19;344019;6270999;MAIPO;BUIN;U;MAIPO;0,080;8-3491850;SARGENTO ALDEA 888;NO TIENE;
METROPOLITANA;Ft;;;;13-796;20-11-2012;SAN CRISTOBAL DE PAINE;VICTOR ALEJANDRO;PUEBLA;QUINTERO;M;NOGAL;;;C;PARCELA 201 LOTE 1 COLONIA KENNEDY HOSPITAL;19;339912;6249119;MAIPO;PAINE;R;MAIPO;0,250;90001512;HIJUELA LARGA N° 130 KM 41;victorpuebla@gmail.com;
METROPOLITANA;;;O;;13-798;14-11-2012;JARDIN GUINDOS;FRESIA DEL CARMEN ;LEYTON;PEREZ;M;BOUGAINVILLEA;ROSAL;HIBISCO;C;CAMINO LOS TILOS 615;19;340635;6268372;MAIPO;BUIN;R;MAIPO;0,010;8212248;CASILLA 230 CORREO BUIN;sandra@guindos.cl;
METROPOLITANA;;;O;;13-800;23-11-2012;VIVERO PADRE HURTADO;JAVIER ;BRISO;GOMEZ;M;TOPINAMBUR;GUESTRINJE;CUBRESUELO;C;PADRE HURTADO 6321;19;345190;6272234;MAIPO;BUIN;R;MAIPO;0,400;8-6413260;MIRAFLORES 062 ALTO JAHUEL;javier_briso@hotmail.com;
METROPOLITANA;Ft;;O;;13-801;18-12-2012;ARBOLES DE CHILE;AGRICOLA ARBOLES DE CHILE LTDA;AGRICOLA ARBOLES DE CHILE LTDA;AGRICOLA ARBOLES DE CHILE LTDA;PJ;NOGAL;TULIPERO;;C;HIJUELA SAN ELIAS FUNDO LO CARVALLO;19;338919;6275731;MAIPO;CALERA DE TANGO;R;MAIPO;10,000;7-7688664;ICTINO 595 LA REINA;hugo.delfierro@chileviveros.cl;
METROPOLITANA;Ft;;;;13-803;11-10-2013;OKO;AGRICOLA OKO LTDA;AGRICOLA OKO LTDA;AGRICOLA OKO LTDA;PJ;NOGAL;;;C;PARCELA 14 SANTA ROSA;19;343398;6255557;MAIPO;PAINE;R;MAIPO;2,000;5179900;RUTA 5 SUR  4231 KM 37  BUIN;fortiz@pv.cl;
METROPOLITANA;;;O;;13-804;25-01-2013;VIVERO HARAS DE PIRQUE;HARAS DE PIRQUE S.A.;HARAS DE PIRQUE S.A.;HARAS DE PIRQUE S.A.;PJ;ROSAL;ARBUSTO;;C;FUNDO LA ROCHUELA S/N LO ARCAYA;19;351220;6270629;CORDILLERA;PIRQUE;R;MAIPO;0,500;28547237;FUNDO LA ROCHUELA S/N LO ARCAYA PIRQUE;jmunoz@harasdepirque.com;
METROPOLITANA;;Fo;;;13-806;28-02-2013;N.A;CELEVEN SA;CELEVEN SA;CELEVEN SA;PJ;QUILLAY;FRANGEL;PEUMO;C;CAMINO LOS MAITENES KM 3,5;19;375345;6284588;CORDILLERA;SAN JOSE DE MAIPO;R;MAIPO;1,000;22294347;CRISTOBAL COLON 5805 LAS CONDES;riego@teknoriego.cl;
METROPOLITANA;;Fo;O;;13-807;13-03-2013;LAS AZARAS;CLAUDIA VANESSA;MALUENDA;VILLALOBOS;F;PEUMO;QUILLAY;CRATEGUS;C;CALLE NUEVA 47 EL PRINCIPAL;19;356200;6268722;CORDILLERA;PIRQUE;R;MAIPO;0,060;28547886;CALLE NUEVA 47 EL PRINCIPAL PIRQUE;clau.malu.villa@gmail.com;
METROPOLITANA;Ft;;;;13-808;02-04-2013;SANTA KATHARINA;CAROLINA BEATRIZ;SALAZAR;ARANDA;F;NOGAL;PALTO;;C;LA ESTRELLA PARCELA 10 RESTO LOTE 9;19;346167;6256002;MAIPO;PAINE;R;MAIPO;0,500;6-6402289;LA ESTRELLA PARCELA 10 RESTO LOTE 9;cbsa2004@hotmail.com;
METROPOLITANA;;Fo;;;13-809;12-04-2013;VIVERO LINDEROS;TRIPAN S.A.;TRIPAN S.A.;TRIPAN S.A.;PJ;QUILLAY;MOLLE;PEUMO;C;CALLEJON EL CUADRO PARCELA 56 LINDEROS;19;338940;6261561;MAIPO;BUIN;R;MAIPO;1,000;24816230;APOQUINDO 5555 OF. 908;pmanriquez@tripan.cl;
METROPOLITANA;;Fo;O;;13-810;22-04-2013;VIVERO IGNACIA;CRISTIAN ORLANDO;MARTINEZ;DONOSO;M;PEUMO;QUILLAY;CORCOLEN;C;HUERTO 32 LOTE A COLONIA KENNEDY HOSPITAL;19;338699;6250105;MAIPO;PAINE;R;MAIPO;0,030;6-2951815;HUERTO 32 LOTE A COLONIA KENNEDY HOSPITAL PAINE;cristian.mrtdso@gmail.com;
METROPOLITANA;;Fo;O;;13-813;10-06-2013;VIVERO MI PLANTA;SOC. VIVERO MI PLANTA LTDA.;SOC. VIVERO MI PLANTA LTDA.;SOC. VIVERO MI PLANTA LTDA.;PJ;;;;C;LOS QUILLAYES 1675 PARCELA 24;19;350659;6272377;CORDILLERA;PIRQUE;R;MAIPO;0,500;7-1419972;LOS QUILLAYES 1675 PARCELA 24 PIRQUE;asenjo.oriana@gmail.com;
METROPOLITANA;;Fo;O;;13-814;24-06-2013;VIVERO SAN ARIEL;BERNARDO;MARTINEZ;SALAZAR;M;LIQUIDAMBAR;ROSAL;ALCORNOQUE;C;PARCELA 18 SANTA TERESA DE TANGO;19;338841;6276988;MAIPO;SAN BERNARDO;R;MAIPO;0,005;9-4404894;PASAJE MESINO 0605 QUILICURA;bams_0501@hotmail.com;
METROPOLITANA;;Fo;O;;13-816;03-07-2013;PAISAJISMO PROPARQUE;PAISAJISMO PROPARQUE LTDA;PAISAJISMO PROPARQUE LTDA;PAISAJISMO PROPARQUE LTDA;PJ;PITTOSPORUM;VIBURNUM;VERONICA;C;CONDOMINO ARAUCARIAS PARCELA 5;19;338661;6263188;MAIPO;BUIN;R;MAIPO;2,600;28210029;CONDOMINIO ARAUCARIAS PARCELA 5 BUIN;paisajismoproparque@gmail.com;
METROPOLITANA;;;;V;13-817;19-07-2013;ESCUDO ROJO;BARON PHILIPPE DE ROTHSCHILD MAIPO CHILE;BARON PHILIPPE DE ROTHSCHILD MAIPO CHILE;BARON PHILIPPE DE ROTHSCHILD MAIPO CHILE;PJ;VID;;;A;FUNDO VIÑA MAIPO LOTE A 6-2;19;335341;6265079;MAIPO;BUIN;R;MAIPO;0,700;28191155;CASILLA 253 BUIN SANTIAGO;msaavedra@bphr.cl;
METROPOLITANA;;Fo;O;;13-819;26-07-2013;VIVERO NUTRESEM;AGROCOMERCIAL NUTRESEM;AGROCOMERCIAL NUTRESEM;AGROCOMERCIAL NUTRESEM;PJ;EUCALYPTUS;;;C;CATEMITO 2070;19;338127;6279283;MAIPO;SAN BERNARDO;R;MAIPO;0,200;23008233;CATEMITO 2070 SAN BERNARDO;miguelongaro@gmail.com;
METROPOLITANA;;;O;;13-823;08-08-2013;VIVERO LOS PATRIARCAS;JUAN CARLOS ;MADARIAGA;NAVARRETE;M;DÓLAR;SCHEFFLERA;;C;EYZAGUIRRE 3820;19;349452;6278992;CORDILLERA;PUENTE ALTO;U;MAIPO;0,015;7-6029240;EYZAGUIRRE 3820 PUENTE ALTO;NO TIENE;
METROPOLITANA;;;O;;13-825;12-09-2013;VIVERO SAN DIEGO;VICENTE ANTONIO;LORCA;BECERRA;M;PIMIENTO;AROMO;JACARANDA;C;PARCELA 14 COLONIA DE PAINE;19;337292;6256858;MAIPO;PAINE;R;MAIPO;0,240;28213339;FREIRE 443 BUIN;NO TIENE;
METROPOLITANA;;;O;;13-829;17-10-2013;MARANATA;CARMEN GLORIA;CAMPOS  ;ORTEGA;F;VERONICA;QUILLAY;MAITEN;C;HUERTO 88 A HOSPITAL;19;338055;6251993;MAIPO;PAINE;U;MAIPO;0,050;8-5829068;HUERTO 88 HOSPITAL PAINE;NO TIENE;
METROPOLITANA;Ft;;O;;13-830;11-10-2013;VIVERO MARIA GABRIELA;LUIS;ENCINA;FIGUEROA;M;CIRUELO;NOGAL;DURAZNERO;C;FUNDO PINTUE SECTOR HJ LOTE 2;19;325564;6250789;MAIPO;PAINE;R;MAIPO;1,000;8-4394464;PERALILLO  SITIO 2 PAINE;NO TIENE;
METROPOLITANA;;;O;;13-831;04-11-2013;HUERTO EL TATA;ABEL ERNESTO;ROMERO ;MOGOLLON;M;ROSAL;LIQUIDAMBAR;;C;CHADA PARCELA 21 LOTE A-6B;19;346266;6248731;MAIPO;PAINE;R;MAIPO;0,500;28241833;CAMINO PAINE LONQUEN 9220 VILUCO BUIN;NO TIENE;
METROPOLITANA;;;O;;13-832;11-11-2013;BELEN;AGRICOLA  CALERA DE TANGO LTDA;AGRICOLA  CALERA DE TANGO LTDA;AGRICOLA  CALERA DE TANGO LTDA;PJ;ROSAL;TULIPERO;LIQUIDAMBAR;C;CAMINO EL TANGUITOPARCELA 17 C;19;335674;6280392;MAIPO;CALERA DE TANGO;R;MAIPO;0,500;25582873;BRISAS DEL MAIPO 0432 LA CISTERNA;jbustamante@bsbltda.com;
METROPOLITANA;;Fo;O;;13-833;12-11-2013;SAN BENJAMIN DE NEVADA;BRAULIO ALEJANDRO;BUSTOS;CANDIA;M;ROSAL;;;C;PARCELA 48 EL RECURSO;19;341112;6271016;MAIPO;BUIN;R;MAIPO;1,000;9-0464037;LOS CEIBOS 86 MAIPO BUIN;NO TIENE;
METROPOLITANA;Ft;;;;13-835;12-12-2013;SANTA VICTORIA;ISIDRO PATRICIO;WILSON;ALMENDRA;M;NOGAL;;;C;PARCELA 1 SANTA VICTORIA DE VILUCO;19;336236;6257375;MAIPO;BUIN;R;MAIPO;0,500;9-5196066;APOQUINDO 4269 DPTO 402 LAS CONDES;serviciosagricolasbuin@gmail.com;
METROPOLITANA;;;O;;13-837;15-01-2014;VIVERO GOMEZ;DAVID;GOMEZ;MARTINEZ;M;ACER JAPONICO;BOJ;;C;SANTA FILOMENA 199;19;333615;6258959;MAIPO;BUIN;R;MAIPO;0,084;87277962;SANTA FILOMENA 199 BUIN;davixx_arsenal@hotmail.com;
METROPOLITANA;;;O;;13-843;05-02-2014;VIVERO REVECO;ROSA ELENA;REVECO;PEÑA;F;PITTOSPORUM;AROMO;LAUREL DE FLOR;C;ANTONIO VARAS 220;19;342735;6281274;MAIPO;SAN BERNARDO;U;MAIPO;0,03;25057080;ANTONIO VARAS 220 SAN BERNARDO;alexis@rednik.cl;
METROPOLITANA;Ft;;;;13-844;12-02-2014;VIVERO LAS VERTIENTES;VICTOR EDMUNDO;GUTIERREZ;OREGON;M;NOGAL;;;C;CAMINO SANTA FILOMENA DE VILUCO;19;333392;6257303;MAIPO;BUIN;R;MAIPO;1,500;9-2375239;CALLE VILLASECA 206 BUIN;vitores_04@hotmail.com;
METROPOLITANA;Ft;;O;;13-846;11-04-2014;INVERNADERO AGNI ORGANICO;LORETO ISABEL;UTEAU;UBILLA;F;ALMENDRO;MENTA;TABACO;C;LOS ALMENDRALES SITIO 6 SAN JUAN;19;362250;6279886;CORDILLERA;PIRQUE;R;MAIPO;0,003;;LOS ALMENDRALES LOTE 6 SAN JUAN;futomx@gmail.com;
METROPOLITANA;;;O;;13-847;11-04-2014;DIEGO PLANT EIRL;COMERCIAL Y VIVERO GABRIEL OSVALDO CONTRERAS FUENTES EIRL;COMERCIAL Y VIVERO GABRIEL OSVALDO CONTRERAS FUENTES EIRL;COMERCIAL Y VIVERO GABRIEL OSVALDO CONTRERAS FUENTES EIRL;PJ;CRESPON;BRACHICHITO;CELTIS;C;QUINTA DE MAIPO LOTE 21 GRANJA LA SERENA;19;334198;6263860;MAIPO;BUIN;R;MAIPO;0,500;289150843;ARTURO PRAT 571 MAIPO;gabriel2012@gmail.com;
METROPOLITANA;;;O;;13-848;24-04-2014;JARDINES E INSUMOS;LAURA DEL CARMEN;BOBADILLA;MILLACARIS;F;ROSAL;CLIVIAS;HUMUS;C;LOS QUILLAYES 1675 PARCELA 16;19;351200;6272239;CORDILLERA;PIRQUE;R;MAIPO;0,500;;LOS QUILLAYES 1675 PARCELA 16 PIRQUE;bobadilla.laura@yahoo.com;
METROPOLITANA;;Fo;O;;13-849;26-05-2014;EL ROBLE;BRIAN JESUS;MARCHANT;FERNANDEZ;M;PEUMO;VIBURNUM;QUILLAY;C;PARCELA 23 A AGUILA NORTE ;19;336954;6248104;MAIPO;PAINE;R;MAIPO;1,000;7-4727250;HUERTO 25 A HOSPITAL;NO TIENE;
METROPOLITANA;;;O;;13-851;12-06-2014;I MUNICIPALIDAD DE LA FLORIDA;ILUSTRE MUNICIPALIDAD DE LA FLORIDA;ILUSTRE MUNICIPALIDAD DE LA FLORIDA;ILUSTRE MUNICIPALIDAD DE LA FLORIDA;PJ;APTEMIA;ADOCA;CUBRESUELO;A;REAL PONTEVEDRA 6515;19;352489;6290355;SANTIAGO;LA FLORIDA;U;MAIPO;0,500;66291437;VICUÑA MACKENNA 7210 LA FLORIDA;ivonne.acevedo@laflorida.cl;
METROPOLITANA;;;O;;13-852;13-06-2014;MONTAÑAS DE ANGOSTURA;ENRIQUE REYES BRIONES AGRICOLA Y GANADERA EIRL;ENRIQUE REYES BRIONES AGRICOLA Y GANADERA EIRL;ENRIQUE REYES BRIONES AGRICOLA Y GANADERA EIRL;PJ;PALMERA;LIQUIDAMBAR;PITTOSPORUM;C;AVENIDA VILUCO 2042 PARCELA 12;19;335499;6256305;MAIPO;BUIN;R;MAIPO;0,750;72146834;AVENIDA BULNES 79 OFICINA 47;bossandone@prosing.cl;
METROPOLITANA;;;O;;13-854;30-06-2014;ACUARIO EL PRINCIPAL;GUSTAVO;ARCE;HIDALGO;M;VALLISNERIA;HIDROFILA;CEREZO;C;CALLE NUEVA PARCELA 6C;19;355237;6269093;CORDILLERA;PIRQUE;U;MAIPO;0,500;28549001;CALLE NUEVA PARCELA 6C;elprincipaldepirque.arce5@gmail.com;
METROPOLITANA;;Fo;O;;13-855;08-07-2014;JARDIN EL RINCON;CASIN ENRIQUE;DERVICH;CANCINO;M;CRATAEGUS;LIGUSTRINA;MACROCARPA;C;GENERAL BAQUEDANO 4440;19;338391;6254184;MAIPO;PAINE;R;MAIPO;0,050;9-2017143;GENERAL BAQUEDANO 4440;casindervich@yahoo.es;
METROPOLITANA;;Fo;O;;13-856;08-07-2014;EL BOSQUE;PEDRO;FLORES;DIAZ;M;CRATAEGUS;QUILLAY;FLORES DE TEMPORADA;C;CAMINO MALLOCO PARCELA 27;19;339333;6277148;MAIPO;SAN BERNARDO;U;MAIPO;0,125;8-7156529;NICANOR PARRA 93 VILLA LOS POETAS CALERA DE TANGO;NO TIENE;
METROPOLITANA;;Fo;O;;13-858;02-09-2014;VIVERO ALIWEN;ALIWEN SOLUCIONES VERDES LTDA;ALIWEN SOLUCIONES VERDES LTDA;ALIWEN SOLUCIONES VERDES LTDA;PJ;PALMERA;MAITEN;LIQUIDAMBAR;C;CALLEJON 24 DE ABRIL PARCELA 92 3 G;19;344466;6259110;MAIPO;PAINE;R;MAIPO;0,400;67895185;AV.DIEGO PORTALES 596 A LA FLORIDA;contactenos@aliwenchile.cl;
METROPOLITANA;Ft;;;;13-864;30-09-2014;VIVERO JOSE VILCHES PIZARRO;VIVERO JOSE VILCHES PIZARRO;VIVERO JOSE VILCHES PIZARRO;VIVERO JOSE VILCHES PIZARRO;PJ;NOGAL;;;C;PARCELA 15 SANTA VICTORIA DE VILUCO LOTE 4;19;336718;6257856;MAIPO;BUIN;R;MAIPO;0,800;9540485;CALLE 8 PONIENTE 850 BUIN;vilchesreinaldo19@gmail.com;
METROPOLITANA;Ft;;;;13-864;30-09-2014;VIVERO JOSE VILCHES PIZARRO;VIVERO JOSE VILCHES PIZARRO;VIVERO JOSE VILCHES PIZARRO;VIVERO JOSE VILCHES PIZARRO;PJ;NOGAL;;;C;8 PONIENTE PARCELA 5;19;336929;6258141;MAIPO;BUIN;R;MAIPO;0,600;9540485;CALLE 8 PONIENTE 850 BUIN;vilchesreinaldo19@gmail.com;
METROPOLITANA;Ft;;O;;13-865;02-10-2014;VIVERO JARITA;SERGIO ISMAEL;JARA;COFRE;M;NOGAL;ALMENDRO ;PRUNUS;C;VILUCO 8705 PARCELA 6;19;332817;6263039;MAIPO;BUIN;R;MAIPO;0,200;9283947;VILLARRICA 13 MAIPO BUIN;NO TIENE;
METROPOLITANA;;Fo;O;;13-866;01-10-2014;VIVEROS CHILE;IMPORTACIONES Y EXPORTACIONES VIVEROS CHILE;IMPORTACIONES Y EXPORTACIONES VIVEROS CHILE;IMPORTACIONES Y EXPORTACIONES VIVEROS CHILE;PJ;QUILLAY;BOLDO;PEUMO;C;CAMINO CHADA KM 7 FUNDO CULITRIN;19;345386;6250425;MAIPO;PAINE;R;MAIPO;5,000;24754990;CARLOS SILVA VILDOSOLA 280 LA REINA;posorio@viveros-chile.cl;
METROPOLITANA;;Fo;O;;13-867;02-10-2014;VIVERO AMANKAY;MARIA DOLORES;BRIEVA;CASIMIRO;F;QUILLAY;PITTOSPORUM;VERONICA;C;LAS COLONIAS DE PAINE PARCELA 38;19;337153;6254984;MAIPO;PAINE;R;MAIPO;0,400;98218811;LAS COLONIAS DE PAINE PARCELA 38 PAINE;viveroamankay@hotmail.com;
METROPOLITANA;;;O;;13 -0 1;08-03-2006;SAJU;JUAN CARLOS ;ROMERO;LAMA;M;CACTÁCEAS;CRASSULAS;;C;SANTELICES 1769.;19;322795;6263897;TALAGANTE;ISLA DE MAIPO;U;TALAGANTE;0,30;;SANTELICES  1769, ISLA DE MAIPO;;
METROPOLITANA;Ft;;;;13 - 81;01-09-1998;EL NOGAL;CARLOS ;ROJAS;MATURANA;M;NOGAL;;;C;PARCELA 1. EL SOTILLO;19;324548;6276398;TALAGANTE;PADRE HURTADO;R;TALAGANTE;1,00;28111019;PARCELA N°1, EL SOTILLO;icerojasm@yahoo.es;
METROPOLITANA;Ft;;;;13 - 86;29-04-2003;EL PISTACHO;C.PISTACHOS DE CHILE LTDA.;C.PISTACHOS DE CHILE LTDA.;C.PISTACHOS DE CHILE LTDA.;PJ;GRANADO;PISTACHO;;C;"VIÑA LAS ENCINAS, LOTE  2;31;32";19;306036;6270422;TALAGANTE;EL MONTE;R;TALAGANTE;1,50;28314149;VIÑA LAS ENCINAS LOTE 2 CHIÑIGUE LAS PILASTRAS;hshirvani@pistacho.chile.cl;
METROPOLITANA;;;O;;13 - 93;03-11-1998;ZUNICRIS;LUIS ;ROJAS;SALAZAR;M;CACTÁCEAS;CRASSULAS;;C;PASAJE RUCALEMU 0299;19;324593;6280740;TALAGANTE;PEÑAFLOR;U;TALAGANTE;0,50;28122795;PASAJE RUCALEMU 0299. PEÑAFLOR;;
METROPOLITANA;;Fo;O;;13 - 94;08-05-1984;LAS BRUJAS;PABLO ;TITZE;MENZEL;M;CLEMATIDE;ROSAL;LIQUIDAMBAR,HEMEROCALLIS;C;CAMINO EL OLIVETO 0290;19;325459;6274440;TALAGANTE;TALAGANTE;R;TALAGANTE;4,00;28172488;CAMINO OLIVETO 0290;;
METROPOLITANA;;;O;;13 - 95;28-05-2004;GALAZ Y ROSENBERG;MARIBEL ;ROSENBERG;GALAZ;F;GERANIO;GAZANIA;LILIUM;C;PARCELA LA LAGUNA, CAMINO LONQUEN SUR S/N;19;328108;6269891;TALAGANTE;TALAGANTE;R;TALAGANTE;0,20;28559190;PARC.LA LAGUNA, CAMINO LONQUEN SUR S/N;;
METROPOLITANA;;Fo;O;;13 - 98;01-05-1984;TEGUALDA;PEDRO PABLO ;PEÑA;PEÑA;M;CRESPON;ROSAL;"LIGUSTRINA;PALMERA";C;PARCELA 6 A, TEGUALDA;19;319263;6270555;TALAGANTE;TALAGANTE;R;TALAGANTE;1,00;;PARCELA  6 A, TEGUALDA, TALAGANTE;;
METROPOLITANA;;Fo;O;;13 - 99;01-05-1984;EL ENCANTO;ALBERTO ;HADDAD;VALECH;M;ORQUIDEA;DENDROBIUM;ANTURIUM;C;PARCELA 12, CAMINO SAN IGNACIO;19;332324;6282096;TALAGANTE;PADRE HURTADO;R;TALAGANTE;1,00;28111634;PARC. 12, CAMINO SAN IGNACIO, P. HURTADO;;
METROPOLITANA;;;O;;13 - 100;01-12-1992;JOSE ;ARMANDO ;CHACON;DAILLE;M;CACTÁCEAS;CRASSULAS;;C;AV. LIBERTADORES 1649.;19;328818;6268142;TALAGANTE;EL MONTE;R;TALAGANTE;0,20;28183991;AVENIDA LIBERTADORES  1649, EL MONTE;;
METROPOLITANA;;Fo;O;;13 - 102;26-08-1998; PADRE HURTADO;JOSE ;CAAMAÑO;MARDONES;M;PYTOSPORUM ENANO;ROSAL;"MAGNOLIO GRANDIFLORA;GUAYABO;VIBURNO";C;PARCELA 10 A, EL SOTILLO;19;329907;6282831;TALAGANTE;PADRE HURTADO;R;TALAGANTE;1,50;28111495;PARCELA 10 A. EL SOTILLO;;
METROPOLITANA;Ft;Fo;O;;13 - 105;01-02-2000;AGRICOLA PORTALES ;AGRICOLA PORTALES LTDA;AGRICOLA PORTALES LTDA;AGRICOLA PORTALES LTDA;PJ;CEDRO DEL LIBANO;CEREZO;;C;CAMINO ANTIGUO MELIPILLA KM 31.;19;310833;6270539;TALAGANTE;TALAGANTE;R;TALAGANTE;0,20;28172266;CAMINO ANTIGUO MELIPILLA KM 31.;teillery@teillery.cl;
METROPOLITANA;;;O;;13 - 108;03-12-2002;JARDIN SAN ANTONIO;MARGARITA;LUCHSINGER;OROPEZA;F;ROSAL;;;C;CAMINO ANTIGUO MELIPILLA KM 31 1/2;19;326086;6276905;TALAGANTE;TALAGANTE;R;TALAGANTE;0,10;28172710;CAMINO ANTIGUO MELIPILLA KM 31 1/2;;
METROPOLITANA;;;O;;13 - 109;10-03-1998;JARDIN SOLEDAD;ENRIQUE ;SALINAS;MARTINEZ;M;PETUNIA;PENICETTUM;TARJETES;C;CAMINO SANTA INES  927, LO GUERRA;19;324707;6264811;TALAGANTE;ISLA DE MAIPO;R;TALAGANTE;1,00;28193195;CAMINO SANTA INES 927, LO GUERRA;;
METROPOLITANA;;Fo;O;;13 - 111;01-12-1991;ANDREA;HUMBERTO ;CAVERLOTTY;SOLIS;M;MIOSPORO;CRATAEGUS;GINKO BILOBA;C;CAMINO ISLA DE MAIPO KM 5;19;320952;6268828;TALAGANTE;TALAGANTE;R;TALAGANTE;0,50;;CAMINO ISLA DE MAIPO KM  5;viverocaverlotti@hotmail.com;
METROPOLITANA;Ft;Fo;O;;13 - 112;11-06-2004;AGROVIVERO MAIPO;CRISTIAN ;HERNANDEZ;GAETE;M;GAZANIA;DIMORFOTECA;"ROSA;LAURENTINA";C;LOS MUÑOSES 284;19;322009;6263819;TALAGANTE;ISLA DE MAIPO;R;TALAGANTE;0,20;28193652;LOS MUÑOCES 284;Viveromaipo@hotmail.com;
METROPOLITANA;;Fo;O;;13 - 113;27-02-1997;LOS NARANJOS;CORP.DE DESARROLLO SOCIAL DEL SECTOR RURAL;CORP.DE DESARROLLO SOCIAL DEL SECTOR RURAL;CORP.DE DESARROLLO SOCIAL DEL SECTOR RURAL;PJ;ROSAL;STERCULIA;PALMA CHILENA,;C;CAMINO EL OLIVETO 4807;19;328432;6272729;TALAGANTE;TALAGANTE;R;TALAGANTE;1,40;28559156;CAMINO EL OLIVETO 4807;;
METROPOLITANA;;Fo;O;;13 - 114;04-01-2005;CLAUDIO CORREA;CLAUDIO ;CORREA;FLORES;M;ACACIA CAPENSIS;CRATAEGUS;ROSA,CIPRES,ALEGRIA DEL HOGAR;C;RECINTO ESTACION LONQUEN;19;328146;6268035;TALAGANTE;ISLA DE MAIPO;R;TALAGANTE;0,50;;RECINTO ESTACION LONQUEN;;
METROPOLITANA;;Fo;O;;13 - 115;01-08-1999;HERMITA DE PAJARITOS;NELSON ;TAPIA;GALVEZ;M;RUDA;OREGANO;ROSA,ACACIA CAPENSIS;C;BILBAO 0244. PEÑAFLOR;19;326239;6281055;TALAGANTE;PEÑAFLOR;R;TALAGANTE;0,20;;BILBAO 0244. PEÑAFLOR;;
METROPOLITANA;;Fo;O;;13 - 117;22-06-2004;URCA;MARISOL ;CARO;RIQUELME;F;CRATAEGUS;GAZANIA;PAQUERETTE,CALA,MENTA,ETER;C;EL LABRADOR, SITIO N° 5.;19;329006;6282759;TALAGANTE;TALAGANTE;R;TALAGANTE;0,30;;EL LABRADOR, SITIO  N° 5.;;
METROPOLITANA;;Fo;O;;13 - 119;03-11-2004;LONQUEN;SOC. GRANJA AGRICOLA EDUCACIONAL;SOC. GRANJA AGRICOLA EDUCACIONAL;SOC. GRANJA AGRICOLA EDUCACIONAL;PJ;PYTOSPORUM ENANO;GAZANIA;PORCELANAS,QUILLAY,MIOSPORUM;C;PARCELA 17, LONQUEN;19;326151;6277218;TALAGANTE;TALAGANTE;R;TALAGANTE;1,30;28193049;PARCELA 17, LONQUEN;;28192027
METROPOLITANA;;Fo;O;;13 - 120;19-03-1995;HUELEN;ROSA ;MESIAS;NUÑEZ;F;ROSAL;CRATAEGUS;MYOPORUM;C;CAMINO LONQUEN SUR PARADERO 37 1/2;19;328099;6270019;TALAGANTE;TALAGANTE;R;TALAGANTE;0,50;28559319;CAMINO LONQUEN SUR PARAD.37 1/2, PARC.1;;
METROPOLITANA;Ft;Fo;O;;13 - 121;01-12-1990;FRAY ANDRES;HUGO ;CUNEO;FUENTES;M;ACACIA CAVEN;EUCALYPTUS;QUILLAY;C;BALMACEDA 7732, LONQUEN;19;328273;6268316;TALAGANTE;TALAGANTE;R;TALAGANTE;1,40;28559086;BALMACEDA 7732, LONQUEN;Viverofrayandres@hotmail.com ;
METROPOLITANA;;Fo;O;;13 - 124;13-01-2006;CARAMPANGUE;"NICOLAS  ; ANDREA ";"ALERT  ; CASAS CORDERO";MORA;M;PENICETTUM;STIPA;TUJA, AGAPANTO, DRACENA;C;PARCELA 7, PARCELACION PUERTA DE HIERRO;19;325953;6269546;TALAGANTE;TALAGANTE;R;TALAGANTE;0,40;;PARC. 7,PARCELACION PUERTA DE HIERRO;;
METROPOLITANA;;Fo;O;;13 - 126;15-05-2000;EL SOTILLO;ANDEAN ACO LTDA.;ANDEAN ACO LTDA.;ANDEAN ACO LTDA.;M;PYTOSPORUM ENANO;VIBURNUM;"LIQUIDAMBAR;LAURENTINASAGAPANTOS";C;CAMINO EL SOTILLO PARCELA 5 B;19;329638;6282769;TALAGANTE;PADRE HURTADO;R;TALAGANTE;1,00;;CAMINO EL SOTILLO PARCELA 5 B;;2286596
METROPOLITANA;;Fo;O;;13 - 130;07-08-2003;DOMUS AUREA;JUAN;NARIO;MATUS;M;QUILLAY;BRACHICHITO;LIQUIDAMBAR;C;PARCELA 7. LOS HUINGANES, EL MONTE;19;312479;6274913;TALAGANTE;EL MONTE;R;TALAGANTE;0,50;;PARCELA 7. LOS HUINGANES, EL MONTE;;
METROPOLITANA;Ft;;;V;13 - 482;06-10-2006;FUNDO NAGUAYAN;JOSE ANTONIO ;CELSI;FERRER;M;NOGAL;VID;;A/C;FUNDO NAGUAYAN, ISLA DE MAIPO;19;324920;6262819;TALAGANTE;ISLA DE MAIPO;R;TALAGANTE;0,50;28192430;LA BALLICA 700;llaveria@frutagro.cl;
METROPOLITANA;Ft;Fo;O;;13 - 533;02-12-2003;PROBICAL ;PROBICAL S.A.;PROBICAL S.A.;PROBICAL S.A.;PJ;ARÁNDANO;(IN VITRO);;C;CAMINO MELIPILLA 26200;19;329488;6282065;TALAGANTE;PEÑAFLOR;R;TALAGANTE;0,02;28113117;CAMINO MELIPILLA 26200;contacto@provical.cl;
METROPOLITANA;;;O;;13 - 540;14-11-2006;CACTUS RELMU;LEONEL ;PUMARINO;POBLETE;M;CACTÁCEAS;CRASSULAS;;C;PAJARITOS 2006.;19;326422;6281107;TALAGANTE;PEÑAFLOR;R;TALAGANTE;0,30;28127746;PAJARITOS 2006, PEÑAFLOR;;
METROPOLITANA;;;O;;13 - 543;02-02-2007;RUCAPANGUE;JURGEEN KUNT ;ROTTMANN ;SILVESTER;M;LIRIO ACUATICO;NENUFARES;ISOLEPSIS, TOTORA, PAPIRO,NENUFARES;C;CAMINO CARAMPANGUE 1543.;19;322986;6270866;TALAGANTE;TALAGANTE;R;TALAGANTE;1,00;28153540;CAMINO CARAMPANGUE 1543.;;
METROPOLITANA;Ft;Fo;O;;13 - 546;24-01-2007;VIVERO SANTA SOFIA;MANUEL ;BRAVO;GALLARDO;M;MANDARINO;NARANJO;LIMONERO, HIGUERA;C;SAN MARTIRIAN 451, VILLA LAS MERCEDES;19;324928;6260024;TALAGANTE;ISLA DE MAIPO;R;TALAGANTE;0,50;;SAN MARTIRIAN 451,LAS MERCEDES;viverosantasofia@hotmail.com;
METROPOLITANA;;Fo;;;13 - 548;22-03-2007;PIMPOLLO ;ANTONIO ;MARTINEZ;POZO;M;CACTÁCEAS;;;A;PARCELA 17, EL ROSARIO;19;326177;6269288;TALAGANTE;ISLA DE MAIPO;R;TALAGANTE;0,20;;PARCELA 17. EL ROSARIO, ISLA DE MAIPO;;
METROPOLITANA;;Fo;O;;13 - 556;15-05-2007;PARQUE MUNICIPAL TEGUALDA;ILUSTRE MUNICIPALIDAD TALAGANTE;ILUSTRE MUNICIPALIDAD TALAGANTE;ILUSTRE MUNICIPALIDAD TALAGANTE;PJ;LIGUSTRINA;GERANIO;ACER,LIQUIDAMBAR,;A;PARQUE MUNICIPAL TEGUALDA;19;319028;6272262;TALAGANTE;TALAGANTE;R;TALAGANTE;0,50;28151512;PARQUE MUNICIPAL TEGUALDA;;
METROPOLITANA;;Fo;O;;13 - 593;24-10-2007;SAN FRANCISCO PH.;OSVALDO ;URZUA;FUENTES;M;RAYITO DE SOL;AGAPANTO;HORTENSIA, CAMELIA, EVONIMO;C;RIO ACONCAGUA  1105, PADRE HURTADO;19;332114;6283183;TALAGANTE;PADRE HURTADO;U;TALAGANTE;0,50;28340472;RIO ACONCAGUA 1105.PADRE HURTADO;viverosanfrancisco@gmail.com;
METROPOLITANA;;;;V;13 - 599;03-09-2007;VIVERO SANTA INES S.A.;SANTA INES S.A.;SANTA INES S.A.;SANTA INES S.A.;PJ;VID;;;A/C;FUNDO SANTA INES;19;325191;6265705;TALAGANTE;ISLA DE MAIPO;R;TALAGANTE;0,40;28192959;CAMINO SANTA INES S/N;santaines@demartino.cl;28192973
METROPOLITANA;Ft;;;V;13 - 600;12-02-2008;VIVERO SANTA MARIA;JOSE CERSI S.A.;JOSE CERSI S.A.;JOSE CERSI S.A.;PJ;NOGAL;;;A/C;FUNDO SANTA MARIA;19;324271;6264700;TALAGANTE;ISLA DE MAIPO;R;TALAGANTE;1,00;28192430;FUNDO SANTA MARIA;;
METROPOLITANA;;Fo;O;;13 - 603;14-02-2008;LOS  ÑIRRES;GONZALO ;PARADA;FERRADA;M;QUILLAY;PEUMO;CUBRESUELO;C;PARCELA 9, LOTE 26, PARCELACION SANTA JOSEFA;19;318411;6269964;TALAGANTE;TALAGANTE;R;TALAGANTE;0,50;;PARC.9, LOTE 26, PARCELACION STA JOSEFA;;
METROPOLITANA;Ft;Fo;O;;13 - 636;25-03-2009;VIVERO  SEGOVIA;HECTOR  ;SEGOVIA;HORMAZAVAL;M;NOGAL;;;A/C;PARCELA 20, EL ROTO CHILENO;19;330024;6273310;TALAGANTE;TALAGANTE;R;TALAGANTE;0,20;28557665;PARCELA 20, EL ROTO CHILENO;;
METROPOLITANA;Ft;Fo;O;;13 - 641;07-04-2009;EL  QUELLAY;AGRICOLA EL QUELLAY LTDA;AGRICOLA EL QUELLAY LTDA;AGRICOLA EL QUELLAY LTDA;M;NOGAL;;;C;FUNDO SANTA VICTORIA PARCELA 2;19;321445;6270922;TALAGANTE;TALAGANTE;R;TALAGANTE;1,00;28151511;FUNDO SANTA VICTORIA PARCELA 2;gonzalodelcampo@hotmail.com;
METROPOLITANA;;;;V;13 - 659;10-01-2010;LAS  PIRCAS;VIÑEDOS Y BODEGAS LAS PIRCAS LTDA;VIÑEDOS Y BODEGAS LAS PIRCAS LTDA;VIÑEDOS Y BODEGAS LAS PIRCAS LTDA;PJ;VID;;;A;CAMINO LAS PARCELAS, PARCELA 4;19;325431;6267690;TALAGANTE;ISLA DE MAIPO;R;TALAGANTE;1,00;28193517;BALMACEDA 1500;recepcionpat@lpwines.cl;28193517
METROPOLITANA;Ft;Fo;O;;13 - 733;22-08-2011;VIVERO MADEJU;JUAN;HUERTA;LEYTON;M;NOGAL;;;C;ALVAREZ 1400, ISLA DE MAIPO;19;323102;6262612;TALAGANTE;ISLA DE MAIPO;R;TALAGANTE;1,25;;ALVAREZ 1400;juanmadeju@gmail.com;
METROPOLITANA;Ft;Fo;O;;13 - 734;27-09-2011;HUACHOCOPIHUE;SEVEN GABLES CHILE LLC;SEVEN GABLES CHILE LLC;SEVEN GABLES CHILE LLC;PJ;GRANADO;PISTACHO;;C;FUNDO HUACHOCOPIHUE, EL PAICO ALTO S/N;19;310431;6270994;TALAGANTE;EL MONTE;R;TALAGANTE;0,50;;FUNDO GUACHOCOPIHUE, EL PAICO ALTO;guachocopihue@gmail.com;
METROPOLITANA;Ft;Fo;O;;13 - 735;04-11-2011;VIVERO  AGRISOL;AGRISOL LTDA;AGRISOL LTDA;AGRISOL LTDA;PJ;NOGAL;;;A/C;CAMINO LOS PERROS, HIJUELA EL CAMPO;19;325801;6271143;TALAGANTE;TALAGANTE;R;TALAGANTE;1,00;;CAMINO LOS PERROS, HIJUELA EL CAMPO LOTES  D y C;mrivassalinas@hotmail.com;
METROPOLITANA;Ft;;;;13 - 745;24-01-2012;VIVERO AUSTRAL;VIVERO AUSTRAL LIMITADA;VIVERO AUSTRAL LIMITADA;VIVERO AUSTRAL LIMITADA;PJ;NOGAL;;;C;PARCELA 6 EL MOLINO;19;324529;6264545;TALAGANTE;ISLA DE MAIPO;R;TALAGANTE;1,00;;CASILLA 21 ISLA DE MAIPO;phr@viveroaustral.cl;
METROPOLITANA;Ft;;;;13 - 750;12-03-2012;SAN  JERONIMO;AGRICOLA SAN JERONIMO LTDA;AGRICOLA SAN JERONIMO LTDA;AGRICOLA SAN JERONIMO LTDA;PJ;NOGAL;;;C;PARCELA 4. FUNDO SANTA ANA;19;326329;6268379;TALAGANTE;TALAGANTE;R;TALAGANTE;0,50;;PARADERO 3.SANTA ANA .TALAGANTE;nicolasvargasu@gmail.com;
METROPOLITANA;Ft;;;;13 - 751;01-02-2012;LOS  RETAMOS ;AGRICOLA LOS RETAMOS LTDA;AGRICOLA LOS RETAMOS LTDA;AGRICOLA LOS RETAMOS LTDA;PJ;NOGAL;;;C;PARCELAS 5-6. FUNDO SANTA ANA;19;324414;6276491;TALAGANTE;TALAGANTE;R;TALAGANTE;1,00;;PARADERO 3.SANTA ANA .TALAGANTE;nicolasvargasu@gmail.com;
METROPOLITANA;;Fo;O;;13 - 804;23-11-2012;VIVERO RINCONADA DE NALTAGUA;ROLANDO ALEX;SANCHEZ;BARRA;PJ;MIOSPORO;CRATAEGUS;ROSAL;C;PARCELA 63.LOTE 1.SECTOR LA LLAVERIA.;19;317519;6266125;TALAGANTE;ISLA DE MAIPO;R;TALAGANTE;0,30;;LLAVERIA,SECTOR EL RIO.PARCELA63.LOTE 1;contacto.vivero,naltagua@gmail.com;
METROPOLITANA;;Fo;O;;13 - 811;22-05-2013;TERRAMONTE;MARTINA CRUZ-COKE PINOCHET;CRUZ-COKE;PINOCHET;F;PALMERA;;;C;FUNDO SAN MIGUEL S/N;19;317996;6272641;TALAGANTE;EL MONTE;R;TALAGANTE;2,00;;FUNDO SAN MIGUEL S/N;mcruzcoke@gmail.com;
METROPOLITANA;Ft;;;;13 - 827;30-09-2013;VIVEROS CHIÑIGUE;JORGE ;AVILA;PRADO;M;PALTO;;;C;CHIÑIGUE EL CRISTO S/N;19;305918;6271190;TALAGANTE;EL MONTE;R;TALAGANTE;0,30;;CHIÑIGUE EL CRISTO PARC. 22 LOTE 26;javila@agricom.cl;
METROPOLITANA;Ft;;;;13 - 692;27-09-2013;VIVERO SAN CRISTOBAL;MARCOS ;MELENDEZ;ORTIZ;M;NOGAL;;;C;PARC. Nº9 COLONIA DE LONQUEN;19;327018;6266336;TALAGANTE;ISLA DE MAIPO;R;TALAGANTE;2,50;;EL PASTOR Nº258 MAIPO;;
METROPOLITANA;Ft;Fo;O;;13 - 818;29-08-2013;LOS DOS NOGALES;OSCAR ;ARAVENA;PARRA;M;NOGAL;;;A/C;PARCELA Nº6 HIJUELA EL RECREO;19;322846;6262422;TALAGANTE;TALAGANTE;R;TALAGANTE;2,00;28559672;CORREO LONQUEN SITIO Nº21;;
METROPOLITANA;Ft;;O;;13 - 836;06-01-2014;4 HELA;CESAR ;MELENDEZ;ORTIZ;M;NOGAL;;;C;COLONIA LONQUEN PARCELA Nº9;19;326827;6266572;TALAGANTE;ISLA DE MAIPO;R;TALAGANTE;0,50;;COLONIA LONQUEN PARCELA Nº9;;
METROPOLITANA;Ft;;;;13 - 842;05-02-2014;VIVERO SAN CRISTOBAL;JOSÈ;GONZALÈZ;OLGUÌN;M;NOGAL;;;A/C;LOS HUINGANES PARC.Nº18 LOTE A EL ROSARIO;19;313106;6275910;TALAGANTE;EL MONTE;R;TALAGANTE;0,50;;EL ROTO CHILENO SITIO Nº8;p.mariacornejo@gmail.com;
METROPOLITANA;;;O;;13 - 850;02-06-2014;PUNTO VERDE;I. MUNICIPALIDAD DEL MONTE;I. MUNICIPALIDAD DEL MONTE;I. MUNICIPALIDAD DEL MONTE;PJ;CLAVELINA;GAZANIA;;A;IGNACIO CARRERA PINTO Nº048;19;316518;6271474;TALAGANTE;EL MONTE;U;TALAGANTE;0,25;225609700;AV. LOS LIBERTADORES Nº277;;
METROPOLITANA;;;O;;13 - 860;22-09-2014;VIVERO NUESTRO JARDÌN;VIVEROS PARRA Y MORALES LTDA;VIVEROS PARRA Y MORALES LTDA;VIVEROS PARRA Y MORALES LTDA;PJ;ACER JAPONICO;DRACENA;ROSAL;C;PARCELA Nº22 ;19;322575;6275167;TALAGANTE;TALAGANTE;R;TALAGANTE;0,20;;HUMBERTO TRUCO Nº9924 NUÑOA;cmoraleslabarca@gmail.com;
METROPOLITANA;Ft;;;;13 - 862;29-09-2014;VITAVIVERO;SOCIEDAD AGRÌCOLA Y VIVEROS LTDA;SOCIEDAD AGRÌCOLA Y VIVEROS LTDA;SOCIEDAD AGRÌCOLA Y VIVEROS LTDA;PJ;CEREZO;;;A/C;RUTA G-40 Nº1446;19;322264;6272413;TALAGANTE;TALAGANTE;R;TALAGANTE;1,00;228155485;RUTA G-40 Nª1446;losalmendros@los-almendros.cl;
METROPOLITANA;Ft;Fo;O;;13 - 863;30-09-2014;VIVERO PELVÌN;ELIANA DEL CARMEN;VIDAL;MANSILLA;F;VERONICA;PEUMO;;C;PARC. Nº24 LOTE 9 CAM. MALLARAUCO;19;322374;6279883;TALAGANTE;PEÑAFLOR;R;TALAGANTE;0,10;;PARC. Nº24 LOTE 9 CAM. MALLARAUCO;;
METROPOLITANA;;Fo;O;;13 - 128;30-10-1992;VIVERO EL COPIHUE;VICTOR ;SUAREZ;AZOCAR;M;CAMELIA;HORTENSIA;HELECHO;C;PARCELA N°5, CHIÑIGUE LAS ROSAS;19;304786;6273276;MELIPILLA;MELIPILLA;R;MELIPILLA;0,500;28316234;PARCELA N°5, CHIÑIGUE LAS ROSAS;ventas@viveroelcopihue.cl;
METROPOLITANA;Ft;Fo;O;;13 - 486;09-12-2004;RAICES DE MALLARAUCO;VIVERO RAICES DE MALLARAUCO;VIVERO RAICES DE MALLARAUCO;VIVERO RAICES DE MALLARAUCO;PJ;PITOSPORO;VERONICA;EUCALYPTUS;C;CALLEJON LAS BRUJAS S/N SANTA TERESA;19;310693;6282737;MELIPILLA;MELIPILLA;R;MELIPILLA;0,090;8310835;CALLEJON LAS BRUJAS S/N SANTA TERESA;S/i;
METROPOLITANA;Ft;;O;;13 - 487;01-10-2007;VIVERO MUNICIPAL;COORPORACION MUNICIPAL DE MELIPILLA;COORPORACION MUNICIPAL DE MELIPILLA;COORPORACION MUNICIPAL DE MELIPILLA;PJ;ARAUCARIA;ALAMO;RAYITO DE SOL;C;SILVA CHAVEZ N° 480;19;295386;6266931;MELIPILLA;MELIPILLA;R;MELIPILLA;0,200;8323244;S/I;S/i;
METROPOLITANA;Ft;Fo;O;;13 - 489;05-12-2001;VIVERO VALLE DE MIRAFLORES;PATRICIO ;DEL FIERRO;SALINAS;M;PEUMO;QUILLAY;JACARANDA;C;PARCELA 18 LOTE B MIRAFLORES;19;309429;6303427;MELIPILLA;CURACAVI;R;MELIPILLA;0,500;3900363;PARCELA 18, LOTE B - MIRAFLORES;S/i;
METROPOLITANA;Ft;;O;;13 - 494;01-10-1994;SAFARI;RAFAEL;YAÑEZ;YAÑEZ;M;LIGUSTRINA;PALMERA;SCHEFFLERA;C;CRUCE LAS ARAÑAS ;19;276730;6245376;MELIPILLA;SAN PEDRO ;R;MELIPILLA;0,400;S/I;S/I;S/i;
METROPOLITANA;Ft;Fo;O;;13 - 496;01-11-1994;SANTA MAGDALENA;REINALDO;VALDES;RAMIREZ;M;NARANJO;PALTO;ARALIA;C;PARCELA N°2, ESPERANZA DE LOLEO - IBACACHE;19;286414;6296169;MELIPILLA;MARIA PINTO;R;MELIPILLA;0,500;S/I;S/I;S/i;
METROPOLITANA;Ft;Fo;O;;13 - 498;01-07-2002;MAXICUESCO;GONZALO;CARVAJAL;SILVA;M;PALTO;NARANJO;MANDARINO;C;FDO. LOLEO IBACACHE LA PALMA 435;19;287489;6296512;MELIPILLA;MARIA PINTO;R;MELIPILLA;2,500;S/I;S/I;S/i;
METROPOLITANA;Ft;Fo;O;;13 - 501;09-08-2005;JARDIN NARANJO;GEORGINA;ROJAS;ALVAREZ;F;GINGO BILOBA;ACER JAPONICO;MAGNOLIO;C;PARCELA 18, SITIO 10. VILLA ALEGRE - RUMAY;19;291479;6276210;MELIPILLA;SAN PEDRO ;R;MELIPILLA;1,000;8310579;S/I;S/i;
METROPOLITANA;Ft;;O;;13 - 503;02-09-2002;VIVERO SAN MARTIN;ALICIA ;BARRAZA;CONTRERAS;F;PISTACHO;PECANO;PALMERA;C;SITIO B3 IBACACHE BAJO;19;290300;6290840;MELIPILLA;MARIA PINTO;R;MELIPILLA;0,250;S/I;S/I;S/i;
METROPOLITANA;;Fo;;;13 - 509;31-10-2007;EL QUILLAY;STREMER LTDA. ;STREMER LTDA. ;STREMER LTDA. ;PJ;QUILLAY;ALGARROBO;MOLLE;C;PARCELA 28 LOLENCO;19;312485;6298320;MELIPILLA;CURACAVI;R;MELIPILLA;2,000;8355073;S/I;S/i;
METROPOLITANA;;Fo;;;13 - 510;31-10-2007;VIVERO SAN PEDRO;CONAF;CONAF;CONAF;PJ;EUCALYPTUS;QUILLAY;PEUMO;C;SAN PEDRO ROBLE N° 7;19;275080;6244822;MELIPILLA;SAN PEDRO;R;MELIPILLA;2,500;S/I;S/I;S/i;
METROPOLITANA;;Fo;;;13 - 511;16-05-1991;HUMBERTO MENA;HUMBERTO ;MENA;SANCHEZ;M;PALMERA;EUCALYPTUS;ACACIA;C;PARCELA N°9, ASENTAMIENTO LA ALIANZA - SANTA JULIA;19;294805;6272293;MELIPILLA;MELIPILLA;R;MELIPILLA;0,500;8311218;S/I;S/i;
METROPOLITANA;Ft;;;;13 - 512;01-05-2000;VIÑA SANTA RITA;VIÑA SANTA RITA S.A.;VIÑA SANTA RITA S.A.;VIÑA SANTA RITA S.A.;PJ;VID;;;A/C;FDO. POLULO DE ALHUE;19;302827;6232480;MELIPILLA;ALHUE;R;MELIPILLA;5,000;3622028;S/I;S/i;
METROPOLITANA;Ft;;;;13 - 515;23-04-2001;SUNNYRIDGE;SUNNYRIDGE LTDA;SUNNYRIDGE LTDA;SUNNYRIDGE LTDA;PJ;ARÁNDANO;;;C;P.19 D CODIGUA;19;280320;6254823;MELIPILLA;MELIPILLA;R;MELIPILLA;3,000;S/I;S/I;S/i;
METROPOLITANA;Ft;;;;13 - 519;30-08-2004;LOS QUIQUES;AGRIC. SAN FRANCISCO LTDA. ;AGRIC. SAN FRANCISCO LTDA. ;AGRIC. SAN FRANCISCO LTDA. ;PJ;KIWI;GRANADO;NOGAL;A/C;P.18 MANANTIALES;19;298581;6261973;MELIPILLA;MELIPILLA;R;MELIPILLA;2,000;2232088;S/I;S/i;
METROPOLITANA;;;O;;13 - 523;01-04-1986;CLAUDIA Y ANDREA;JUAN;BELLO;SANCHEZ;M;LIGUSTRINA;FICUS;SCHEFFLERA;C;EL MARCO S/N POMAIRE;19;300680;6273659;MELIPILLA;MELIPILLA;R;MELIPILLA;0,300;S/I;S/I;S/i;
METROPOLITANA;;;O;;13 - 527;01-10-2000;EL LUCHIN;LUIS;GONZALEZ;MUÑOZ;M;DURAZNERO;DAMASCO;LIMONERO;C;CALLE SAN ANTONIO N° 191, POMAIRE;19;300699;6274513;MELIPILLA;MELIPILLA;U;MELIPILLA;0,300;8313535;S/I;S/i;
METROPOLITANA;;Fo;O;;13 - 531;28-11-2006;LAS HORTENSIAS;MARIA ;ZAVALA;AVALOS;F;PITOSPORO;TUJA;CRATEGUS;C;CULLUNCAVI ABAJO  PARCELA 33;19;303186;6303519;MELIPILLA;CURACAVI;R;MELIPILLA;0,012;S/I;S/I;S/i;
METROPOLITANA;;;O;;13 - 534;29-11-2006;JARDIN HOREB;JARDIN HOREB GLORIA MELLA E.I.R.L;JARDIN HOREB GLORIA MELLA E.I.R.L;JARDIN HOREB GLORIA MELLA E.I.R.L;PJ;PALMERA;FRUTILLA;ABUTILON;C;CAMINO EL TORO PARCELA 79;19;298949;6302378;MELIPILLA;CURACAVI;R;MELIPILLA;0,500;S/I;S/I;S/i;
METROPOLITANA;Ft;Fo;O;;13 - 537;09-01-2002;MARICRISVI;MARIA ;SILVA;CACERES;F;EUCALYPTUS;PALTO ;NARANJO;C;AV.VALPARAISO S/N KM 13 SAN JOSE;19;294075;6280567;MELIPILLA;MELIPILLA;R;MELIPILLA;1,000;S/I;S/I;S/i;
METROPOLITANA;Ft;Fo;O;;13 - 539;25-10-2000;MONTE VERDE;RICARDO ;ARIZTIA;;M;PALTO;NARANJO;LIMONERO;C;FUNDO EL CARDAL - PABELLON;19;296934;6261455;MELIPILLA;PABELLON;R;MELIPILLA;0,500;8151558;S/I;S/i;
METROPOLITANA;Ft;;O;;13 - 595;12-12-2007;VIVERO CHOLQUI;CORNELIO ;JEREZ;JEREZ;M;LIQUIDAMBAR;ACER JAPONICO;PITOSPORA;C;PARCELA 17-B  CHOLQUI;19;304003;6260542;MELIPILLA;MELIPILLA;R;MELIPILLA;0,400;8311502;S/I;S/i;
METROPOLITANA;;Fo;O;;13 - 628;09-10-2008;DORA Y DEME;MARIA;JIMENEZ;PARDO;F;PALMERA;EUCALYPTUS;QUILLAY;C;PARCELA 25 PABELLON;19;297439;6262180;MELIPILLA;MELIPILLA;R;MELIPILLA;0,050;S/I;S/I;S/i;
METROPOLITANA;;;;V;13 - 644;08-06-2009;PUANGUE;SOCIEDAD AGRICOLA UNIAGRICOPIAPOO LTDA.;SOCIEDAD AGRICOLA UNIAGRICOPIAPOO LTDA.;SOCIEDAD AGRICOLA UNIAGRICOPIAPOO LTDA.;PJ;VID;;;C;HIJUELA B DE LA HACIENDA CSAS VIEJAS DE PUANGUE;19;285547;6276151;MELIPILLA;MELIPILLA;R;MELIPILLA;45,000;S/I;S/I;S/i;
METROPOLITANA;Ft;Fo;O;V;13 - 651;01-10-2000;JARDIN LAS VIOLETAS;INMOBILIARIA SANTA JUANITA SA;INMOBILIARIA SANTA JUANITA SA;INMOBILIARIA SANTA JUANITA SA;PJ;ROSAL;LAUREL DE FLOR; ;C;PARCELA 1 LA AURORA CURACAVI;19;310850;6299780;MELIPILLA;CURACAVI;R;MELIPILLA;0,030;8355100;S/I;S/i;
METROPOLITANA;Ft;;;;13 - 653;11-09-2009;VISOMAX;GUSTAVO;JAMETT;MANCILLA;M;NOGAL;;;C;PARCELA 202 SECTOR 4 POPETA;19;295534;6270398;MELIPILLA;MELIPILLA;R;MELIPILLA;0,001;S/I;S/I;S/i;
METROPOLITANA;Ft;;;;13 - 702;21-04-2011;SAN RAMON;JOSE ;MUÑOZ;TAPIA;M;NOGAL;;;C;SAN RAMON DE PURO;19;275845;6258042;MELIPILLA;MELIPILLA;R;MELIPILLA;1,000;S/I;S/I;S/i;
METROPOLITANA;;Fo;;;13 - 720;16-08-2011;NATIVOS DE CANTILLANA;RAMOS PARDO Y COMPAÑÍA;RAMOS PARDO Y COMPAÑÍA;RAMOS PARDO Y COMPAÑÍA;PJ;QUILLAY;PEUMO;;C;FUNDO SAN JUAN DE PICHI;19;310720;6241023;MELIPILLA;ALHUE;R;MELIPILLA;1,000;8847822;S/I;MCORREAMOREL@GMAIL.COM;
METROPOLITANA;Ft;;;;13 - 738;23-11-2011;VIVEROS PUANGUE LTDA.;VIVEROS PUANGUE LTDA.;VIVEROS PUANGUE LTDA.;VIVEROS PUANGUE LTDA.;PJ;NOGAL;;;C;PARCELA 38 LUMBRERAS ;19;287948;6276908;MELIPILLA;MELIPILLA;C;MELIPILLA;1,500;S/I;S/I;TSCHMIDT@TOPFLOR.CL;
METROPOLITANA;Ft;Fo;O;;13 - 739;25-11-2011;LAURITA;LAURA ;CACERES;ARAOS;F;LAUREL DE FLOR;ROSAL;;C;AV. VALPARAISO SARGENTO CANDELARIA SAN JOSE KM 11,5;19;292083;6261086;MELIPILLA;MELIPILLA;R;MELIPILLA;0,600;S/I;S/I;S/i;
METROPOLITANA;;Fo;O;;13 - 747;21-02-2012;VIVERO ELVIRA VIDELA GONZALEZ;LASTENIA ;VIDELA;GONZALEZ;F;QUILLAY;LIQUIDAMBAR;PALMERA;C;PARCELA 3 UNION SAN JOSE;19;312238;6298347;MELIPILLA;CURACAVI;R;MELIPILLA;0,100;8355022;S/I;CURACAHUIN@HOTMAIL.COM;
METROPOLITANA;;;O;;13 - 753;13-04-2012;MUSOS GARDEN;SOCIEDAD FERNANDEZ Y CIA LTDA;SOCIEDAD FERNANDEZ Y CIA LTDA;SOCIEDAD FERNANDEZ Y CIA LTDA;PJ;PEUMO;QUILLAY;CRESPON;C;PARCELA N° 25, UNION CHILENA;19;311688;6297050;MELIPILLA;CURACAVI;R;MELIPILLA;3,000;S/I;S/I;S/i;
METROPOLITANA;;Fo;O;;13 - 756;16-04-2012;EL NONO;ANA;MIRANDA;DUMAND;F;PITOSPORO;ALEGRIA DEL HOGAR;PINO;C;CAMINO MALLARAUCO 3060;19;297729;6283522;MELIPILLA;MELIPILLA;R;MELIPILLA;0,100;S/I;S/I;S/i;
METROPOLITANA;;Fo;O;;13 - 761;18-05-2012;VIVERO LAS HIGUERAS;JORGE;TORRES;VERGARA;M;DURAZNERO;NECTARIN;HORTENSIA;C;AVENIDA OHIGGINS 2159-D;19;302664;6302171;MELIPILLA;CURACAVI;U;MELIPILLA;0,026;8363257;S/I;S/i;
METROPOLITANA;;Fo;O;;13 - 762;22-05-2012;VALLE CENTRAL;NUNGAL LTDA;NUNGAL LTDA;NUNGAL LTDA;PJ;QUILLAY;JACARANDA;ACACIA;C;SITIO 13 LOS GUINDOS;19;292596;6248020;MELIPILLA;MELIPILLA;R;MELIPILLA;0,250;S/I;S/I;S/i;
METROPOLITANA;;Fo;;;13 - 764;28-05-2012;VIVERO LONCHA;CODELCO CHILE - DIV EL TENIENTE;CODELCO CHILE - DIV EL TENIENTE;CODELCO CHILE - DIV EL TENIENTE;PJ;PALMA CHILENA;;;A;HACIENDA LONCHA;19;297578;6226744;MELIPILLA;ALHUE;R;MELIPILLA;2,000;S/I;S/I;S/i;
METROPOLITANA;;Fo;;;13 - 768;18-06-2012;NATIVOS MAI;MARIA;FERRANDO;HANUS;F;PEUMO;QUILLAY;LINGUE;C;PARCELA 32;19;315830;6303381;MELIPILLA;CURACAVI;R;MELIPILLA;1,000;S/I;S/I;S/i;
METROPOLITANA;;;O;;13 - 775;21-08-2012;VIVERO MIRAFLORES;AGRICOLA LOS QUILLAYES DE MIRAFLORES LIMITADA;AGRICOLA LOS QUILLAYES DE MIRAFLORES LIMITADA;AGRICOLA LOS QUILLAYES DE MIRAFLORES LIMITADA;PJ;CACTÁCEAS;SUCULENTAS;;A;PARCELA 45 DEL PROY DE PARC UNION SAN JOSE;19;307284;6301015;MELIPILLA;CURACAVI;R;MELIPILLA;0,500;S/I;S/I;S/i;
METROPOLITANA;;;O;;13 - 782;04-10-2012;VIVERO Y JARDIN LAS PALMERAS;CYNTHIA;GONZALEZ;MEZA;F;FILODENDRO;PALMERA;FICUA;C;PARCELA 18 - CAMINO LO AGUILA;19;301182;6300264;MELIPILLA;CURACAVI;R;MELIPILLA;0,047;S/I;S/I;S/i;
METROPOLITANA;Ft;Fo;O;;13 - 786;23-10-2012;HUILEN;CARLOS;ATABALES;ACEVEDO;M;OREJA DE OSO;SCHEFFLERA;LIGUSTRINA;C;PARCELA N°30 - PABELLON;19;296326;6263378;MELIPILLA;MELIPILLA;R;MELIPILLA;0,012;S/I;S/I;S/i;
METROPOLITANA;Ft;;O;;13 - 787;31-10-2012;JARDIN ESTATUA ANDESITA;CHIEN-CHANG YEN AGRICULTURA Y COMERCIAL E.I.R.L;CHIEN-CHANG YEN AGRICULTURA Y COMERCIAL E.I.R.L;CHIEN-CHANG YEN AGRICULTURA Y COMERCIAL E.I.R.L;PJ;SCHEFFLERA;LIGUSTRINA;;C;HIJUELA N°4 - IBACACHE;19;285076;6295837;MELIPILLA;MARIA PINTO;R;MELIPILLA;2,000;S/I;S/I;S/i;
METROPOLITANA;;Fo;;;13 - 788;24-10-2012;VIVERO EL MEMBRILLO;AGRICOLA Y FORESTAL EL ASIENTO LIMITADA;AGRICOLA Y FORESTAL EL ASIENTO LIMITADA;AGRICOLA Y FORESTAL EL ASIENTO LIMITADA;PJ;NATIVAS;;;C;HIJUELA N°4, KM 8;19;316421;6233123;MELIPILLA;ALHUE;R;MELIPILLA;0,500;S/I;S/I;S/i;
METROPOLITANA;;;O;;13 - 792;15-11-2012;CACTAREO POMAIRE;NIBALDO;SANTANDER;RIVEROS;M;CACTÁCEAS;;;C;SAN ANTONIO 60;19;300542;6274052;MELIPILLA;MELIPILLA;U;MELIPILLA;0,010;S/I;S/I;S/i;
METROPOLITANA;Ft;;;;13 - 793 ;13-11-2012;VIVERO VERPLANT;SOCIEDAD AGRICOLA Y EXPORTADORA PILARES VERDES;SOCIEDAD AGRICOLA Y EXPORTADORA PILARES VERDES;SOCIEDAD AGRICOLA Y EXPORTADORA PILARES VERDES;PJ;CIRUELO;NECTARIN;DURAZNERO;A;HIJUELA 3 - FUNDO CAREN BAJO;19;295526;6228360;MELIPILLA;ALHUE;R;MELIPILLA;5,400;S/I;S/I;RDV@VERTFRUT.CL;
METROPOLITANA;;Fo;O;;13 - 794;21-11-2012;VIVERO SAN NICOLAS;GRUPO RIAS BAJAS SpA;GRUPO RIAS BAJAS SpA;GRUPO RIAS BAJAS SpA;PJ;NOGAL;QUILLAY;;C;LOTE B, PARCELA 6 - EL LUCHADOR;19;293789;6292106;MELIPILLA;MARIA PINTO;R;MELIPILLA;0,500;S/I;S/I;DANILO.BASIS@GMAIL.COM;
METROPOLITANA;;;O;;13 - 799 ;22-11-2012;GLORIA RAMIREZ PARAUD;GLORIA ANA;RAMIREZ;PARAUD;F;CACTÁCEAS;;;C;PARCELA 76 - PATAGUILLA;19;316526;6289498;MELIPILLA;CURACAVI;R;MELIPILLA;0,016;S/I;S/I;GORICACTUS@GMAIL.COM;
METROPOLITANA;;;O;;13 - 821;18-08-2013;JARDIN DEL CAMINO LIMITADA;VIVERO JARDIN DEL CAMINO;JARDIN DEL CAMINO LIMITADA;JARDIN DEL CAMINO LIMITADA;PJ;QUILLAY;PEUMO;MAITEN;C;PARCELA 4N11;19;309194;6303602;MELIPILLA;CURACAVI;R;MELIPILLA;0,25;S/I;S/I;S/i;
METROPOLITANA;Ft;;;;13 - 826;30-09-2013;VIVERO MONTENEGRO;SERGIO CAÑAS AGRICOLA Y COMERCIAL EIRL;SERGIO CAÑAS AGRICOLA Y COMERCIAL EIRL;SERGIO CAÑAS AGRICOLA Y COMERCIAL EIRL;PJ;NOGAL;;;C;PARCELA 260, KM 81/2. CAMINO RAPEL;19;291960;6260788;MELIPILLA;MELIPILLA;R;MELIPILLA;1,000;S/I;S/I;S/i;
METROPOLITANA;Ft;;;;13-839;29-01-2014;ENTRE FUNDOS;AGRICOLA ENTRE FUNDOS LTDA.;AGRICOLA ENTRE FUNDOS LTDA.;AGRICOLA ENTRE FUNDOS LTDA.;PJ;NOGAL;;;A;PARCELA 5 SITIO 4 MALALHUE;19;299057;6293289;MELIPILLA;MARIA PINTO;R;MELIPILLA;1,30;S/I;S/I;AGRICOLAROSARIOLTDA@GMAIL.COM;
METROPOLITANA;Ft;;;;13-840;29-01-2014;AGROSTEVIACHILE;ALVARO;GALLEGUILLOS;ABARCA;M;STEVIA;;;C;PARCELA 5B PUANGUE;19;286154;6272503;MELIPILLA;MELIPILLA;R;MELIPILLA;0,25;S/I;S/I;ALVAROGALLEGUILLOS@LIVE.COM;
METROPOLITANA;Ft;Fo;;;13-841;29-01-2014;LOS JARDINES DE CHOCALAN;HERMANOS MARCHANT LTDA.;HERMANOS MARCHANT LTDA.;HERMANOS MARCHANT LTDA.;PJ;PALMERA;AGAPANTO;;C;KM 4,5 CARRETERA G 60 ISLA DE CHOCALAN;19;293496;6264179;MELIPILLA;MELIPILLA;R;MELIPILLA;1,00;S/I;S/I;S/i;
METROPOLITANA;;;O;;13-845;19-02-2014;VIVERO VIVI;VIVIANA DE LAS MERCEDES;PAIVA;HERNANDEZ;F;AGAPANTO;ARRAYAN;;C;PARCELA 269 LOTE A26;19;291448;6259383;MELIPILLA;MELIPILLA;R;MELIPILLA;0,20;S/I;S/I;S/i;
METROPOLITANA;Ft;;;V;13-859;10-09-2014;VIVEROS EL PORVENIR;SOCIEDAD AGRICOLA EL PORVENIR;SOCIEDAD AGRICOLA EL PORVENIR;SOCIEDAD AGRICOLA EL PORVENIR;PJ;CEREZO;NECTARIN;DURAZNERO;A/C;FUNDO SAN CARLOS, ALHUE;19;296167;6227829;MELIPILLA;ALHUE;R;MELIPILLA;3,00;S/I;S/I;SRODRIGUEZ@VERFRUT.CL;
METROPOLITANA;Ft;;;V;13-861;29-09-2014;AGRIJOHNSON;JORGE PATRICIO;ARCE;JOHNSON;PJ;VID;;;A/C;PARCELA 16B MIRAFLORES;19;308769;6302285;MELIPILLA;CURACAVI;R;MELIPILLA;2,50;S/I;S/I;JOHNSONYMEDINA@GMAIL.COM;
METROPOLITANA;Ft;;;;13-868;30-09-2014;EL TREBOL;AGRICOLA EL ARADO LTDA.;AGRICOLA EL ARADO LTDA.;AGRICOLA EL ARADO LTDA.;PJ;NOGAL;;;C;FUNDO LOS MAYOS S/N;19;304201;6270105;MELIPILLA;MELIPILLA;R;MELIPILLA;2,00;62127525;;SERGIOTRONCO@GMAIL.COM;
METROPOLITANA;Ft;;;V;13-869;23-10-2014;BLUECIENCES S.A.;JOHNSON Y MEDINA LTDA. Y AGRICOLA MANANTIALES LTDA.;JOHNSON Y MEDINA LTDA. Y AGRICOLA MANANTIALES LTDA.;JOHNSON Y MEDINA LTDA. Y AGRICOLA MANANTIALES LTDA.;PJ;ARÁNDANO;;;C;PARCELA 18B MIRAFLORES;19;308769;6302285;MELIPILLA;CURACAVI;R;MELIPILLA;0,50;977675621;;PA@BLUECIENCES.CL;
METROPOLITANA;Ft;;;;5;03-04-2007;LINDEROS;MARTINEZ TASSO LUIS Y OTRA;MARTINEZ TASSO LUIS Y OTRA;MARTINEZ TASSO LUIS Y OTRA;M;CIRUELO;ALMENDRO;DAMASCO;C;HIJUELA 2 y 3 SANTA ROSA;19;346463;6306283;SANTIAGO;HUECHURABA;R;METROPOLITANA;2;7376379;;;
METROPOLITANA;;Fo;;;9;14-07-2006;POLPAICO S.A.;CEMENTO POLPAICO S.A.;CEMENTO POLPAICO S.A.;CEMENTO POLPAICO S.A.;PJ;PIMIENTO;QUILLAY;HUINGAN. ALGARROBO;A;PLANTA POLPAICO CEMENTO;19;328986;6330223;SANTIAGO;TIL TIL;R;METROPOLITANA;0.1 ;2023812;;;
METROPOLITANA;;Fo;O;;17;29-06-2006;LELIA SCHELL;LELIA;SCHELL;;F;ACER JAPONICO;HORTENSIA;AZALEA;C;MAYECURA  1555;19;355443;6300675;SANTIAGO;LAS CONDES;U ;METROPOLITANA;0,0006;2298047;; ;
METROPOLITANA;;;O;;20;05-09-2006;LOS ULMOS DE PTO. OCTAY;VIVEROS Y PARQUES LTDA;VIVEROS Y PARQUES LTDA ;VIVEROS Y PARQUES LTDA.;PJ;RODODENDRO;CAMELIA;ROBLE. COIGUE.ARRAYAN;C;FRANCISCO BULNES CORREA 699;19;359613;6305255;SANTIAGO;LAS CONDES;U;METROPOLITANA;0,2;2171596;;;
METROPOLITANA;;;O;;22;05-09-2006;JARDIN JACARANDA;CRIADERO DE PLANTAS JARDIN JACARANDA LTDA;CRIADERO DE PLANTAS JARDIN JACARANDA LTDA;CRIADERO DE PLANTAS JARDIN JACARANDA LTDA;PJ;LAUREL DE FLOR;PEUMO;LIGUSTRINA.PITOSPORO.JACARANDA;C;CARLOS SILVA VILDOSOLA 9583;19;357716;6298679;SANTIAGO;LA REINA;U;METROPOLITANA;0,3;2739433;;;
METROPOLITANA;;;O;;4;01-05-2006;ORQUIDEA ORIENTAL;ORQUIDEA ORIENTAL LTDA. ;ORQUIDEA ORIENTAL LTDA;ORQUIDEA ORIENTAL LTDA;PJ;OMCIDIUM;SIMBILIUM;;C;EL CAMBUCHO P70 C NOVICIADO;19;326575;6303394;SANTIAGO;PUDAHUEL;R;METROPOLITANA;0.3;7475649;;;
METROPOLITANA;;;O;;25;12-03-2006;PAZ Y FLORA;IIMPORT. Y DISTRIBUIDORA PAZ Y FLORA LTDA;IMPORT. Y DISTRIBUIDORA PAZ Y FLORA LTDA.;IMPORT Y DISTRIBUIDORA PAZ Y FLORA LTDA;PJ;LILIUM;JACINTO;LIRIO, MUSCARIS;C;CASA 26 SITIO 3 CAN. SAN JOSE;19;341809;6320636;CHACABUCO;COLINA;R;METROPOLITANA;0,2;5356016;;pazyflor@vtr.net;
METROPOLITANA;;;O;;26;13-07-2007;ARANJUEZ;SILVIA ;TAPIA;VARGAS;M;LIGUSTRINA;PITOSPORO;ROSA. LAURENTINA. PAQUERET;C;CAMINO A MELIPILLA 17306;19;334355;6286706;SANTIAGO;MAIPU;U;METROPOLITANA;0,8;5356016;;;
METROPOLITANA;;;O;;27;14-07-2006;VIVERO EL ENCANTO;JOSE LUIS ;PIZARRO;C;M;TULIPERO;NANDINA, LIQUIDAMBAR;LIQUIDAMBAR.PINO AZUL;C;ANTUPIREN 10001 PARCELA II B;19;358102;6293845;SANTIAGO;PEÑALOLEN;R;METROPOLITANA;0,95;2921529;;;
METROPOLITANA;;;O;;30;16-08-2006;DON LOLO;RODOLFO ;SOTO;RIVERA;M;AZALEA;CAMELIA;PITOSPORO.LAURENTINA;C;ANTUPIREN 9713 PARCELA 9;19;357843;6294007;SANTIAGO;PEÑALOLEN;R;METROPOLITANA;0.8 ;2786244;;;
METROPOLITANA;;;O;;31;02-10-2007;JARDIN STA. MARIA;MARIA RABAT VILAPLANA Y OTRA;MARIA RABAT VILAPLANA Y OTRA;MARIA VILAPLANA Y OTRA;F;PITOSPORO;PALMERA;LAUREL. LAURENTINA. ROSA;C;CAROLINA RABAT 296;19;353341;6305919;SANTIAGO;VITACURA;U;METROPOLITANA;0,12;2426292;;JARDINSTAMARIA@VTR.NET;
METROPOLITANA;;;O;;32;27-10-2006;LA FUENTE;MARIA  LUISA;LYON;S;F;MAGNOLIO;PITOSPORO;NANDINA. BOJ. PEUMO;C;CAMINO LA FUENTE 1159;19;358747;6304652;SANTIAGO;LAS CONDES;U;METROPOLITANA;0,1;2141414;;;
METROPOLITANA;;;O;;34;21-12-2006;LELIANTU;M. DE LA VIVIENDA;M. DE LA VIVIENDA;M. DE LA VIVIENDA;PJ;ARRAYAN;HORTENSIA;COPROSMA.LAUREL;C;PUENTE LOS SALDES;19;350806;6302709;SANTIAGO;VITACURA;U;METROPOLITANA;2,4;7301457;;;
METROPOLITANA;;;O;;37; 11/10/2006;STA. ISABEL;ENRIQUE ;ACOSTA;;M;OREJA DE OSO;LAURENTINA;FICUS. PITOSPOROS.-;C;ARTURO PRAT N° 5845;19;338748;6302595;SANTIAGO;RENCA;U;METROPOLITANA;0,2;6224203;;;
METROPOLITANA;;;O;;38;21-11-2006;JARDIN PEHUEN;AGRICOLA CASSASUS BULNES LTDA.;AGRICOLA CASSASUS BULNES LTDA;AGRICOLA CASSASUS BULNES LTDA;PJ;ARAUCARIA A.;AGAVE;PUYA. BOJ. ABETO. PALMA CH.;C;AV. EL DESCANSO 1230;19;337016;6295557;SANTIAGO;MAIPU;U;METROPOLITANA;I,8 ;7436453;;;
METROPOLITANA;;;O;;39;03-10-2007;DAR EL BEIDA;HEINZ;STAIGER;CORNELY;M;PALMA CHILENA;PITOSPORO;CAMELIA. LAUREL;C;PARADERO 7 1/2 CAMINO LONQUEN;19;336828;6285288;SANTIAGO;MAIPU;R;METROPOLITANA;1.5 ;5376827;;;
METROPOLITANA;;;O;;41;27-09-2007;JARDIN  CORDILLERA;LUIS  Y MIGUEL;ESTAY;VALENZUELA;PJ;PITOSPORO;CAMELIA;AZALEA . RODODENDRO;C; PAUL HARRIS 11900 CAM, LA POSADA 11900;19;358791;6305612;SANTIAGO;LAS CONDES;U;METROPOLITANA;0,8;2173508;;;
METROPOLITANA;;;O;;42;10-08-2009;EL PALOMAR;AGRICOLA Y COMERCIALEL PALOMAR  LTDA;AGRICOLA Y COMERCIAL EL PALOMAR LTDA;AGRICOLA Y COMERCIAL EL PALOMAR  LTDA;M;CAMELIA;VIBURNUM MASCANTHA;BOJ. AZALEA . RODODENDRO;C;PARCELA 7 SAN JOSE;19;341644;6320693;CHACABUCO;COLINA;R;METROPOLITANA;1,5;8448054;;;
METROPOLITANA;;;O;;44;17-01-2006;VIVEROS Y JARDIN ARAUCANO;SOCIEDAD DE.JARDINES LUMARO LTDA;SOCIEDAD DE JARDINES LUMARO LTDA.;SOCIEDAD DE JARDINES LUMARO LTDA;PJ;LAUREL DE FLOR;AZALEA;ACER. BOJ. GINKO. PEUMO;C;C. GRAL. SAN MARTIN KM 26 PARC  22;19;342621;6322212;CHACABUCO;COLINA;R;METROPOLITANA;1,5;8445410;;COLINA@ARAUCANO.CL;
METROPOLITANA;;;O;;45;14-07-2006;EL ALBA DE CHICUREO;JARDIN EL ALBA DE CHICUREO LTDA;JARDIN EL ALBA DE CHICUREO LTDA;JARDIN EL ALBA DE CHICUREO LTDA;PJ;LAUREL DE FLOR;AGAPANTO;CEDRO DEL LIBANO . GINKO B.;C;PARCELA 2 Y 3 CHICUREO;19;341659;6315740;CHACABUCO;COLINA;R;METROPOLITANA;0,15;7388285;;;
METROPOLITANA;;;O;;46;11-07-2006;JARDIN PRAT;JOSE ;PEREZ;VENEGAS;M;LAUREL DE FLOR;HIBISCO;MIOSPORO. CASUARINA;C;STA. SARA PARCELA 8  LOTE 2;19;335001;6322002;CHACABUCO;LAMPA;R;METROPOLITANA;0,45;;;;
METROPOLITANA;;;O;;47;30-08-2007;LA HIGUERA;JUAN ;ALVARADO;N;M;MENTA;OREGANO;RUDA;C;BARROS ARANA  49;19;338402;6302953;SANTIAGO;RENCA;U;METROPOLITANA;0,2;6422361;;;
METROPOLITANA;;;O;;50;25-07-2007;JARDIN LOS LEONES;JOSE MANUEL;GALINDO;SALCEDO;M;AZALEA;LIQUIDAMBAR;CAMELIA. ABEDUL. ARRAYAN;C;HERNANDO DE MAGALLANES 272;19;355251;6302166;SANTIAGO;LAS CONDES;U;METROPOLITANA;0,2;2293694;;;
METROPOLITANA;;;O;;51;17-04-2007;LAS GARDENIAS;LAURA ROSA;FERNANDEZ;CABELLO;F;ACER JAPONICO;GINKO BILOVA;NANDINA . CRATEUS . PITOSPORO T;C;PARC. 1 9 LOTE 4 CENTRAL LO VARGAS;19;327239;6317046;CHACABUCO;LAMPA;R;METROPOLITANA;0,4;8421484;;;
METROPOLITANA;;;O;;52;19-07-2007;JARDIN CARRASCAL;ESTEBAN;CASTRO;;M;QUILLAY;PEUMO;AROMO.BRACHICHITON;C;CARRASCAL 4273;19;342798;6300656;SANTIAGO;QUINTA NORMAL;U;METROPOLITANA;0,15;7732332;;;
METROPOLITANA;;;O;;53;24-07-2007;JARDIN ESPAÑOL;FRESIA;PALMA;LOPEZ;M;AZALEA;RODODENDRO;VIOLETA DE PERSIA. RUSA;C;AV. SUECIA 3089;19;351211;6297833;SANTIAGO;ÑUÑOA;U;METROPOLITANA;0,12;2252898;;;
METROPOLITANA;;;O;;54;25-07-2007;CRUZEIRO;FRANCISCO ;CORTES;PLAZAOLA;M;ORQUIDEA;COPIHUE;HELECHO;C;H. DE MAGALLANES Nº 505;19;355130;6301950;SANTIAGO;LAS CONDES;U;METROPOLITANA;0,02;2297433;;;
METROPOLITANA;;;O;;55;11-07-2006;CAMINO DEL SOL;HERNAN ROJAS ;ROJAS;URTILLA;M;PALMA CHILENA;SAUCE CRESPO;BRACHICHITON, PEUMO. NANDINA;C;CAMINO SANTA ROSA 100;19;337122;6317185;CHACABUCO;LAMPA;R;METROPOLITANA;0,2;7453240;;;
METROPOLITANA;;;O;;56;20-07-2007;LOS LAURELES;ALEJANDRO;PEREZ;SILVA;M;COLEUS;TOMATE CHERRY;GAZANIA. RUDA;C;GRAL. VELASQUEZ Nº 1268;19;340275;6302489;SANTIAGO;RENCA;U;METROPOLITANA;0,6;6467304;;;
METROPOLITANA;Ft;;O;;58;25-07-2007;VIVERO  LAGO RIÑIHUE;VIVEROS IGNACIA DE LEYDA LTDA;VIVEROS IGNACIA DE LEYDA LTDA;VIVEROS IGNACIA DE LEYDA LTDA;PJ;AZALEA;RODODENDRO;BOJ. CAMELIA;C;FRANCISCO BULNES CORREA 699;19;359643;6326994;SANTIAGO;LAS CONDES;U;METROPOLITANA;0,18;2145438;;VIVERO@LAGORINIHUE.CL;
METROPOLITANA;;;O;;59;22-05-2007;LOS GLADIOLOS;CARLOS ;PIZZARRO;;M;HORTENSIA;LIQUIDAMBAR;TULIPERO. COLEUS;C;PARCELA  1 B ANTUPIREN 10001;19;357617;6294094;SANTIAGO;PEÑALOLEN;R;METROPOLITANA;0,2;;;;
METROPOLITANA;;;O;;60;22-05-2006;SANTA ROSA;MANUEL ;POZO;;M;AGAPANTO;HORTENSIA;LAVANDA. JAZMIN DEL CABO;C;AV. PADRE HURTADO SUR° 1515-B;19;357088;6300899;SANTIAGO;LAS CONDES;U;METROPOLITANA;0,08;2127818;;JARDIN SANTA ROSA@VTR.NET;
METROPOLITANA;;Fo;O;;63;13-07-2006;PUMAHUIDA;MONICA ;MUSALEN;BENDEX;F;PEUMO;BELLOTO;BOLDO. TAMARUGO. CHAÑAR;C;C. GRAL SN. MARTIN Nº7021;19;342744;6308261;SANTIAGO;HUECHURABA;R;METROPOLITANA;5;6236588;;;
METROPOLITANA;Ft;Fo;O;;64;01-01-2005;VITALES;YOLANDA ;CORREA ;ZAMORA;F;CAMELIA;LIGUSTRINA;CRATEGUS . ARALIA . HIBISCO;C;MONUMENTO 2662;19;336781;6291894;SANTIAGO;MAIPU;U;METROPOLITANA;0.03 ;7669285;;;
METROPOLITANA;Ft;;O;;67;01-05-2006;WE ALIWEN;PARQUE METROPOLITANO DE SANTIAGO;PARQUE METROPOLITANO DE SANTIAGO;PARQUE METROPOLITANO DE SANTIAGO;PJ;BOLLEN;QUILLAY;PALMERA WASHINGTONIA;A;AVDA. LA PIRAMIDE 6000;19;350628;6306279;SANTIAGO;HUECHURABA;U;METROPOLITANA;1,5;6268673;;;
METROPOLITANA;Ft;;O;;68;19-05-2006;SAN MIGUEL;ELENA ;VIAL;GREZ;F;EUCALYPTUS;CASUARINA;ACACIA CAPENSE. PEUMO. CRESPON;C;FDO. SAN MIGUEL;19;341897;6324314;CHACABUCO;COLINA;R;METROPOLITANA;0,8;8441566;;;
METROPOLITANA;;Fo;O;;69;10(12/2006;VIVERO PARQUE O`HIGGINS;MUNICIPALIDAD DE SANTIAGO;MUNICIPALIDAD DE SANTIAGO;MUNICIPALIDAD DE SANTIAGO;PJ;MAGNOLIO;YINKO;LIQUIDAMBAR;A;PARQUE O'HIGGINS;19;345552;6296014;SANTIAGO;SANTIAGO;U;METROPOLITANA;0,4;6259124;;;
METROPOLITANA;;Fo;O;;72;31-07-2007;JARDIN CALIFORNIA;ALFREDO ;FARIAS;CIFUENTES;M;COPO DE NIEVE;ABUTILON;BAMBU. STENOCARPUS;C;EL AGUILUCHO 3278;19;351517;6298488;SANTIAGO;PROVIDENCIA;U;METROPOLITANA;0,15;2231934;;;
METROPOLITANA;Ft;;O;;74;11-03-2006;SANTA SANGRE;MANUEL A. ;MALDONADO ;GATICA;M;LIGUSTRINA;MIOSPORO;CRATEGUS;C;PARCELA 16 LOTE N° 4;19;321556;6324249;CHACABUCO;LAMPA;R;METROPOLITANA;0,3;8423001;;;
METROPOLITANA;;;O;;78;18-08-2006;EL PARAISO   ;ENRIQUE ;ARELLANO;;M;STENOCARPUS;DRACENA;LIQUIDAMBAR;C;ANTUPIREN  10001 , P.1B ;19;358122;6293742;SANTIAGO;PEÑALOLEN;R;METROPOLITANA;1,5;5511665;;;
METROPOLITANA;;;O;;480;25-09-2006;LOS ABEDULES;SIGRIID ;KUPFER;JOHANNSEN;F;CAMELIA;FUCSIA;VIOLETA DE PERSIA;A;ONOFRE JARPA 10428  246.C;19;358525;6299472;SANTIAGO;LA REINA;U;METROPOLITANA;0.05 ;3770023;;;
METROPOLITANA;;;O;;529;25-10-2006;VIVERO CAMPO VERDE;GONZALO ;FLORES;GUERRA;M;LIQUIDAMBAR;DRACENA;LAURENTINA.VIBURNUM;C;ANTUPIREN 9711;19;357808;6294162;SANTIAGO;PEÑALOLEN;U;METROPOLITANA;1;;;;
METROPOLITANA;;;O;;552;11-05-2007;JARDIN VIVERO LA ESTRELLA;FLORENCIO ;PIZARRO;;M;STENOCARPUS;LAURENTINA;NANDINA. PITOSPORO M.;C;EL ALBA   III  PARCELA 46;19;344813;6315827;CHACABUCO;COLINA;R;METROPOLITANA;1;7388218;;;
METROPOLITANA;;;O;;554;11-05-2007;LOS ROSALES DE LOS DOMINICOS;AGRIC.CARLOS BOTTI  LTDA.;AGRIC.CARLOS BOTTI  LTDA.;AGRIC. CARLOS BOTTI  LTDA.;PJ;CAMELIA;RODODENDRO;AZALEA. ROSA;C;AV. EL ALGARROBO 1474-A;19;357549;6303452;SANTIAGO;LAS CONDES;U;METROPOLITANA;0,25;8915892;;;
METROPOLITANA;;;O;;555;14-05-2007;JARDIN LAS VEGAS;CARMEN ;MONSALVE;M;F;AGAPANTO;AMEROCALIS;JACARANDA. PAQHERET;C;CAMINO CHICUREO KM 3 PARCELA 2A;19;344380;6316095;CHACABUCO;COLINA;R;METROPOLITANA;0,15;;;;
METROPOLITANA;;;O;;567;20-08-2007;EL ESFUERZO;RAMON  GUERRA P. Y OTRO;RAMON GUERRA P. Y OTRO;RAMON GUERRA P. Y OTRO;PJ;PITOSPORO N.;ACER JAPONICO;LIQUIDAMBAR.AZALEA.VIBURNUM;C;CARLOS OSANDON 37;19;356522;6297787;SANTIAGO;LA REINA;U;METROPOLITANA;0.15 ;2735490;;;
METROPOLITANA;;;O;;573;31-08-2007;EL AROMO;MARIA ;ZUÑIGA;LOYOLA;F;RUDA;MENTA;MATICO. TORONJIL;C;ECUADOR 1475;19;338233;6302551;SANTIAGO;RENCA;U;METROPOLITANA;0,07;;;;
METROPOLITANA;;;O;;576;31-08-2007;EL PARAISO;MIGUEL ANGEL ;PARADA;;M;RAYITO DE SOL;MENTA;ARALIA;C;ARTURO PRAT 5844;19;339236;6302299;SANTIAGO;RENCA;U;METROPOLITANA;0,012;7671118;;;
METROPOLITANA;;;O;;580;05-10-2007;FELIPE VIAL ;FELIPE ;VIAL;;M;BOJ;LIQUIDAMBAR;PITOSPORO.LAUREL,DAFNE;C;AGUAL DEL PALO S/N;19;352667;6305881;SANTIAGO;VITACURA;U;METROPOLITANA;0,15;2427427;;;
METROPOLITANA;;;O;;582;05-10-2007;JARDIN AGAPANTO;ROSA ;RIVAS ;MILLAN;F;LIQUIDAMBAR;CAMELIA;ROBLE,CANELO;C;ANTUPIREN 9610;19;357548;6294100;SANTIAGO;PEÑALOLEN;R;METROPOLITANA;0,3;2924641;;;
METROPOLITANA;;;O;;583;10-10-2007;JARDIN RIO CLARO;JOSE ;GUERRA;DIAZ;M;PITOSPORO N.;LAURENTINA;STENOCARPUS;C;RIO CLARO 1505;19;357495;6295104;SANTIAGO;PEÑALOLEN;U;METROPOLITANA;0,1;;;;
METROPOLITANA;;;O;;584;10-10-2007;JARDIN PEÑUELA;PEDRO ;ROJAS;ROJAS;M;QUILLAY;HORTENSIA;PATAGUA.CANELO;C;RIO CLARO 1299;19;357765;6295178;SANTIAGO;PEÑALOLEN;U;METROPOLITANA;0,1;8804530;;;
METROPOLITANA;Ft;Fo;O;V;618;13-08-2009;QUILAGRO;MARTIN ;QUILAQUEO;NUÑEZ;M;LIQUIDAMBAR;BOJ;ROSA. LAURENTINA. PAQUERET;C;PARCELA 11 - LIRAY;19;339192;6320175;CHACABUCO;COLINA;R;METROPOLITANA;0,1;7451396;;QUILAGROMS@YAHOO.COM;
METROPOLITANA;;Fo;;;658;17-12-2009;VIVERO LAS TORTOLAS;ANGLO AMERICAN SUR S.A;ANGLO AMERICAN SUR S.A.;ANGLO AMERICAN SUR  S.A.;PJ;QUILLAY;ESPINO;MAITEN.TRALHUEN;A;RUTA CH-47 KM 40;19;346066;6329975;CHACABUCO;COLINA;R;METROPOLITANA;0,04;2306000;;VREYES@RFV.CL;
METROPOLITANA;;;O;;661;18-01-2010;VIVERO LO ARCAYA;OSCAR ;VALDES ;ZAMMI;M;ARRAYAN;PRIMULA;OREJA DE OSO;C;LO ARCAYA LOTE G1 Y G2;19;342209;6319822;CHACABUCO;COLINA;R;METROPOLITANA;0,75;;;OSCARVALSSOS@YAHOO.ES;
METROPOLITANA;;;O;;675;03-06-2010;CACTUSITOR;HECTOR ;MORA;GONZALEZ;M;CACTÁCEAS;ALOE VERA;ASTRO FITUM. HAMOERTHIA;C;EL NAVEGANTE 552;19;340344;6291306;SANTIAGO;CERRILLOS;U;METROPOLITANA;0,01;7234752;;ITORBLESS@GMAIL.COM;
METROPOLITANA;;;O;;685;03-08-2010;VIVERO CATALINARIA;ASESORIA INVERSIONES CATALINARIA LTDA.;ASESORIA INVERSIONES CATALINARIA LTDA.;ASESORIA INVERSIONES CATALINARIA LTDA.;PJ;PALMA CHILENA;PEUMO;BOLDO.ARRAYAN;C;ESCULTURA REBECA MATTE 249C;19;357808;6298926;SANTIAGO;LA REINA;U;METROPOLITANA;0,2;;;;
METROPOLITANA;Ft;;;;689;18-10-2010;AGRO OLIVO;JUAN;RODRIGUEZ ;MANTEROLA;M;NOGAL;;;C;CHACRA EL OLIVO S/N;19;335670;6295268;SANTIAGO;MAIPU;R;METROPOLITANA;0,7;7485005;;AGROLIVO@GMAIL.COM;
METROPOLITANA;;;O;;693;04-02-2011;MONDE POSEIDON(CACTUS MAIPU);ALDO PATRICIO ;SALAZAR;ROBLES;M;CACTUS;FLOR DE LOTO;JACINTO , PAPIRO;C;MONUMENTO 2662, SITIO D;19;336781;6291894;SANTIAGO;MAIPU;U;METROPOLITANA;0,009;7669285;;CUERVO399@HOTMAIL.COM;
METROPOLITANA;;;O;;699;30-03-2011;AGRICOLA DECOTERRA LTDA;AGRICOLA  DECOTERRA LTDA;AGRICOLA DECOTERRA LTDA;AGRICOLA DECOTERRA LTDA;PJ;ROBLE;ARRAYAN;ULMO. COIHUE. RAULI;C;VALENZUELA PUELMA 9500 PARQ.INTERCOM;19;357836;6298185;SANTIAGO;LAS CONDES;U;METROPOLITANA;3;;;;
METROPOLITANA;;;O;;700;12-04-2011;VIVERO Y JARDIN JUANITA;JUANA  JANET;JACOB;KOKALY;F;CACTUS;SUCULENTAS;;C;LAS TRANQUERAS 242;19;355370;6303443;SANTIAGO;LAS CONDES;U;METROPOLITANA;0,01;7934081;;JJK555@HOTMAIL.CL;
METROPOLITANA;;;O;;723;13-09-2011;CERCO DE ARTAJONA;PATRICIA ;ARMENDARIZ;SILVA;F;SIN PLANTAS;;;C;CAMINO ALTO NOVICIADO PARCELA 55 B;19;324785;6303295;SANTIAGO;PUDAHUEL;R;METROPOLITANA;0,5;;;ARMENDARIZS@GMAIL.COM;
METROPOLITANA;Ft;;;V;727;03-10-2011;UNIVIVEROS MAIPU;SOC. AGRIC.UNIAGRICOPIAPO LTDA.;SOC. AGRIC UNIAGRICOPIAPO LTDA;SOC. AGRIC UNIAGRICOPIAPO LTDA;PJ;MANZANO;PERAL;VID. NOGAL. GRANADA..CIRUELO;C;FUNDO SAN FRANCISCO S/N RINCONADA;19;328659;6290027;SANTIAGO;MAIPU;R;METROPOLITANA;82;8241340;;rchalhub@univiveros.cl;
METROPOLITANA;;;O;;728;03-10-2011;VIVERO LAS ROSAS;IRENE ;CABELLO;CASANOVA;F;PITOSPORO T.;LAUREL DE FLOR;LAURENTINA. RODODENDRO;C;SANTA CAROLINA PARCELA 10;19;332531;6322592;CHACABUCO;LAMPA;R;METROPOLITANA;0,1;8432538;;IREAGRO@HOTMAIL.CL;
METROPOLITANA;;;O;;755;13-04-2012;VIVERO YUYITO;LUIS A.;VENEGAS;VENEGAS;M;OPUNTIA;MAMILAREA;CACTACEA.SUCULENTA;C;GUARDAMARINA RIQUELME 455;19;338972;6306373;SANTIAGO;QUILICURA;U;METROPOLITANA;0,007;6034841;;;
METROPOLITANA;Ft;;O;;780;13-09-2012;LAB. ARBOLES DE CHILE LTDA;AGR. ARBOLES DE CHILE LTDA;AGR. ARBOLES DE CHILE LTDA;AGR. ARBOLES DE CHILE LTDA ;PJ;ARÁNDANO;;;C;JULIO ZEGERS 4203 D. 105 B;19;352499;6297526;SANTIAGO;ÑUÑOA;U;METROPOLITANA;;;;;
METROPOLITANA;;;O;;36;11-10-2006;LOS PALTOS;ENRIQUE ;ALVARADO ;NIETO;M;;;;C;ARTURO PRAT 5780;19;338793;6302549;SANTIAGO;RENCA;U;METROPOLITANA;;;;;
METROPOLITANA;;;O;;815;27-08-2013;NUCLEO PAISAJISMO;NUCLEO PAISAJISMO S.A.;;;PJ;LIQUIDAMBAR;QUILLAY TULIPERO;;C;CAM VIEJO A COQUIMBO LOTE 5,6,7;19;339348;6314967;CHACABUCO;COLINA;R;METROPOLITANA;1,5;24425600;;;
METROPOLITANA;;;O;;828;13-11-2013;VIVERO CRATEUS;DANIELA ;R0MERO;VELASQUEZ;F;CRATEUS;;;C;PARCELA Nº 1 LA COPA;19;339240;6321701;CHACABUCO;COLINA;R;METROPOLITANA;O,1;87061696;;;
METROPOLITANA;;;O;;834;12-12-2013;JARDIN VIVERO TENCO PAISAJISMO JARDIN VIVERO TENCO PAISAJISMO LTDA;JARDIN VIVERO TENCO PAISAJISMO;;;PJ;HUILMO;NANDINA               ;PAQUERETTE;C;PARCELA 39-B SITIO 1 HACIENDA LAMPA;19;326890;6313918;CHACABUCO;LAMPA;R;METROPOLITANA;0,4;94894536;;;
METROPOLITANA;;;O;;870;18-11-2014;VIVERO SAN VICENTE;GUIDO ;ALBARRAN;NUÑEZ;M;VERONICA;LAUREL DE FLOR;;C;PARCELA 75, LOTE A-10;19;328646;6312978;CHACABUCO;LAMPA;U;METROPOLITANA;0,2;68985749;;G.ALEXISALBA@HOTMAIL.COM;
METROPOLITANA;;Fo;O;;857;07-08-2014;JARDIN BOTANICO EL CHAGUAL;CORPORACION JARDIN BOTANICO CHAGUAL;;;PJ;ESPECIES NATIVAS;;;A;COMODORO ARTURO MERINO B #3020;19;350622;6302431;SANTIAGO;VITACURA;U;METROPOLITANA;2;9-2507489;;CONTACTO@JARDINBOTANICOCHAGUAL.CL;
METROPOLITANA;;;O;;853;30-06-2014;VILLASECA Y VILLASECA;MARCELO;VILLASECA;CONTRERAS;M;HIEDRA;ACER;HORTENSIA;C;CONDOMINIO MAHUIDA;19;339846;6320865;;;R;METROPOLITANA;0.1;9-2228410;;CHILEMALE@YAHOO.COM;
METROPOLITANA;;;O;;638;19-03-2009;EL RINCON DEL NANO;FERNANDO;REMIREZ;CABEZAS;M;PENSAMIENTO;OREJA DE OSO;RUDA;C;CARMELA CARVAJAL 1723-A;19;338724;6302701;SANTIAGO;RENCA;U;METROPOLITANA;;27670862;;FERA.1962@HOTMAIL.COM;
METROPOLITANA;;;O;;572;;LIRAYEN;MANUEL;CARRASCO;;M;ROSAL;CANELO;;C;ESMERALDA 1452;19;338560;6302691;SANTIAGO;RENCA;U;METROPOLITANA;;5934917;;;
METROPOLITANA;;;O;;575;01-01-2007;LA ROSITA;CARLOS ;ALVARADO;NIETO;M;RUDA;FICUS;GOMERO;C;A. PRAT 5800;19;338834;6302429;SANTIAGO;RENCA;U;METROPOLITANA;;99109154;;;
;;;;;;;;;;;;;;;;;;;;;;;;;;;;
;;;;;;;;;;;;;;;;;;;;;;;;;;;;
;;;;;;;;;;;;;;;;;;;;;;;;;;;;
;;;;;;;;;;;;;;;;;;;;;;;;;;;;
;;;;;;;;;;;;;;;;;;;;;;;;;;;;
;;;;;;;;;;;;;;;;;;;;;;;;;;;;
;;;;;;;;;;;;;;;;;;;;;;;;;;;;
;;;;;;;;;;;;;;;;;;;;;;;;;;;;
;;;;;;;;;;;;;;;;;;;;;;;;;;;;
;;;;;;;;;;;;;;;;;;;;;;;;;;;;
;;;;;;;;;;;;;;;;;;;;;;;;;;;;
;;;;;;;;;;;;;;;;;;;;;;;;;;;;
;;;;;;;;;;;;;;;;;;;;;;;;;;;;
;;;;;;;;;;;;;;;;;;;;;;;;;;;;
